True_Label,Predicted_Label,Probability,Is_Correct,Risk_Level
1,1,0.9531855,True,High
1,1,0.99068004,True,High
0,0,0.003835157,True,Low
1,1,0.9968881,True,High
1,1,0.9962829,True,High
0,1,0.74050593,False,High
1,1,0.9990753,True,High
0,0,0.013864418,True,Low
0,0,0.02846952,True,Low
0,0,0.09992966,True,Low
1,1,0.9995852,True,High
1,1,0.9947371,True,High
0,0,0.09357605,True,Low
1,1,0.99330705,True,High
0,0,0.121965066,True,Low
0,0,0.003552656,True,Low
0,0,0.017032364,True,Low
1,1,0.99822134,True,High
1,1,0.9955794,True,High
0,0,0.015639912,True,Low
1,1,0.99960953,True,High
1,1,0.9997397,True,High
0,0,0.027954599,True,Low
1,1,0.99823976,True,High
0,0,0.020450508,True,Low
0,0,0.082380995,True,Low
1,1,0.96598554,True,High
1,1,0.9979912,True,High
1,1,0.9942932,True,High
0,0,0.036329392,True,Low
1,1,0.9869719,True,High
0,0,0.02218172,True,Low
1,1,0.9978053,True,High
1,1,0.9994741,True,High
1,1,0.9975993,True,High
0,0,0.07697102,True,Low
0,0,0.036242682,True,Low
0,0,0.04296499,True,Low
1,1,0.9995628,True,High
0,0,0.008879602,True,Low
0,0,0.059677027,True,Low
0,0,0.37518337,True,Medium
1,1,0.9921205,True,High
1,1,0.99918157,True,High
1,1,0.6975991,True,Medium
0,0,0.08821551,True,Low
1,1,0.99942434,True,High
1,1,0.9876095,True,High
1,1,0.9910942,True,High
1,1,0.99255604,True,High
1,1,0.99902534,True,High
1,1,0.9894657,True,High
1,1,0.98009515,True,High
1,1,0.99948114,True,High
1,1,0.99849737,True,High
0,0,0.01156712,True,Low
0,0,0.019927345,True,Low
1,1,0.9927084,True,High
1,1,0.9960218,True,High
0,0,0.024323417,True,Low
1,1,0.70835453,True,High
1,1,0.99951315,True,High
0,0,0.05174617,True,Low
1,1,0.84019214,True,High
1,1,0.98821414,True,High
0,0,0.015758721,True,Low
0,0,0.06627827,True,Low
0,0,0.012015216,True,Low
1,1,0.99579406,True,High
0,0,0.014963572,True,Low
0,0,0.021866918,True,Low
0,0,0.054582074,True,Low
0,0,0.04516107,True,Low
1,1,0.9494134,True,High
0,0,0.050477155,True,Low
1,1,0.8826302,True,High
1,0,0.35075626,False,Medium
0,0,0.061793275,True,Low
1,1,0.9931579,True,High
1,0,0.4508971,False,Medium
0,0,0.0057146274,True,Low
1,1,0.9931248,True,High
0,0,0.051230915,True,Low
1,1,0.95668846,True,High
1,1,0.99992526,True,High
0,0,0.01859458,True,Low
0,0,0.03944169,True,Low
1,1,0.9960056,True,High
1,1,0.9961274,True,High
0,0,0.00998087,True,Low
1,1,0.989916,True,High
1,1,0.98586166,True,High
1,1,0.8863953,True,High
1,1,0.99542904,True,High
1,1,0.9998431,True,High
1,1,0.7856692,True,High
1,1,0.99933016,True,High
0,0,0.027544757,True,Low
1,1,0.9957202,True,High
1,0,0.17531762,False,Low
1,1,0.9152016,True,High
1,1,0.9756992,True,High
0,0,0.011073273,True,Low
1,1,0.99647945,True,High
1,1,0.9920481,True,High
1,1,0.9849998,True,High
1,1,0.99819106,True,High
1,1,0.94583553,True,High
1,1,0.9923993,True,High
0,0,0.0046768123,True,Low
1,1,0.9795226,True,High
0,0,0.026195334,True,Low
1,1,0.9930641,True,High
1,1,0.9993293,True,High
1,0,0.48975325,False,Medium
0,0,0.05844761,True,Low
1,1,0.99989164,True,High
0,0,0.041238096,True,Low
0,0,0.018595468,True,Low
0,1,0.8566939,False,High
0,0,0.059840146,True,Low
1,1,0.9998878,True,High
0,1,0.5699668,False,Medium
1,1,0.9986564,True,High
0,0,0.02603909,True,Low
1,1,0.6807997,True,Medium
1,1,0.99982566,True,High
1,1,0.99905604,True,High
0,0,0.028030364,True,Low
1,1,0.8569085,True,High
1,1,0.83149165,True,High
0,0,0.14330493,True,Low
1,1,0.90839636,True,High
0,0,0.016989307,True,Low
1,1,0.97006464,True,High
1,1,0.9780977,True,High
1,1,0.99292207,True,High
1,1,0.99994314,True,High
0,0,0.013333483,True,Low
1,1,0.9976108,True,High
1,1,0.99974257,True,High
1,1,0.9911618,True,High
1,1,0.99949896,True,High
0,0,0.044354826,True,Low
0,0,0.005834512,True,Low
1,1,0.9987154,True,High
0,0,0.08525337,True,Low
0,0,0.036586396,True,Low
0,0,0.4533767,True,Medium
1,1,0.933117,True,High
0,0,0.040065218,True,Low
0,0,0.044897456,True,Low
0,0,0.033733353,True,Low
1,1,0.8632805,True,High
0,0,0.065084085,True,Low
0,0,0.06211723,True,Low
1,1,0.9989839,True,High
1,1,0.97345835,True,High
1,1,0.9943599,True,High
1,1,0.9942351,True,High
0,0,0.08850661,True,Low
0,0,0.03886937,True,Low
0,0,0.023368228,True,Low
0,0,0.40791675,True,Medium
0,0,0.016300673,True,Low
1,1,0.53419477,True,Medium
0,0,0.017210776,True,Low
1,1,0.99943596,True,High
1,1,0.97053325,True,High
0,0,0.028918207,True,Low
0,0,0.021273255,True,Low
1,1,0.97244734,True,High
1,1,0.97961134,True,High
0,0,0.0056704455,True,Low
1,1,0.9904434,True,High
1,1,0.92338485,True,High
1,1,0.9794006,True,High
1,1,0.99485415,True,High
0,0,0.047175307,True,Low
1,0,0.051597025,False,Low
1,1,0.98433775,True,High
0,0,0.07263913,True,Low
0,0,0.06931802,True,Low
1,1,0.9996985,True,High
1,1,0.99844944,True,High
0,0,0.080634,True,Low
0,0,0.11811845,True,Low
0,0,0.043190505,True,Low
1,1,0.99701935,True,High
1,1,0.96756035,True,High
1,1,0.9960706,True,High
0,0,0.019768659,True,Low
0,0,0.05080205,True,Low
0,0,0.017127521,True,Low
1,1,0.9998092,True,High
1,1,0.99088156,True,High
0,0,0.078021035,True,Low
0,0,0.024761965,True,Low
0,0,0.010800252,True,Low
1,1,0.99367964,True,High
0,0,0.01748839,True,Low
0,0,0.033227786,True,Low
0,0,0.030266598,True,Low
0,0,0.058589846,True,Low
1,1,0.9864138,True,High
0,0,0.1036374,True,Low
1,1,0.9833296,True,High
1,1,0.9200954,True,High
1,1,0.99905246,True,High
0,0,0.020884912,True,Low
1,1,0.9471823,True,High
0,0,0.07681832,True,Low
1,1,0.99336445,True,High
1,1,0.9997738,True,High
1,1,0.9997234,True,High
0,0,0.019696414,True,Low
1,1,0.9995147,True,High
0,0,0.016870828,True,Low
1,1,0.72874945,True,High
1,1,0.9998128,True,High
1,1,0.98923177,True,High
1,1,0.91045684,True,High
1,1,0.9991479,True,High
1,1,0.99823207,True,High
0,0,0.041992575,True,Low
1,1,0.8882896,True,High
1,1,0.9973552,True,High
1,1,0.91910785,True,High
0,0,0.23914108,True,Low
0,0,0.06269925,True,Low
1,1,0.96533114,True,High
0,0,0.008427549,True,Low
1,1,0.98933905,True,High
0,0,0.0709921,True,Low
1,1,0.91235995,True,High
1,1,0.98440474,True,High
0,0,0.06627362,True,Low
1,1,0.99895775,True,High
1,1,0.9900607,True,High
0,0,0.022126852,True,Low
1,1,0.8356509,True,High
0,0,0.24783075,True,Low
0,0,0.016249577,True,Low
1,1,0.99625224,True,High
1,1,0.939189,True,High
1,1,0.99904555,True,High
0,1,0.87014645,False,High
0,0,0.08608677,True,Low
1,1,0.9995956,True,High
1,1,0.9974764,True,High
0,0,0.042656068,True,Low
1,1,0.99972564,True,High
0,0,0.020003978,True,Low
1,1,0.99915195,True,High
1,1,0.789391,True,High
0,0,0.07472198,True,Low
1,1,0.98927957,True,High
1,0,0.15048358,False,Low
1,1,0.99701285,True,High
1,1,0.9123293,True,High
1,1,0.99617034,True,High
0,0,0.27705368,True,Low
1,1,0.9776488,True,High
1,1,0.97439927,True,High
1,1,0.9082637,True,High
1,1,0.9325254,True,High
1,1,0.99988556,True,High
1,1,0.9463825,True,High
0,0,0.056216396,True,Low
0,0,0.03927027,True,Low
0,0,0.04518637,True,Low
1,1,0.9908302,True,High
1,1,0.999428,True,High
1,0,0.0056279134,False,Low
1,1,0.9995426,True,High
0,0,0.10034182,True,Low
0,0,0.4143173,True,Medium
0,0,0.015467865,True,Low
1,1,0.99872667,True,High
1,1,0.98759985,True,High
0,0,0.03242185,True,Low
1,1,0.98112303,True,High
0,0,0.041491687,True,Low
0,0,0.1765484,True,Low
0,0,0.029190917,True,Low
1,1,0.9904225,True,High
0,0,0.055576038,True,Low
0,0,0.04290909,True,Low
0,0,0.05525161,True,Low
0,0,0.105283976,True,Low
1,1,0.9989936,True,High
1,1,0.97628504,True,High
0,0,0.073143385,True,Low
1,1,0.9982009,True,High
0,0,0.043326758,True,Low
0,0,0.037347652,True,Low
0,0,0.34060997,True,Medium
0,0,0.033873163,True,Low
1,1,0.99955827,True,High
0,0,0.021780485,True,Low
0,0,0.026530476,True,Low
1,1,0.9983729,True,High
1,1,0.97080797,True,High
1,1,0.9988656,True,High
0,0,0.015391298,True,Low
1,1,0.9854836,True,High
0,0,0.09328719,True,Low
0,1,0.53554374,False,Medium
0,0,0.04792671,True,Low
1,1,0.996445,True,High
0,0,0.029941233,True,Low
1,1,0.8920185,True,High
1,1,0.99759334,True,High
1,1,0.9876922,True,High
1,1,0.9994566,True,High
0,0,0.031505637,True,Low
1,1,0.98664385,True,High
0,0,0.05498445,True,Low
1,1,0.99135077,True,High
1,1,0.99215734,True,High
1,1,0.9134744,True,High
1,1,0.9955493,True,High
1,1,0.97789484,True,High
0,0,0.1769566,True,Low
0,0,0.13031462,True,Low
1,1,0.9902238,True,High
1,1,0.9991635,True,High
1,1,0.9789435,True,High
1,1,0.8587735,True,High
1,1,0.9992079,True,High
0,0,0.20418155,True,Low
0,0,0.049326163,True,Low
1,1,0.98065495,True,High
0,0,0.29911438,True,Low
1,1,0.9941858,True,High
1,1,0.92982686,True,High
1,1,0.94240385,True,High
1,1,0.84640867,True,High
0,0,0.024351195,True,Low
1,1,0.97995526,True,High
1,1,0.9989274,True,High
1,1,0.9227543,True,High
0,0,0.024362551,True,Low
0,0,0.064347364,True,Low
0,0,0.11940298,True,Low
1,1,0.9998405,True,High
1,1,0.9926864,True,High
1,1,0.76390404,True,High
0,1,0.7029678,False,High
1,1,0.99451053,True,High
1,1,0.993171,True,High
0,0,0.060328234,True,Low
0,0,0.21332335,True,Low
1,1,0.99570847,True,High
1,1,0.9971016,True,High
0,0,0.07423522,True,Low
0,0,0.054045744,True,Low
1,1,0.91910815,True,High
1,1,0.9686294,True,High
1,1,0.9999151,True,High
1,1,0.9415236,True,High
1,1,0.9990086,True,High
1,1,0.9999386,True,High
1,1,0.7707404,True,High
1,1,0.98934424,True,High
0,1,0.97981185,False,High
0,0,0.034823664,True,Low
1,1,0.9609153,True,High
1,1,0.9958455,True,High
0,0,0.066898234,True,Low
1,1,0.9997836,True,High
1,1,0.97993875,True,High
1,1,0.9997737,True,High
0,1,0.5980621,False,Medium
1,1,0.9867465,True,High
1,1,0.978777,True,High
1,1,0.9993001,True,High
1,1,0.995574,True,High
1,1,0.9995104,True,High
1,1,0.86171424,True,High
0,1,0.9214163,False,High
0,0,0.0070434064,True,Low
1,1,0.9334477,True,High
1,1,0.9963133,True,High
0,0,0.029152758,True,Low
1,1,0.973869,True,High
0,0,0.018327013,True,Low
0,0,0.03881411,True,Low
0,1,0.9050177,False,High
0,0,0.037745703,True,Low
0,0,0.09948649,True,Low
0,0,0.057475444,True,Low
0,0,0.029302647,True,Low
1,1,0.9995061,True,High
1,1,0.97856826,True,High
1,1,0.9983058,True,High
0,0,0.052487254,True,Low
0,0,0.05125188,True,Low
1,1,0.99462354,True,High
1,1,0.9974956,True,High
1,1,0.99429363,True,High
1,1,0.9677789,True,High
1,1,0.99954814,True,High
0,0,0.014342819,True,Low
0,0,0.046474744,True,Low
0,0,0.17409736,True,Low
1,1,0.99984837,True,High
0,0,0.039713696,True,Low
1,1,0.99986506,True,High
0,0,0.0652605,True,Low
0,0,0.05452552,True,Low
1,1,0.9995486,True,High
1,1,0.99971217,True,High
0,0,0.012371293,True,Low
0,0,0.013834499,True,Low
1,1,0.9938398,True,High
1,1,0.99991775,True,High
0,0,0.09615546,True,Low
1,1,0.9889791,True,High
1,1,0.98091954,True,High
1,1,0.9649345,True,High
1,1,0.9995696,True,High
1,1,0.99147767,True,High
1,1,0.9999335,True,High
1,1,0.9975662,True,High
1,1,0.9773043,True,High
1,1,0.9984931,True,High
0,0,0.021009283,True,Low
1,1,0.99861157,True,High
1,1,0.9946845,True,High
0,0,0.014534548,True,Low
1,1,0.9213384,True,High
0,0,0.08075065,True,Low
0,0,0.06304132,True,Low
1,1,0.9957913,True,High
0,0,0.01526244,True,Low
1,1,0.9960367,True,High
1,1,0.9911203,True,High
1,1,0.99854773,True,High
1,1,0.9999014,True,High
0,0,0.016204743,True,Low
1,1,0.85758364,True,High
0,0,0.041158855,True,Low
0,0,0.01880226,True,Low
1,1,0.9766594,True,High
1,1,0.9998925,True,High
0,0,0.026310641,True,Low
1,1,0.99952424,True,High
0,0,0.026747892,True,Low
0,0,0.06871079,True,Low
1,1,0.9976197,True,High
1,1,0.9829948,True,High
0,0,0.048245255,True,Low
1,1,0.9981627,True,High
1,1,0.9809022,True,High
1,1,0.99829584,True,High
0,0,0.17063527,True,Low
0,0,0.041832823,True,Low
0,1,0.79471034,False,High
1,0,0.48062757,False,Medium
1,1,0.98811567,True,High
0,0,0.03471292,True,Low
0,0,0.01600558,True,Low
0,0,0.031347685,True,Low
1,1,0.88487583,True,High
1,1,0.99456936,True,High
1,1,0.9989021,True,High
1,1,0.9928703,True,High
0,0,0.039743353,True,Low
0,0,0.013056196,True,Low
0,0,0.059587512,True,Low
0,0,0.060664926,True,Low
0,0,0.0042413794,True,Low
0,1,0.5626652,False,Medium
1,1,0.8044376,True,High
1,1,0.98315305,True,High
0,1,0.8269385,False,High
1,0,0.20360094,False,Low
0,0,0.015085113,True,Low
1,1,0.99433917,True,High
1,1,0.99262166,True,High
1,1,0.99970704,True,High
1,1,0.99164796,True,High
0,0,0.043752387,True,Low
0,0,0.020045316,True,Low
1,1,0.99393207,True,High
1,1,0.96240854,True,High
1,1,0.96119124,True,High
0,0,0.04450271,True,Low
1,1,0.9960812,True,High
1,1,0.8478112,True,High
1,1,0.999778,True,High
1,1,0.99903166,True,High
0,1,0.9804217,False,High
1,1,0.9891662,True,High
0,0,0.006693865,True,Low
1,1,0.8592974,True,High
0,0,0.018529838,True,Low
0,0,0.36664248,True,Medium
0,0,0.04367854,True,Low
0,0,0.04097201,True,Low
0,1,0.9425836,False,High
1,1,0.9287218,True,High
1,1,0.87511843,True,High
1,1,0.9999291,True,High
1,1,0.988225,True,High
1,1,0.9995696,True,High
0,0,0.0568991,True,Low
0,1,0.85729086,False,High
1,1,0.9987826,True,High
1,1,0.9990926,True,High
1,1,0.9986424,True,High
0,0,0.039718967,True,Low
1,1,0.9716329,True,High
0,0,0.09883113,True,Low
1,1,0.9944184,True,High
1,1,0.99991035,True,High
0,0,0.079315744,True,Low
0,0,0.05122922,True,Low
0,0,0.033924825,True,Low
1,1,0.9937556,True,High
1,1,0.9995983,True,High
1,1,0.9990096,True,High
1,1,0.98080325,True,High
0,0,0.09300434,True,Low
0,0,0.010987036,True,Low
0,0,0.009567765,True,Low
1,1,0.9997497,True,High
0,0,0.01789137,True,Low
1,1,0.5076206,True,Medium
0,0,0.039330628,True,Low
1,1,0.9940584,True,High
0,1,0.6417412,False,Medium
1,1,0.961994,True,High
1,1,0.9817895,True,High
1,1,0.9977429,True,High
0,0,0.042758778,True,Low
1,1,0.9613971,True,High
1,1,0.9385064,True,High
0,0,0.047325075,True,Low
1,1,0.9981609,True,High
0,0,0.06461985,True,Low
1,1,0.9945779,True,High
0,0,0.037286796,True,Low
1,1,0.99585515,True,High
0,0,0.08101943,True,Low
1,1,0.9994165,True,High
0,0,0.037810296,True,Low
0,0,0.050087422,True,Low
1,1,0.99856925,True,High
0,0,0.0042413794,True,Low
1,1,0.9995797,True,High
0,0,0.099642605,True,Low
0,0,0.039352838,True,Low
0,0,0.034420256,True,Low
1,1,0.99914324,True,High
0,0,0.08775558,True,Low
0,0,0.04913373,True,Low
0,0,0.077976674,True,Low
0,0,0.040313855,True,Low
1,1,0.99107474,True,High
1,1,0.98894185,True,High
1,1,0.98470867,True,High
0,0,0.030741455,True,Low
1,1,0.99221706,True,High
0,1,0.64758444,False,Medium
1,1,0.99374866,True,High
0,0,0.074218065,True,Low
1,1,0.83000356,True,High
0,0,0.02405417,True,Low
0,0,0.050639957,True,Low
1,1,0.9998529,True,High
1,1,0.8102898,True,High
1,1,0.9944042,True,High
0,0,0.053148553,True,Low
1,0,0.15317641,False,Low
0,0,0.007517982,True,Low
1,1,0.9998192,True,High
1,1,0.98270434,True,High
1,1,0.9286822,True,High
0,0,0.099725336,True,Low
1,1,0.99483514,True,High
0,0,0.009378106,True,Low
1,1,0.99766517,True,High
0,0,0.04576338,True,Low
0,0,0.015879462,True,Low
0,0,0.026282718,True,Low
1,1,0.99820876,True,High
0,1,0.98138106,False,High
0,0,0.040747624,True,Low
1,1,0.99477345,True,High
0,0,0.035789695,True,Low
1,1,0.9608145,True,High
0,0,0.16258769,True,Low
1,1,0.9945721,True,High
0,0,0.09433765,True,Low
0,0,0.22682689,True,Low
0,0,0.08504629,True,Low
1,1,0.8756561,True,High
0,0,0.03506188,True,Low
0,0,0.109224394,True,Low
1,1,0.99935323,True,High
0,0,0.05333583,True,Low
0,0,0.01841153,True,Low
0,0,0.033114083,True,Low
1,1,0.9962218,True,High
1,1,0.89320177,True,High
1,1,0.9990435,True,High
0,0,0.030953119,True,Low
1,1,0.9945475,True,High
0,1,0.78835005,False,High
0,0,0.13699412,True,Low
0,0,0.036785606,True,Low
0,0,0.0540348,True,Low
0,0,0.036989518,True,Low
0,1,0.86867774,False,High
1,1,0.99878424,True,High
0,0,0.39056805,True,Medium
0,0,0.19708723,True,Low
0,0,0.021033797,True,Low
0,0,0.009232756,True,Low
0,0,0.04353712,True,Low
1,1,0.9968419,True,High
0,0,0.03339986,True,Low
1,1,0.99887496,True,High
0,0,0.041008554,True,Low
0,0,0.08323585,True,Low
0,0,0.09518997,True,Low
1,1,0.9360141,True,High
1,1,0.9762803,True,High
1,0,0.044298712,False,Low
1,0,0.06599713,False,Low
1,1,0.99628973,True,High
1,1,0.9919934,True,High
1,1,0.80780554,True,High
1,1,0.9862242,True,High
0,0,0.07094418,True,Low
1,1,0.99982363,True,High
1,1,0.9898621,True,High
1,1,0.99037606,True,High
0,0,0.14237814,True,Low
1,1,0.92660296,True,High
1,1,0.99708325,True,High
1,1,0.8040664,True,High
0,0,0.06538164,True,Low
1,1,0.99251527,True,High
0,0,0.01141264,True,Low
1,1,0.99977154,True,High
1,1,0.7345151,True,High
0,0,0.014007248,True,Low
0,0,0.020531945,True,Low
1,1,0.9511362,True,High
0,0,0.09196178,True,Low
1,1,0.8566192,True,High
0,0,0.012860986,True,Low
1,1,0.9634106,True,High
1,1,0.9998702,True,High
1,1,0.9984952,True,High
0,0,0.10454144,True,Low
1,1,0.95804065,True,High
1,1,0.99362683,True,High
0,0,0.16562307,True,Low
0,0,0.13186865,True,Low
1,1,0.9977324,True,High
1,1,0.96397656,True,High
0,1,0.97690046,False,High
1,1,0.9996675,True,High
1,1,0.99985933,True,High
1,1,0.99539703,True,High
1,1,0.9997105,True,High
1,1,0.9993017,True,High
1,1,0.9968328,True,High
1,1,0.9993449,True,High
0,0,0.042613406,True,Low
1,1,0.998844,True,High
0,0,0.044467017,True,Low
1,0,0.09199374,False,Low
1,1,0.99979156,True,High
1,1,0.99756455,True,High
0,0,0.3406122,True,Medium
1,1,0.99991083,True,High
1,1,0.9998379,True,High
0,0,0.02726293,True,Low
1,1,0.99639505,True,High
1,1,0.9997961,True,High
0,0,0.02041506,True,Low
1,1,0.9773632,True,High
1,1,0.9963069,True,High
1,1,0.9959485,True,High
1,1,0.9977476,True,High
0,0,0.17717646,True,Low
1,1,0.9993895,True,High
0,0,0.25146258,True,Low
0,0,0.0070053437,True,Low
1,1,0.99981207,True,High
1,1,0.99975127,True,High
1,1,0.99151796,True,High
1,1,0.98899186,True,High
0,0,0.121035665,True,Low
0,0,0.3010299,True,Medium
1,1,0.99865204,True,High
1,1,0.99487394,True,High
0,0,0.062583745,True,Low
1,1,0.99286616,True,High
1,1,0.9900591,True,High
1,1,0.9982311,True,High
1,1,0.9992785,True,High
1,1,0.99961156,True,High
0,0,0.0070996713,True,Low
1,1,0.996259,True,High
0,0,0.072477885,True,Low
1,1,0.99803954,True,High
1,1,0.6557716,True,Medium
0,0,0.07089189,True,Low
1,0,0.3566118,False,Medium
1,1,0.9960567,True,High
0,0,0.26984578,True,Low
0,0,0.03349407,True,Low
0,0,0.008335491,True,Low
1,1,0.9917428,True,High
0,0,0.013596462,True,Low
1,1,0.9976738,True,High
1,1,0.99985135,True,High
0,0,0.022598995,True,Low
1,1,0.89053935,True,High
0,0,0.031464275,True,Low
0,0,0.029689832,True,Low
0,0,0.05175065,True,Low
0,0,0.035008665,True,Low
1,1,0.97866803,True,High
1,1,0.9989423,True,High
1,1,0.9571206,True,High
0,0,0.019323008,True,Low
0,0,0.0664604,True,Low
0,1,0.9933936,False,High
0,0,0.03859451,True,Low
1,1,0.9965654,True,High
1,1,0.9948776,True,High
1,1,0.9925558,True,High
0,0,0.07156691,True,Low
0,0,0.015430919,True,Low
1,1,0.983597,True,High
0,0,0.026169231,True,Low
1,1,0.9989409,True,High
1,1,0.9782697,True,High
1,1,0.98916733,True,High
0,0,0.031449452,True,Low
1,1,0.9987931,True,High
1,1,0.99961543,True,High
0,1,0.8451516,False,High
0,0,0.012881974,True,Low
0,0,0.020580428,True,Low
1,1,0.6940314,True,Medium
1,1,0.9739919,True,High
0,0,0.0108057605,True,Low
0,0,0.035198826,True,Low
0,0,0.117425114,True,Low
1,1,0.979708,True,High
1,1,0.9941087,True,High
0,0,0.026524698,True,Low
1,1,0.807935,True,High
0,0,0.07687354,True,Low
0,0,0.028778782,True,Low
0,1,0.78896505,False,High
0,0,0.03186799,True,Low
1,1,0.79702526,True,High
0,0,0.046550207,True,Low
1,1,0.9950121,True,High
0,0,0.022386337,True,Low
0,0,0.07652949,True,Low
1,1,0.99848795,True,High
1,0,0.13615082,False,Low
1,1,0.99978477,True,High
1,1,0.9983064,True,High
0,0,0.052036222,True,Low
0,0,0.04646568,True,Low
1,1,0.97114617,True,High
0,0,0.032863505,True,Low
1,1,0.9739986,True,High
0,0,0.02089465,True,Low
1,1,0.9968546,True,High
1,1,0.99989355,True,High
0,0,0.032698296,True,Low
1,1,0.99472296,True,High
1,1,0.90939736,True,High
0,1,0.8550287,False,High
0,0,0.011017457,True,Low
0,0,0.039636414,True,Low
1,0,0.109060585,False,Low
1,0,0.13677655,False,Low
1,1,0.9998105,True,High
0,0,0.25975206,True,Low
0,0,0.06422527,True,Low
0,0,0.019660715,True,Low
1,1,0.88253236,True,High
0,1,0.96008176,False,High
0,0,0.014950617,True,Low
1,1,0.9996675,True,High
1,1,0.9979978,True,High
0,0,0.054991458,True,Low
0,0,0.020261131,True,Low
0,0,0.030047469,True,Low
1,1,0.98522854,True,High
1,1,0.99509937,True,High
1,1,0.9948413,True,High
0,0,0.060293738,True,Low
0,0,0.095261276,True,Low
0,1,0.9499825,False,High
1,1,0.9935587,True,High
0,0,0.067290716,True,Low
0,0,0.043492727,True,Low
0,0,0.013885334,True,Low
0,0,0.03136948,True,Low
0,0,0.079135895,True,Low
1,1,0.9973617,True,High
1,0,0.07381555,False,Low
1,1,0.9980165,True,High
0,0,0.014688664,True,Low
0,0,0.020153996,True,Low
1,1,0.99970204,True,High
0,0,0.014819976,True,Low
0,0,0.012916868,True,Low
1,0,0.16762598,False,Low
0,0,0.059755396,True,Low
1,1,0.9977055,True,High
0,0,0.02984464,True,Low
0,0,0.015118036,True,Low
0,0,0.111728944,True,Low
0,0,0.07461587,True,Low
1,1,0.97047937,True,High
1,1,0.99940395,True,High
1,1,0.9862374,True,High
1,1,0.94627154,True,High
1,1,0.9940329,True,High
1,1,0.99813485,True,High
0,0,0.06479254,True,Low
1,1,0.9985464,True,High
1,1,0.88129675,True,High
0,0,0.05131292,True,Low
0,0,0.0043706265,True,Low
1,1,0.9986627,True,High
1,1,0.99679536,True,High
1,1,0.9971431,True,High
1,1,0.937674,True,High
1,1,0.93260694,True,High
0,0,0.058452062,True,Low
0,0,0.04329718,True,Low
1,1,0.99446326,True,High
1,1,0.9782501,True,High
1,1,0.9998512,True,High
0,0,0.020403754,True,Low
0,0,0.012628891,True,Low
0,0,0.040664427,True,Low
1,1,0.98650765,True,High
1,1,0.8013529,True,High
0,0,0.045521103,True,Low
1,1,0.8870959,True,High
1,1,0.9980817,True,High
0,0,0.0148276845,True,Low
1,1,0.9957833,True,High
1,1,0.99827695,True,High
0,0,0.09540185,True,Low
1,1,0.9858683,True,High
0,0,0.08869278,True,Low
1,1,0.88779,True,High
1,1,0.99932337,True,High
1,1,0.9712134,True,High
0,0,0.014753711,True,Low
1,1,0.9234796,True,High
1,1,0.98109573,True,High
0,0,0.2248974,True,Low
1,1,0.6831021,True,Medium
0,0,0.050938595,True,Low
0,0,0.020221107,True,Low
1,1,0.99189574,True,High
1,1,0.97945213,True,High
1,1,0.9999169,True,High
1,1,0.8212192,True,High
0,0,0.017933436,True,Low
1,1,0.99255,True,High
1,1,0.8044258,True,High
1,1,0.753795,True,High
1,1,0.99962234,True,High
0,0,0.065985434,True,Low
1,1,0.9990816,True,High
1,1,0.99746263,True,High
1,1,0.9430879,True,High
1,1,0.9978637,True,High
1,1,0.99852103,True,High
0,0,0.15426992,True,Low
0,0,0.024646966,True,Low
0,0,0.024528421,True,Low
1,1,0.9999218,True,High
1,1,0.98640174,True,High
1,1,0.9987103,True,High
0,0,0.047518548,True,Low
0,0,0.23427908,True,Low
0,0,0.05113701,True,Low
1,1,0.99989367,True,High
0,0,0.015710033,True,Low
1,1,0.9950984,True,High
1,1,0.99994004,True,High
0,0,0.01792076,True,Low
0,0,0.17659712,True,Low
0,0,0.03060397,True,Low
1,1,0.999629,True,High
0,0,0.022153424,True,Low
0,0,0.04771824,True,Low
0,0,0.034634754,True,Low
0,0,0.02582396,True,Low
1,1,0.91277575,True,High
0,0,0.0409788,True,Low
0,0,0.022123681,True,Low
1,1,0.9982425,True,High
1,1,0.8159112,True,High
0,0,0.0057141804,True,Low
0,0,0.14270104,True,Low
1,1,0.997771,True,High
0,0,0.07776309,True,Low
0,0,0.3680076,True,Medium
0,0,0.03399075,True,Low
0,0,0.051948134,True,Low
1,1,0.9310015,True,High
1,1,0.99870443,True,High
1,1,0.99396485,True,High
1,1,0.9983032,True,High
1,1,0.695929,True,Medium
1,1,0.9992493,True,High
1,1,0.99875677,True,High
0,0,0.022956531,True,Low
1,0,0.3030694,False,Medium
1,1,0.92778796,True,High
0,0,0.077904455,True,Low
0,0,0.0046896725,True,Low
0,0,0.07266555,True,Low
0,0,0.028519345,True,Low
1,1,0.94823766,True,High
1,1,0.98742896,True,High
1,1,0.5449594,True,Medium
1,1,0.9995252,True,High
1,1,0.92844313,True,High
0,0,0.03538018,True,Low
1,1,0.9999502,True,High
0,0,0.028666116,True,Low
1,1,0.97485274,True,High
1,1,0.9984596,True,High
0,1,0.5816716,False,Medium
1,1,0.9966893,True,High
0,0,0.029407052,True,Low
0,0,0.040199373,True,Low
0,0,0.050327078,True,Low
1,1,0.9965977,True,High
1,1,0.9486836,True,High
0,0,0.06725571,True,Low
0,1,0.91129994,False,High
1,1,0.8143629,True,High
1,1,0.97326565,True,High
0,0,0.017371269,True,Low
1,1,0.53150266,True,Medium
1,1,0.9996542,True,High
1,1,0.9966768,True,High
1,1,0.99972826,True,High
1,1,0.9922666,True,High
0,0,0.022732224,True,Low
1,1,0.9670106,True,High
1,1,0.9987281,True,High
0,0,0.034156397,True,Low
1,1,0.9991122,True,High
1,1,0.99686,True,High
1,1,0.9968635,True,High
0,0,0.021886948,True,Low
0,0,0.012664861,True,Low
1,1,0.9980034,True,High
1,1,0.9999349,True,High
0,0,0.0042413794,True,Low
0,0,0.019743076,True,Low
1,1,0.99970526,True,High
0,0,0.0254121,True,Low
1,1,0.9407591,True,High
1,1,0.97511035,True,High
0,0,0.025556028,True,Low
1,1,0.9721542,True,High
1,1,0.993048,True,High
1,1,0.9818772,True,High
1,0,0.119854406,False,Low
1,1,0.9995524,True,High
1,0,0.020292813,False,Low
0,0,0.17236678,True,Low
1,1,0.99435693,True,High
1,1,0.99720913,True,High
0,0,0.020190392,True,Low
1,0,0.29832873,False,Low
0,0,0.06146483,True,Low
1,1,0.9655768,True,High
1,1,0.9998915,True,High
1,1,0.9523388,True,High
0,0,0.13128382,True,Low
1,1,0.90765464,True,High
1,1,0.8868118,True,High
1,0,0.40718156,False,Medium
0,0,0.048656836,True,Low
1,1,0.99984646,True,High
1,1,0.99970156,True,High
1,1,0.9923787,True,High
0,0,0.0730874,True,Low
0,0,0.19559349,True,Low
0,0,0.12874687,True,Low
0,0,0.030067015,True,Low
0,0,0.056155972,True,Low
1,1,0.9922315,True,High
0,0,0.22551276,True,Low
1,1,0.9838621,True,High
1,1,0.5778324,True,Medium
1,1,0.9119571,True,High
1,0,0.028622009,False,Low
1,1,0.9932742,True,High
1,1,0.99740785,True,High
1,1,0.99992955,True,High
1,1,0.9955592,True,High
1,1,0.9999256,True,High
1,0,0.1272062,False,Low
1,0,0.052331243,False,Low
1,1,0.99808645,True,High
0,0,0.24507369,True,Low
0,0,0.0254832,True,Low
1,1,0.9771144,True,High
1,1,0.9663685,True,High
1,1,0.9983265,True,High
1,1,0.9996605,True,High
1,1,0.99987006,True,High
1,1,0.9983027,True,High
0,1,0.6098094,False,Medium
1,1,0.9985257,True,High
1,1,0.9933049,True,High
0,0,0.03675949,True,Low
0,0,0.01126611,True,Low
1,1,0.9989442,True,High
0,0,0.09204748,True,Low
0,0,0.09385905,True,Low
1,1,0.9994398,True,High
1,1,0.99177563,True,High
1,1,0.999503,True,High
1,1,0.9652169,True,High
1,1,0.99915206,True,High
0,0,0.029343575,True,Low
1,1,0.9875057,True,High
1,1,0.9977538,True,High
1,1,0.9983614,True,High
0,1,0.67408544,False,Medium
0,0,0.02684853,True,Low
1,1,0.931952,True,High
1,1,0.9996815,True,High
1,1,0.9989613,True,High
0,0,0.003764754,True,Low
1,1,0.9968141,True,High
1,1,0.8956246,True,High
1,1,0.99821717,True,High
1,1,0.999944,True,High
1,1,0.9919944,True,High
1,1,0.9960478,True,High
0,0,0.055809524,True,Low
1,1,0.9919326,True,High
1,1,0.9985454,True,High
1,1,0.98298645,True,High
0,0,0.02661786,True,Low
0,0,0.032553427,True,Low
0,0,0.063516244,True,Low
1,1,0.981754,True,High
0,0,0.05113512,True,Low
1,1,0.93789923,True,High
0,0,0.044746812,True,Low
0,0,0.45885414,True,Medium
0,0,0.3362774,True,Medium
1,1,0.95208263,True,High
1,0,0.07791054,False,Low
1,0,0.11375977,False,Low
1,1,0.9868776,True,High
0,0,0.02128533,True,Low
1,1,0.9967366,True,High
1,1,0.99752206,True,High
1,1,0.99483716,True,High
1,1,0.9982315,True,High
1,1,0.9790511,True,High
0,0,0.055661723,True,Low
1,1,0.990078,True,High
0,0,0.055765387,True,Low
1,1,0.8573972,True,High
1,1,0.9880526,True,High
1,1,0.98466843,True,High
0,0,0.10696776,True,Low
0,0,0.0273153,True,Low
1,1,0.9780945,True,High
0,0,0.0917791,True,Low
1,1,0.9979012,True,High
1,1,0.965766,True,High
0,1,0.6645393,False,Medium
1,1,0.98905504,True,High
0,0,0.013402455,True,Low
0,0,0.0069048717,True,Low
1,1,0.79563856,True,High
0,0,0.02644206,True,Low
0,0,0.005818299,True,Low
0,1,0.7662054,False,High
0,0,0.049459297,True,Low
0,0,0.028501369,True,Low
1,1,0.9965404,True,High
0,0,0.014617675,True,Low
0,0,0.027215619,True,Low
0,0,0.059853427,True,Low
1,0,0.045626134,False,Low
0,0,0.032542106,True,Low
1,1,0.99974924,True,High
0,0,0.045984477,True,Low
0,0,0.06964573,True,Low
1,1,0.98017234,True,High
0,0,0.035406724,True,Low
1,0,0.0842481,False,Low
0,0,0.04869051,True,Low
1,1,0.7851097,True,High
1,1,0.9999411,True,High
1,1,0.9963755,True,High
1,1,0.942776,True,High
1,1,0.9957318,True,High
1,1,0.8147807,True,High
1,1,0.9996469,True,High
0,0,0.21892402,True,Low
1,1,0.9991559,True,High
1,1,0.99840754,True,High
1,1,0.9402509,True,High
1,1,0.9968585,True,High
1,1,0.99617994,True,High
1,1,0.7569473,True,High
0,0,0.023636434,True,Low
0,0,0.015143169,True,Low
1,1,0.99698097,True,High
0,0,0.018483695,True,Low
0,0,0.04039335,True,Low
1,1,0.99517775,True,High
0,0,0.21882565,True,Low
0,0,0.016420074,True,Low
1,1,0.9986243,True,High
1,1,0.9933496,True,High
1,1,0.98289263,True,High
0,0,0.083031595,True,Low
0,0,0.01717927,True,Low
0,0,0.16421355,True,Low
0,0,0.022988467,True,Low
1,1,0.9997099,True,High
0,0,0.006894664,True,Low
0,0,0.1443438,True,Low
1,1,0.9707673,True,High
1,1,0.8985276,True,High
1,1,0.9981353,True,High
0,0,0.028497217,True,Low
1,1,0.9987287,True,High
1,1,0.9996227,True,High
0,0,0.024016973,True,Low
1,1,0.9361216,True,High
1,0,0.04010775,False,Low
0,0,0.057279848,True,Low
0,0,0.06486097,True,Low
1,1,0.99949455,True,High
0,1,0.84096277,False,High
1,1,0.9992854,True,High
1,1,0.8623745,True,High
0,0,0.05199563,True,Low
0,0,0.029570568,True,Low
1,1,0.5506392,True,Medium
1,1,0.99991703,True,High
0,0,0.021108534,True,Low
0,0,0.011444388,True,Low
1,1,0.5431861,True,Medium
1,1,0.66256887,True,Medium
1,1,0.9977679,True,High
1,1,0.86314344,True,High
1,1,0.8055228,True,High
0,0,0.01337016,True,Low
1,1,0.97840524,True,High
1,1,0.9992176,True,High
1,1,0.99660337,True,High
1,1,0.98734635,True,High
1,1,0.999683,True,High
0,0,0.011313594,True,Low
0,0,0.02871878,True,Low
1,1,0.9997998,True,High
1,1,0.9980478,True,High
1,0,0.37211427,False,Medium
0,0,0.013877515,True,Low
0,0,0.019940695,True,Low
1,1,0.8106163,True,High
1,1,0.9952024,True,High
1,1,0.9733811,True,High
1,1,0.51250196,True,Medium
0,0,0.10502703,True,Low
0,0,0.11923602,True,Low
0,0,0.08377751,True,Low
1,1,0.9813281,True,High
1,1,0.9950329,True,High
1,1,0.9999254,True,High
1,1,0.9905462,True,High
0,0,0.017701965,True,Low
0,0,0.009571561,True,Low
0,0,0.05598654,True,Low
1,1,0.99257433,True,High
1,1,0.99972624,True,High
0,0,0.05074017,True,Low
1,1,0.99844897,True,High
1,1,0.96071655,True,High
1,1,0.9881322,True,High
1,1,0.9065004,True,High
0,0,0.045931403,True,Low
0,0,0.014972431,True,Low
1,1,0.98267347,True,High
1,1,0.996421,True,High
0,0,0.0245759,True,Low
1,1,0.99567634,True,High
1,0,0.08254594,False,Low
0,0,0.016643316,True,Low
0,0,0.022748409,True,Low
1,1,0.9966605,True,High
0,0,0.08034035,True,Low
0,0,0.033515796,True,Low
0,0,0.05529385,True,Low
1,1,0.9969206,True,High
0,0,0.07885579,True,Low
0,0,0.328068,True,Medium
0,0,0.07785103,True,Low
1,1,0.99072975,True,High
0,0,0.15587619,True,Low
1,1,0.983827,True,High
1,1,0.99821955,True,High
1,1,0.995331,True,High
1,1,0.92335814,True,High
0,0,0.00648755,True,Low
1,1,0.99975055,True,High
1,1,0.99131507,True,High
1,1,0.90193677,True,High
1,1,0.9985262,True,High
1,1,0.9970716,True,High
1,1,0.99741423,True,High
1,1,0.9976478,True,High
1,1,0.9997516,True,High
1,1,0.9998857,True,High
1,1,0.9580545,True,High
1,1,0.9969042,True,High
0,0,0.055913508,True,Low
0,0,0.019896284,True,Low
1,1,0.99706465,True,High
1,1,0.9979972,True,High
1,1,0.9918652,True,High
0,0,0.03112317,True,Low
0,0,0.015065792,True,Low
1,1,0.98461515,True,High
1,1,0.9977099,True,High
1,1,0.9999256,True,High
0,0,0.020136854,True,Low
0,0,0.1632976,True,Low
1,1,0.8128315,True,High
0,0,0.019239279,True,Low
1,1,0.99831164,True,High
1,1,0.99814093,True,High
1,1,0.99652064,True,High
0,0,0.010646065,True,Low
0,1,0.61825335,False,Medium
1,1,0.8802634,True,High
0,0,0.03789441,True,Low
1,1,0.9992663,True,High
1,1,0.9997824,True,High
1,1,0.98392624,True,High
1,1,0.9986498,True,High
1,1,0.999132,True,High
1,1,0.990406,True,High
0,0,0.025233494,True,Low
1,1,0.99752885,True,High
1,1,0.982483,True,High
1,1,0.945742,True,High
1,1,0.8978834,True,High
1,1,0.89089125,True,High
1,1,0.999255,True,High
1,1,0.91215265,True,High
1,1,0.9077961,True,High
1,0,0.31025115,False,Medium
0,0,0.030237028,True,Low
1,1,0.9946279,True,High
1,1,0.96957034,True,High
1,1,0.7641947,True,High
1,1,0.99753594,True,High
0,0,0.03954702,True,Low
0,0,0.30247375,True,Medium
0,0,0.060837377,True,Low
1,1,0.97236407,True,High
0,0,0.055182256,True,Low
0,0,0.010416735,True,Low
0,0,0.033459015,True,Low
0,0,0.03126756,True,Low
1,1,0.9474062,True,High
0,0,0.10495384,True,Low
0,0,0.15133746,True,Low
1,1,0.99738103,True,High
0,0,0.07629712,True,Low
0,0,0.00427497,True,Low
0,1,0.6279592,False,Medium
1,1,0.99094075,True,High
1,1,0.8468514,True,High
1,1,0.90557075,True,High
1,1,0.9989303,True,High
1,1,0.9930246,True,High
1,1,0.99865746,True,High
1,1,0.9996835,True,High
1,1,0.68986416,True,Medium
1,1,0.9995771,True,High
1,1,0.9999088,True,High
1,1,0.99396366,True,High
0,0,0.041469805,True,Low
1,1,0.96697724,True,High
0,0,0.03895843,True,Low
1,1,0.9837167,True,High
1,1,0.99943286,True,High
0,0,0.00948561,True,Low
0,0,0.09292396,True,Low
1,1,0.99914706,True,High
1,1,0.9990441,True,High
0,0,0.06963622,True,Low
0,0,0.03959432,True,Low
1,1,0.9999217,True,High
1,1,0.975256,True,High
0,0,0.010836661,True,Low
1,1,0.99650156,True,High
1,1,0.9936109,True,High
1,1,0.99894756,True,High
1,1,0.9895287,True,High
0,0,0.048185725,True,Low
1,1,0.9890726,True,High
1,1,0.9998864,True,High
1,1,0.99752814,True,High
1,1,0.9988483,True,High
0,0,0.0656352,True,Low
1,1,0.9944959,True,High
0,0,0.031306103,True,Low
0,0,0.029180372,True,Low
1,1,0.98492926,True,High
1,1,0.95536333,True,High
1,1,0.9953517,True,High
1,1,0.99741274,True,High
1,1,0.9997366,True,High
0,0,0.019760812,True,Low
1,1,0.99982256,True,High
0,0,0.030495953,True,Low
0,0,0.062429514,True,Low
1,1,0.66679764,True,Medium
0,0,0.01665704,True,Low
1,1,0.82791436,True,High
0,0,0.011620391,True,Low
0,0,0.023404343,True,Low
1,1,0.9989818,True,High
0,0,0.04914213,True,Low
1,1,0.90132964,True,High
1,1,0.92003727,True,High
0,0,0.016288972,True,Low
0,0,0.07852427,True,Low
1,1,0.97951686,True,High
0,0,0.057500336,True,Low
1,1,0.969753,True,High
0,0,0.08828741,True,Low
1,1,0.9966337,True,High
1,1,0.7575194,True,High
0,0,0.060192764,True,Low
1,1,0.9892273,True,High
1,1,0.98911184,True,High
0,0,0.050168138,True,Low
0,1,0.5034243,False,Medium
0,0,0.048965372,True,Low
1,0,0.14497355,False,Low
1,1,0.9992175,True,High
1,1,0.98744756,True,High
0,0,0.014059383,True,Low
1,1,0.9960343,True,High
0,0,0.020745676,True,Low
0,1,0.85152715,False,High
0,0,0.033520147,True,Low
1,1,0.99518895,True,High
1,1,0.9860621,True,High
0,0,0.023209078,True,Low
0,0,0.08841328,True,Low
0,0,0.026451642,True,Low
1,1,0.95958644,True,High
0,0,0.025282495,True,Low
0,1,0.8162187,False,High
1,1,0.55598706,True,Medium
0,0,0.03966696,True,Low
1,0,0.07755853,False,Low
1,1,0.83566296,True,High
1,1,0.99979943,True,High
1,1,0.9415864,True,High
0,0,0.059410967,True,Low
1,1,0.9884449,True,High
1,1,0.9994956,True,High
0,0,0.011316021,True,Low
0,0,0.06427309,True,Low
0,0,0.07104515,True,Low
0,0,0.45663133,True,Medium
1,1,0.95822835,True,High
1,1,0.9997453,True,High
1,0,0.11397999,False,Low
1,1,0.7482756,True,High
1,1,0.97591215,True,High
0,0,0.0235611,True,Low
0,0,0.05244547,True,Low
1,1,0.99746597,True,High
1,1,0.7307999,True,High
1,1,0.9989832,True,High
1,1,0.9979087,True,High
0,0,0.013979392,True,Low
0,0,0.0039982987,True,Low
1,1,0.9995504,True,High
0,0,0.07715546,True,Low
0,0,0.34616145,True,Medium
0,0,0.026126662,True,Low
1,1,0.99972004,True,High
1,1,0.99994314,True,High
0,0,0.016806388,True,Low
1,1,0.99980074,True,High
1,1,0.99787176,True,High
1,1,0.9924644,True,High
0,0,0.043993153,True,Low
0,0,0.017157841,True,Low
1,1,0.96527404,True,High
1,1,0.6036094,True,Medium
1,1,0.7852044,True,High
1,1,0.9936149,True,High
1,1,0.99983704,True,High
0,0,0.045154016,True,Low
0,0,0.055881612,True,Low
0,0,0.020203333,True,Low
1,1,0.9856888,True,High
1,1,0.99497354,True,High
1,1,0.9879071,True,High
0,0,0.04763878,True,Low
0,0,0.022294534,True,Low
1,1,0.9999714,True,High
1,1,0.5104592,True,Medium
1,1,0.9629413,True,High
0,0,0.1386673,True,Low
1,1,0.99977475,True,High
0,0,0.10797321,True,Low
1,1,0.9968087,True,High
0,0,0.072889395,True,Low
1,1,0.9979196,True,High
1,1,0.9998074,True,High
1,1,0.9886227,True,High
0,0,0.020021018,True,Low
1,1,0.9974031,True,High
1,1,0.9994281,True,High
1,1,0.95765615,True,High
0,0,0.019532237,True,Low
1,1,0.58268416,True,Medium
1,1,0.9988695,True,High
1,1,0.99923146,True,High
0,0,0.018962612,True,Low
1,1,0.99879575,True,High
1,1,0.9987552,True,High
0,0,0.028954461,True,Low
0,1,0.5954325,False,Medium
1,1,0.9989526,True,High
1,1,0.9835023,True,High
0,0,0.052659094,True,Low
0,0,0.047044642,True,Low
1,1,0.96460795,True,High
0,0,0.24241461,True,Low
0,0,0.035267543,True,Low
1,1,0.69876575,True,Medium
0,0,0.08639974,True,Low
0,0,0.09565536,True,Low
1,1,0.9923993,True,High
0,0,0.058493435,True,Low
1,1,0.9982248,True,High
1,1,0.9978551,True,High
1,1,0.99942183,True,High
0,0,0.18130772,True,Low
1,0,0.059191875,False,Low
1,1,0.99899894,True,High
1,1,0.9849251,True,High
1,1,0.98053247,True,High
0,0,0.16526435,True,Low
0,0,0.031194435,True,Low
1,1,0.9977208,True,High
0,1,0.6606971,False,Medium
0,0,0.042310975,True,Low
0,0,0.04018503,True,Low
1,1,0.9946243,True,High
1,1,0.87329924,True,High
0,0,0.04285302,True,Low
1,1,0.99473,True,High
0,0,0.07358372,True,Low
0,0,0.07412421,True,Low
1,1,0.80176175,True,High
0,1,0.90530807,False,High
1,1,0.96012235,True,High
1,1,0.5553048,True,Medium
0,0,0.01826563,True,Low
1,1,0.99784434,True,High
1,1,0.9999504,True,High
1,1,0.97351414,True,High
0,0,0.05843326,True,Low
1,1,0.9996184,True,High
1,1,0.9089014,True,High
0,0,0.043012407,True,Low
0,0,0.0133095775,True,Low
0,0,0.08424214,True,Low
1,1,0.985989,True,High
0,0,0.0740706,True,Low
0,1,0.8440373,False,High
0,0,0.028608516,True,Low
0,0,0.021602271,True,Low
0,0,0.013364709,True,Low
1,1,0.78155786,True,High
1,1,0.9761627,True,High
1,1,0.9991032,True,High
1,1,0.9927475,True,High
0,0,0.12752333,True,Low
0,0,0.1830103,True,Low
1,1,0.8605,True,High
0,0,0.15891819,True,Low
1,1,0.99831164,True,High
1,1,0.99871755,True,High
0,0,0.030929511,True,Low
1,1,0.99471575,True,High
1,1,0.99845636,True,High
1,1,0.9995172,True,High
0,0,0.055877604,True,Low
0,0,0.05261067,True,Low
1,1,0.9979692,True,High
0,0,0.050791875,True,Low
1,1,0.9994622,True,High
0,0,0.33011127,True,Medium
1,1,0.9987639,True,High
0,0,0.037963808,True,Low
1,1,0.99345183,True,High
1,1,0.9999217,True,High
0,0,0.015646227,True,Low
1,1,0.9948449,True,High
0,0,0.018848429,True,Low
1,1,0.9959765,True,High
1,0,0.36163902,False,Medium
1,1,0.97836554,True,High
1,1,0.94856906,True,High
0,0,0.11688364,True,Low
1,1,0.99964416,True,High
1,1,0.99712,True,High
1,1,0.99945396,True,High
1,1,0.99889755,True,High
0,0,0.01804733,True,Low
0,0,0.0056440653,True,Low
1,1,0.9985545,True,High
1,1,0.99871576,True,High
1,1,0.9993393,True,High
1,1,0.68497205,True,Medium
1,1,0.9942525,True,High
0,0,0.06811227,True,Low
1,1,0.97779626,True,High
1,1,0.9567267,True,High
1,1,0.99426234,True,High
1,1,0.96631503,True,High
1,1,0.8845595,True,High
1,1,0.9972843,True,High
1,1,0.8911175,True,High
1,1,0.97328126,True,High
1,1,0.9865937,True,High
1,1,0.88049453,True,High
0,0,0.012791897,True,Low
0,0,0.087677516,True,Low
0,0,0.24419789,True,Low
0,0,0.029908668,True,Low
1,1,0.9956612,True,High
1,1,0.9571346,True,High
1,1,0.89408493,True,High
0,0,0.019415976,True,Low
0,0,0.03483738,True,Low
1,1,0.9994715,True,High
0,0,0.07067412,True,Low
0,0,0.015315356,True,Low
1,1,0.9840252,True,High
0,0,0.06582155,True,Low
0,0,0.015387852,True,Low
1,1,0.9998603,True,High
1,1,0.9916562,True,High
0,0,0.024874434,True,Low
0,0,0.051799756,True,Low
0,1,0.706047,False,High
1,1,0.998448,True,High
1,1,0.9974558,True,High
0,0,0.01754,True,Low
0,0,0.016034435,True,Low
0,0,0.013219213,True,Low
0,0,0.012331616,True,Low
0,0,0.04066332,True,Low
1,1,0.99148977,True,High
0,0,0.028182149,True,Low
1,1,0.99592054,True,High
1,1,0.94422454,True,High
1,1,0.8845867,True,High
0,0,0.023033755,True,Low
0,0,0.24104278,True,Low
0,0,0.013459112,True,Low
1,1,0.9989311,True,High
1,1,0.999025,True,High
1,1,0.9975138,True,High
0,0,0.00890541,True,Low
0,0,0.017192267,True,Low
1,1,0.9996425,True,High
0,0,0.017903615,True,Low
0,0,0.038532685,True,Low
0,0,0.010885347,True,Low
0,0,0.033733305,True,Low
0,0,0.03921034,True,Low
1,1,0.99982256,True,High
0,0,0.012498212,True,Low
0,0,0.013445221,True,Low
1,1,0.9955922,True,High
0,0,0.1028141,True,Low
0,0,0.030123929,True,Low
0,0,0.025011884,True,Low
1,1,0.9851081,True,High
1,1,0.9989906,True,High
0,0,0.019704998,True,Low
0,0,0.016504645,True,Low
0,0,0.00282993,True,Low
0,0,0.106585704,True,Low
1,1,0.996104,True,High
1,1,0.9965257,True,High
1,1,0.62173426,True,Medium
1,1,0.9673536,True,High
1,1,0.9675633,True,High
1,1,0.9045954,True,High
0,0,0.0055530285,True,Low
0,0,0.013784113,True,Low
1,1,0.9889759,True,High
1,1,0.99427927,True,High
1,1,0.9917725,True,High
1,1,0.8676829,True,High
1,1,0.9946572,True,High
0,0,0.015465745,True,Low
0,0,0.13223322,True,Low
0,0,0.0580971,True,Low
1,1,0.9359717,True,High
0,0,0.028244916,True,Low
1,1,0.9678076,True,High
0,0,0.23255436,True,Low
0,0,0.304827,True,Medium
1,1,0.9863966,True,High
0,0,0.012596627,True,Low
1,1,0.7471547,True,High
0,0,0.059665605,True,Low
1,1,0.93718606,True,High
1,1,0.99958175,True,High
1,1,0.9963092,True,High
1,1,0.9964025,True,High
1,1,0.9943962,True,High
0,0,0.03482345,True,Low
0,0,0.02571832,True,Low
1,1,0.9866247,True,High
1,1,0.72308457,True,High
1,0,0.0471878,False,Low
0,0,0.445181,True,Medium
1,0,0.123231545,False,Low
1,1,0.8204325,True,High
1,1,0.99857986,True,High
1,1,0.9093568,True,High
1,1,0.99520844,True,High
0,0,0.037056543,True,Low
1,1,0.8996617,True,High
0,1,0.7039692,False,High
0,0,0.013403061,True,Low
0,0,0.01524999,True,Low
1,1,0.9984327,True,High
1,1,0.99962115,True,High
0,0,0.013770228,True,Low
1,1,0.9965791,True,High
1,1,0.98381674,True,High
1,0,0.26841673,False,Low
1,1,0.99720746,True,High
0,0,0.12210218,True,Low
0,0,0.099421784,True,Low
1,1,0.95436525,True,High
1,1,0.99991703,True,High
1,1,0.95668364,True,High
0,0,0.0140281655,True,Low
1,1,0.9875892,True,High
1,1,0.99944586,True,High
1,1,0.9957041,True,High
1,1,0.94033384,True,High
1,1,0.9973736,True,High
1,1,0.98188925,True,High
1,1,0.9822605,True,High
0,0,0.070475034,True,Low
1,1,0.9488394,True,High
1,1,0.89508826,True,High
1,1,0.96307814,True,High
1,1,0.99644345,True,High
1,1,0.99825317,True,High
1,1,0.98421705,True,High
1,1,0.9994985,True,High
0,0,0.01587675,True,Low
0,0,0.03803299,True,Low
0,0,0.19254914,True,Low
1,1,0.94559747,True,High
1,1,0.99698263,True,High
0,0,0.021289777,True,Low
1,1,0.9994461,True,High
0,0,0.33813372,True,Medium
1,1,0.9904745,True,High
1,1,0.994534,True,High
1,1,0.9966877,True,High
1,1,0.99425584,True,High
0,0,0.010318891,True,Low
0,0,0.05224724,True,Low
1,0,0.046022564,False,Low
1,1,0.9930816,True,High
1,1,0.9969261,True,High
0,0,0.06958529,True,Low
0,0,0.05222727,True,Low
1,1,0.9996629,True,High
0,0,0.03308838,True,Low
1,1,0.92713916,True,High
1,1,0.7711637,True,High
0,0,0.04723589,True,Low
1,1,0.8005445,True,High
1,1,0.99895287,True,High
1,1,0.9998217,True,High
0,0,0.016557477,True,Low
0,0,0.083072476,True,Low
1,1,0.99994004,True,High
0,0,0.02989658,True,Low
0,0,0.027242357,True,Low
1,1,0.99793434,True,High
0,0,0.10210576,True,Low
0,0,0.04811246,True,Low
0,0,0.031847578,True,Low
1,1,0.8073168,True,High
1,1,0.99566394,True,High
1,0,0.15967588,False,Low
1,1,0.9979304,True,High
1,1,0.9998078,True,High
0,0,0.06106617,True,Low
1,1,0.9940912,True,High
0,0,0.021531329,True,Low
0,0,0.0047100754,True,Low
0,0,0.006520417,True,Low
0,0,0.12225051,True,Low
0,0,0.020827169,True,Low
1,0,0.15961494,False,Low
1,1,0.9823638,True,High
1,1,0.93813103,True,High
1,1,0.9771237,True,High
0,0,0.0041324254,True,Low
0,0,0.02355075,True,Low
0,0,0.00859804,True,Low
0,0,0.057484314,True,Low
1,1,0.9988065,True,High
1,1,0.84046096,True,High
1,1,0.9981464,True,High
0,0,0.041775305,True,Low
1,1,0.97895026,True,High
0,0,0.12467478,True,Low
1,1,0.9345468,True,High
0,1,0.89417166,False,High
1,1,0.9966084,True,High
1,1,0.9343579,True,High
0,0,0.04280909,True,Low
0,0,0.013957961,True,Low
0,0,0.00845528,True,Low
0,0,0.011599631,True,Low
0,0,0.039136276,True,Low
0,0,0.11448926,True,Low
1,1,0.9982559,True,High
1,1,0.99980444,True,High
0,0,0.025256444,True,Low
1,1,0.99677354,True,High
1,1,0.99935836,True,High
1,1,0.9724779,True,High
0,0,0.025996128,True,Low
1,1,0.99945754,True,High
0,0,0.023046382,True,Low
1,1,0.99942964,True,High
0,0,0.046269022,True,Low
1,1,0.98885417,True,High
1,1,0.9978726,True,High
0,0,0.025008075,True,Low
0,0,0.023332888,True,Low
1,1,0.9950421,True,High
0,0,0.04002444,True,Low
1,1,0.99757594,True,High
1,1,0.99375474,True,High
1,1,0.96116763,True,High
0,0,0.045557633,True,Low
1,1,0.9954157,True,High
1,1,0.9999732,True,High
0,0,0.025593769,True,Low
0,0,0.016849954,True,Low
1,1,0.9546988,True,High
1,1,0.99970335,True,High
1,1,0.9973073,True,High
1,1,0.9121818,True,High
1,1,0.9984011,True,High
1,1,0.9992894,True,High
0,0,0.07793313,True,Low
1,1,0.99326867,True,High
0,0,0.015583721,True,Low
0,1,0.5546473,False,Medium
0,0,0.041104577,True,Low
0,0,0.018206941,True,Low
0,0,0.023915257,True,Low
0,0,0.0112451175,True,Low
0,0,0.04653677,True,Low
1,1,0.9211068,True,High
1,1,0.9942272,True,High
1,1,0.9998857,True,High
0,0,0.007899605,True,Low
0,0,0.07067651,True,Low
0,0,0.014235528,True,Low
1,1,0.99694073,True,High
0,0,0.014486816,True,Low
1,1,0.822559,True,High
1,1,0.80645454,True,High
1,1,0.86169803,True,High
1,1,0.9993906,True,High
1,1,0.9896706,True,High
0,0,0.01623724,True,Low
1,1,0.9609129,True,High
0,0,0.049605474,True,Low
0,0,0.023183601,True,Low
0,1,0.9584518,False,High
1,1,0.77051747,True,High
0,0,0.023619266,True,Low
1,1,0.99460405,True,High
1,1,0.99608153,True,High
0,0,0.16854829,True,Low
1,1,0.9398467,True,High
1,1,0.7973648,True,High
1,1,0.997846,True,High
0,0,0.026911162,True,Low
1,1,0.9991265,True,High
0,0,0.09249756,True,Low
1,0,0.07607533,False,Low
1,1,0.9995196,True,High
1,1,0.9942141,True,High
1,1,0.8731544,True,High
0,0,0.055920105,True,Low
0,0,0.009446569,True,Low
1,1,0.9984308,True,High
1,1,0.8789207,True,High
0,0,0.027500369,True,Low
1,1,0.9977755,True,High
0,0,0.04502618,True,Low
1,1,0.99972457,True,High
0,0,0.01049727,True,Low
0,0,0.037031095,True,Low
0,0,0.06787978,True,Low
1,1,0.99852103,True,High
1,1,0.9831939,True,High
0,0,0.03241166,True,Low
1,1,0.9603901,True,High
0,0,0.05770381,True,Low
1,1,0.9963631,True,High
0,0,0.053354204,True,Low
1,1,0.99965894,True,High
1,1,0.99977404,True,High
0,0,0.009869855,True,Low
1,1,0.9999757,True,High
1,1,0.99683064,True,High
1,1,0.9981931,True,High
1,1,0.9989355,True,High
0,0,0.053946372,True,Low
0,0,0.0077609583,True,Low
0,0,0.019339021,True,Low
1,1,0.9614414,True,High
1,1,0.8579155,True,High
1,1,0.9998857,True,High
1,1,0.9865936,True,High
0,0,0.06298309,True,Low
0,0,0.028095413,True,Low
0,0,0.08120447,True,Low
1,1,0.9950487,True,High
1,1,0.9940492,True,High
1,1,0.9999559,True,High
0,0,0.122231044,True,Low
0,0,0.08180881,True,Low
1,1,0.94886327,True,High
1,1,0.99914813,True,High
1,1,0.9999163,True,High
0,0,0.061582655,True,Low
1,1,0.9968989,True,High
1,1,0.99798465,True,High
1,0,0.13046448,False,Low
0,1,0.9668259,False,High
0,0,0.010647296,True,Low
1,1,0.9996172,True,High
1,1,0.99986696,True,High
1,1,0.99932575,True,High
0,0,0.045218855,True,Low
1,1,0.9977258,True,High
1,1,0.84724224,True,High
1,1,0.9989151,True,High
0,0,0.018565852,True,Low
1,1,0.99329376,True,High
1,1,0.99907637,True,High
1,1,0.97534096,True,High
1,1,0.9975351,True,High
1,1,0.99719256,True,High
0,0,0.08894234,True,Low
1,1,0.99966455,True,High
0,0,0.015972862,True,Low
1,0,0.47300908,False,Medium
0,0,0.01404137,True,Low
0,0,0.018765325,True,Low
1,1,0.99903584,True,High
1,1,0.9999088,True,High
1,1,0.99979883,True,High
0,0,0.04152442,True,Low
0,0,0.019283213,True,Low
0,0,0.014917381,True,Low
1,1,0.9899012,True,High
1,1,0.9885972,True,High
0,0,0.042215552,True,Low
1,1,0.99579006,True,High
0,0,0.035922907,True,Low
1,1,0.821122,True,High
0,0,0.01365796,True,Low
1,1,0.98749125,True,High
1,1,0.99969244,True,High
0,0,0.12104564,True,Low
0,1,0.85669464,False,High
1,1,0.94542336,True,High
0,0,0.028124724,True,Low
1,1,0.9986286,True,High
1,1,0.9997731,True,High
1,1,0.942947,True,High
0,0,0.05093457,True,Low
1,1,0.98610467,True,High
0,0,0.13648388,True,Low
0,0,0.097159706,True,Low
1,0,0.21774322,False,Low
1,1,0.6828185,True,Medium
1,1,0.9924952,True,High
0,0,0.007398226,True,Low
1,1,0.99973494,True,High
0,0,0.013492188,True,Low
0,0,0.010327466,True,Low
0,0,0.41820255,True,Medium
1,1,0.91692674,True,High
0,0,0.07107826,True,Low
1,1,0.97767305,True,High
1,1,0.9307839,True,High
1,1,0.99814975,True,High
0,0,0.027919378,True,Low
1,1,0.99557835,True,High
0,0,0.07118573,True,Low
0,0,0.12872271,True,Low
1,0,0.05774951,False,Low
1,1,0.996188,True,High
0,0,0.24659057,True,Low
0,1,0.69987243,False,Medium
1,1,0.97354716,True,High
0,0,0.045992512,True,Low
1,1,0.9989724,True,High
0,0,0.19646366,True,Low
0,0,0.04771235,True,Low
0,0,0.015434431,True,Low
0,0,0.09404889,True,Low
1,1,0.9860169,True,High
1,1,0.99801993,True,High
1,1,0.97771376,True,High
1,0,0.3252821,False,Medium
0,0,0.07821153,True,Low
1,0,0.039656658,False,Low
0,0,0.019894596,True,Low
0,0,0.028716566,True,Low
1,1,0.99923587,True,High
1,1,0.99983096,True,High
0,0,0.035398517,True,Low
1,1,0.9842709,True,High
0,0,0.19953948,True,Low
1,1,0.9889705,True,High
0,0,0.030945236,True,Low
0,0,0.11978994,True,Low
1,1,0.6953245,True,Medium
1,1,0.9960323,True,High
0,0,0.043067604,True,Low
0,0,0.06705381,True,Low
1,1,0.9998233,True,High
1,1,0.99981314,True,High
0,0,0.05446072,True,Low
1,1,0.9782817,True,High
1,1,0.9921069,True,High
0,0,0.07514881,True,Low
1,1,0.9932019,True,High
1,1,0.8283361,True,High
0,0,0.020553926,True,Low
0,0,0.04141372,True,Low
1,1,0.9954158,True,High
0,0,0.030960876,True,Low
1,1,0.7052296,True,High
0,0,0.17767884,True,Low
0,0,0.1367963,True,Low
1,1,0.99438393,True,High
0,0,0.023993276,True,Low
0,0,0.02608145,True,Low
1,1,0.87514627,True,High
1,1,0.95034987,True,High
1,1,0.88745517,True,High
1,1,0.99695134,True,High
0,0,0.09037299,True,Low
0,0,0.25895494,True,Low
1,1,0.7979079,True,High
0,0,0.04438897,True,Low
0,0,0.115641214,True,Low
0,0,0.0048828796,True,Low
1,1,0.99954754,True,High
0,0,0.023162957,True,Low
0,0,0.013191489,True,Low
0,0,0.05169246,True,Low
1,1,0.9989856,True,High
0,0,0.048651073,True,Low
1,1,0.9988657,True,High
1,1,0.7748114,True,High
0,0,0.033921443,True,Low
1,1,0.8951962,True,High
1,1,0.9294525,True,High
1,0,0.3267413,False,Medium
0,0,0.14203483,True,Low
1,0,0.09929957,False,Low
1,1,0.99365026,True,High
1,1,0.9983896,True,High
0,0,0.082248725,True,Low
1,1,0.9905528,True,High
0,0,0.44404027,True,Medium
0,0,0.046793323,True,Low
1,1,0.96638376,True,High
1,1,0.984751,True,High
1,1,0.99819154,True,High
1,1,0.9941307,True,High
1,1,0.7853771,True,High
0,0,0.40212804,True,Medium
1,1,0.9982284,True,High
1,1,0.5312167,True,Medium
0,0,0.07103431,True,Low
1,1,0.9998234,True,High
1,1,0.9984641,True,High
0,0,0.064237066,True,Low
1,1,0.9752058,True,High
0,0,0.28673458,True,Low
1,1,0.9233541,True,High
0,0,0.016256409,True,Low
0,0,0.039065365,True,Low
1,1,0.989239,True,High
0,0,0.033815857,True,Low
0,0,0.06665647,True,Low
1,1,0.9739977,True,High
1,1,0.9997992,True,High
0,0,0.009264787,True,Low
1,1,0.974113,True,High
0,0,0.013579972,True,Low
0,0,0.08748301,True,Low
1,1,0.94636023,True,High
1,1,0.6464368,True,Medium
0,0,0.01890324,True,Low
1,1,0.9860998,True,High
0,0,0.020126686,True,Low
0,0,0.06336496,True,Low
1,1,0.6643592,True,Medium
0,0,0.09228662,True,Low
0,0,0.047290202,True,Low
1,1,0.7852891,True,High
1,1,0.9960418,True,High
1,1,0.97808677,True,High
1,1,0.99219304,True,High
1,1,0.9034851,True,High
1,1,0.9997414,True,High
1,1,0.9995271,True,High
1,1,0.99482673,True,High
1,1,0.5496235,True,Medium
1,1,0.69901925,True,Medium
0,0,0.027126715,True,Low
1,1,0.99913895,True,High
0,0,0.010556281,True,Low
1,1,0.9967744,True,High
0,0,0.029539783,True,Low
0,1,0.6518675,False,Medium
1,1,0.859256,True,High
1,1,0.99736243,True,High
0,0,0.013838189,True,Low
0,0,0.02922133,True,Low
0,0,0.12460423,True,Low
1,1,0.96405977,True,High
1,1,0.99696034,True,High
0,0,0.104963444,True,Low
1,0,0.18060863,False,Low
0,0,0.12790042,True,Low
1,1,0.99931896,True,High
1,1,0.9887348,True,High
0,1,0.9524383,False,High
1,1,0.9997857,True,High
1,1,0.9988072,True,High
1,1,0.9111401,True,High
1,1,0.7835107,True,High
1,1,0.9542745,True,High
0,0,0.013663235,True,Low
1,1,0.9973877,True,High
1,1,0.99155843,True,High
1,1,0.999803,True,High
1,1,0.9990839,True,High
0,0,0.0132743,True,Low
1,1,0.9927267,True,High
1,1,0.9968321,True,High
1,0,0.33560345,False,Medium
1,1,0.9970716,True,High
0,0,0.031136265,True,Low
1,1,0.99159205,True,High
0,0,0.05034242,True,Low
1,1,0.9978581,True,High
1,1,0.99884284,True,High
0,1,0.53057694,False,Medium
1,1,0.8888369,True,High
0,0,0.031565353,True,Low
0,0,0.1016956,True,Low
0,0,0.014706791,True,Low
1,1,0.98395395,True,High
0,0,0.05914632,True,Low
1,1,0.9943078,True,High
1,1,0.9993837,True,High
1,1,0.973898,True,High
0,0,0.058381584,True,Low
1,1,0.99991596,True,High
1,1,0.9969959,True,High
1,1,0.932553,True,High
1,1,0.9952036,True,High
0,0,0.048453327,True,Low
0,0,0.030318314,True,Low
0,0,0.014113813,True,Low
0,0,0.049286056,True,Low
0,0,0.42228702,True,Medium
1,1,0.6119881,True,Medium
1,1,0.9994831,True,High
1,1,0.99985504,True,High
1,1,0.9575772,True,High
0,1,0.6601093,False,Medium
0,0,0.23070385,True,Low
1,1,0.95777726,True,High
0,0,0.005035662,True,Low
1,1,0.983682,True,High
1,1,0.9976319,True,High
0,0,0.022710701,True,Low
0,0,0.15119877,True,Low
0,0,0.08489966,True,Low
1,1,0.96105784,True,High
0,0,0.07078872,True,Low
1,1,0.98344064,True,High
0,0,0.031010613,True,Low
1,1,0.9286767,True,High
1,0,0.075994276,False,Low
1,1,0.9955324,True,High
0,0,0.012248253,True,Low
1,1,0.99531823,True,High
1,1,0.9837585,True,High
1,1,0.9926454,True,High
1,1,0.9994455,True,High
0,0,0.03394391,True,Low
1,1,0.99172556,True,High
1,1,0.82060844,True,High
0,0,0.37018663,True,Medium
1,1,0.92745626,True,High
1,1,0.8978107,True,High
0,0,0.29184026,True,Low
0,0,0.056919985,True,Low
1,1,0.9995629,True,High
1,0,0.4566175,False,Medium
0,0,0.027912507,True,Low
1,1,0.84048253,True,High
1,1,0.9947478,True,High
1,1,0.9959105,True,High
1,1,0.9981896,True,High
0,0,0.028390298,True,Low
1,1,0.9954796,True,High
1,1,0.99723595,True,High
1,1,0.99436486,True,High
0,0,0.05735487,True,Low
1,1,0.96858674,True,High
0,0,0.43671498,True,Medium
1,1,0.9978357,True,High
0,0,0.036833804,True,Low
0,0,0.0844764,True,Low
0,1,0.9329794,False,High
0,0,0.37793165,True,Medium
0,0,0.00942571,True,Low
1,1,0.9206585,True,High
0,0,0.021350248,True,Low
1,1,0.99721175,True,High
0,0,0.028757444,True,Low
1,1,0.8867563,True,High
1,1,0.8057905,True,High
0,0,0.019245362,True,Low
1,1,0.9998259,True,High
1,0,0.1694082,False,Low
1,1,0.7390651,True,High
1,1,0.99982256,True,High
1,1,0.95421684,True,High
1,0,0.15686746,False,Low
1,0,0.2034117,False,Low
0,0,0.1431334,True,Low
0,0,0.2390756,True,Low
1,1,0.97033215,True,High
0,0,0.05649015,True,Low
1,1,0.9994461,True,High
0,0,0.080436,True,Low
1,0,0.08395832,False,Low
1,1,0.99994826,True,High
1,1,0.98742026,True,High
0,0,0.030358657,True,Low
0,0,0.10148765,True,Low
1,1,0.99908507,True,High
1,0,0.26385668,False,Low
0,0,0.13771695,True,Low
1,1,0.9993149,True,High
1,1,0.7093369,True,High
1,1,0.9916323,True,High
0,0,0.19814521,True,Low
1,1,0.99217755,True,High
1,1,0.8774138,True,High
0,0,0.0021081846,True,Low
1,1,0.99605227,True,High
0,0,0.040933564,True,Low
1,1,0.9997987,True,High
0,0,0.12651727,True,Low
1,1,0.9961971,True,High
1,1,0.9978204,True,High
0,0,0.026959883,True,Low
1,1,0.99976367,True,High
1,1,0.9997497,True,High
0,0,0.399149,True,Medium
0,0,0.057269037,True,Low
1,1,0.99986553,True,High
0,0,0.029620182,True,Low
0,0,0.075716935,True,Low
0,0,0.0131693715,True,Low
1,0,0.19941962,False,Low
1,1,0.9998043,True,High
1,1,0.9345901,True,High
0,1,0.8216341,False,High
1,1,0.9894282,True,High
1,1,0.99703985,True,High
0,0,0.023057405,True,Low
0,0,0.044813506,True,Low
0,0,0.01913407,True,Low
0,0,0.019946357,True,Low
0,0,0.046448812,True,Low
1,1,0.91000134,True,High
0,0,0.053822827,True,Low
1,1,0.9319013,True,High
0,0,0.10895778,True,Low
1,1,0.998024,True,High
0,0,0.018481059,True,Low
1,1,0.7906102,True,High
1,1,0.9990017,True,High
1,1,0.998278,True,High
1,1,0.9829952,True,High
0,1,0.84979475,False,High
0,0,0.013755568,True,Low
0,1,0.5183596,False,Medium
1,1,0.9993482,True,High
1,1,0.99963367,True,High
1,1,0.9998714,True,High
1,1,0.96754605,True,High
1,1,0.95077056,True,High
1,1,0.99936086,True,High
1,1,0.9961737,True,High
1,1,0.99712974,True,High
1,1,0.9991935,True,High
0,1,0.83334374,False,High
1,1,0.999498,True,High
1,1,0.9997129,True,High
1,1,0.9999161,True,High
0,0,0.06150299,True,Low
0,0,0.06291082,True,Low
0,0,0.052582394,True,Low
1,1,0.9973501,True,High
1,1,0.5957663,True,Medium
1,1,0.9408509,True,High
0,0,0.14712252,True,Low
1,1,0.99451244,True,High
1,1,0.99892396,True,High
1,1,0.9990239,True,High
1,1,0.9457173,True,High
1,1,0.999856,True,High
1,1,0.9573891,True,High
1,0,0.049565375,False,Low
0,0,0.08629061,True,Low
1,1,0.91200525,True,High
0,0,0.02138687,True,Low
1,1,0.9999523,True,High
0,0,0.020762766,True,Low
1,1,0.9999471,True,High
1,1,0.9298314,True,High
1,1,0.9712524,True,High
1,1,0.9996823,True,High
0,0,0.016335085,True,Low
1,1,0.98089945,True,High
1,1,0.99852425,True,High
0,0,0.014935548,True,Low
1,1,0.99490875,True,High
1,1,0.9676214,True,High
0,0,0.043416645,True,Low
1,1,0.99705875,True,High
0,0,0.034640875,True,Low
1,1,0.99486345,True,High
0,0,0.021327838,True,Low
0,0,0.093278416,True,Low
0,0,0.017085502,True,Low
1,1,0.99944943,True,High
1,1,0.9991062,True,High
0,0,0.04306398,True,Low
1,1,0.99860245,True,High
0,0,0.009751858,True,Low
1,1,0.99931943,True,High
0,0,0.021713052,True,Low
1,1,0.99628603,True,High
1,1,0.9712007,True,High
0,0,0.014200341,True,Low
1,1,0.98643726,True,High
1,1,0.97793305,True,High
1,1,0.9997451,True,High
0,0,0.02303927,True,Low
1,1,0.9601897,True,High
1,1,0.9942568,True,High
0,0,0.07431273,True,Low
1,1,0.999506,True,High
1,1,0.8909797,True,High
1,0,0.24742202,False,Low
1,1,0.9944277,True,High
0,0,0.014872183,True,Low
1,1,0.86452556,True,High
0,0,0.04702326,True,Low
0,0,0.07020354,True,Low
0,0,0.019924253,True,Low
1,1,0.9993795,True,High
0,0,0.010817331,True,Low
0,0,0.03425979,True,Low
1,1,0.9998047,True,High
1,1,0.9905442,True,High
1,1,0.9993456,True,High
0,0,0.050284706,True,Low
1,1,0.9988856,True,High
0,0,0.011603792,True,Low
1,1,0.92086625,True,High
1,1,0.95365316,True,High
0,0,0.014919842,True,Low
0,1,0.81564075,False,High
1,1,0.98994875,True,High
1,1,0.9952856,True,High
1,1,0.9851017,True,High
1,1,0.9803154,True,High
0,0,0.021797301,True,Low
0,0,0.039625127,True,Low
0,0,0.003835157,True,Low
0,0,0.038823612,True,Low
1,1,0.9454047,True,High
1,1,0.99989283,True,High
1,1,0.9999418,True,High
1,1,0.99994206,True,High
0,0,0.01506546,True,Low
1,1,0.9961249,True,High
0,0,0.029726058,True,Low
0,0,0.0529202,True,Low
0,0,0.036036886,True,Low
1,1,0.99888366,True,High
0,0,0.10152107,True,Low
1,1,0.9914118,True,High
0,0,0.15968291,True,Low
1,1,0.97745204,True,High
0,1,0.99727005,False,High
1,1,0.8642617,True,High
1,1,0.80728084,True,High
1,0,0.06320913,False,Low
0,0,0.016462762,True,Low
1,1,0.99956757,True,High
0,0,0.028093757,True,Low
1,1,0.69791794,True,Medium
0,0,0.0337824,True,Low
0,0,0.33310762,True,Medium
0,0,0.025713276,True,Low
0,0,0.046235897,True,Low
1,1,0.99555427,True,High
1,1,0.9987531,True,High
1,1,0.9985934,True,High
1,1,0.9995003,True,High
1,1,0.9960295,True,High
1,1,0.999762,True,High
0,0,0.023714608,True,Low
0,0,0.0055074273,True,Low
1,1,0.9994899,True,High
1,1,0.9982742,True,High
1,1,0.9939089,True,High
0,0,0.07523396,True,Low
0,0,0.030892938,True,Low
1,1,0.9962739,True,High
1,1,0.99773395,True,High
0,0,0.042793717,True,Low
1,1,0.99118537,True,High
1,1,0.9953643,True,High
0,0,0.019351717,True,Low
1,1,0.8769232,True,High
0,0,0.012200229,True,Low
1,1,0.9956982,True,High
1,1,0.99991596,True,High
0,0,0.10402077,True,Low
1,1,0.99914825,True,High
1,1,0.999785,True,High
1,1,0.9864031,True,High
1,1,0.9918997,True,High
1,0,0.21179995,False,Low
0,0,0.030419607,True,Low
1,0,0.07657772,False,Low
1,1,0.9997937,True,High
0,1,0.86491764,False,High
1,1,0.9971053,True,High
0,0,0.009365826,True,Low
1,1,0.97419083,True,High
0,0,0.014389035,True,Low
0,0,0.017901627,True,Low
1,1,0.9997352,True,High
0,0,0.019381588,True,Low
0,0,0.057375103,True,Low
1,1,0.99562943,True,High
0,0,0.016669221,True,Low
0,0,0.03716741,True,Low
1,1,0.8096105,True,High
0,0,0.015221866,True,Low
0,0,0.020749696,True,Low
0,0,0.04076357,True,Low
1,1,0.98723745,True,High
1,1,0.9985078,True,High
1,1,0.9999021,True,High
0,0,0.02139119,True,Low
1,1,0.9882327,True,High
0,0,0.009837903,True,Low
0,0,0.023342082,True,Low
1,1,0.9781531,True,High
0,0,0.03329399,True,Low
0,0,0.12622339,True,Low
1,1,0.9960353,True,High
1,0,0.3523156,False,Medium
1,0,0.34289002,False,Medium
0,0,0.055211358,True,Low
1,1,0.99896276,True,High
0,0,0.07630249,True,Low
0,0,0.029224949,True,Low
1,1,0.9997453,True,High
0,0,0.05527425,True,Low
0,0,0.29161453,True,Low
1,1,0.99995196,True,High
1,1,0.9997178,True,High
0,0,0.020507228,True,Low
1,1,0.99892884,True,High
1,1,0.9998211,True,High
0,0,0.028049478,True,Low
0,0,0.058745332,True,Low
0,0,0.037970558,True,Low
1,1,0.99993086,True,High
0,0,0.020058611,True,Low
0,0,0.004451007,True,Low
1,1,0.89535695,True,High
1,1,0.9984341,True,High
1,1,0.9997571,True,High
0,0,0.009596967,True,Low
0,1,0.5657256,False,Medium
1,1,0.911563,True,High
1,1,0.99722064,True,High
0,0,0.0144652035,True,Low
0,0,0.08140421,True,Low
1,1,0.9958528,True,High
1,1,0.99807906,True,High
0,0,0.014237261,True,Low
0,0,0.018876035,True,Low
0,0,0.09502451,True,Low
1,1,0.9767874,True,High
0,0,0.02631481,True,Low
0,0,0.03369291,True,Low
1,1,0.9998179,True,High
1,1,0.99361056,True,High
0,0,0.08232948,True,Low
1,1,0.8764085,True,High
1,1,0.99894875,True,High
0,0,0.008101436,True,Low
1,0,0.15975977,False,Low
1,1,0.99848723,True,High
0,0,0.090122916,True,Low
0,1,0.54519176,False,Medium
0,0,0.056363538,True,Low
1,1,0.99863356,True,High
1,1,0.8757824,True,High
0,0,0.05346332,True,Low
1,0,0.15290537,False,Low
1,1,0.98708457,True,High
0,0,0.12032447,True,Low
0,0,0.18551052,True,Low
1,1,0.99811184,True,High
1,1,0.9669617,True,High
0,0,0.0035390041,True,Low
0,0,0.041601814,True,Low
1,1,0.99654645,True,High
1,0,0.038318064,False,Low
0,0,0.09973927,True,Low
0,0,0.03359474,True,Low
0,0,0.003924963,True,Low
0,0,0.095714845,True,Low
1,1,0.9913885,True,High
0,0,0.016373746,True,Low
0,0,0.038235027,True,Low
1,1,0.9735649,True,High
1,1,0.99939585,True,High
1,1,0.9981573,True,High
1,1,0.99746466,True,High
1,1,0.999892,True,High
0,0,0.047820758,True,Low
0,0,0.012241322,True,Low
0,0,0.027069323,True,Low
0,0,0.06363239,True,Low
0,0,0.021258773,True,Low
1,1,0.99429506,True,High
0,0,0.0831817,True,Low
0,0,0.016414508,True,Low
0,0,0.0934759,True,Low
1,1,0.970214,True,High
1,1,0.99501836,True,High
1,1,0.7571428,True,High
1,1,0.99729115,True,High
1,0,0.34717822,False,Medium
0,0,0.08938466,True,Low
1,1,0.9909457,True,High
0,0,0.2708006,True,Low
0,0,0.030109435,True,Low
1,1,0.99993527,True,High
1,1,0.97281253,True,High
0,0,0.019490026,True,Low
0,0,0.079297036,True,Low
0,0,0.0712185,True,Low
0,0,0.042250454,True,Low
0,0,0.0071358294,True,Low
0,0,0.047434393,True,Low
1,1,0.99825674,True,High
1,1,0.81925666,True,High
1,1,0.9950616,True,High
1,1,0.903551,True,High
0,0,0.01836687,True,Low
1,1,0.99978894,True,High
1,1,0.94599885,True,High
1,1,0.99987054,True,High
0,1,0.87551475,False,High
1,1,0.99966073,True,High
0,0,0.03759884,True,Low
1,1,0.9993383,True,High
1,1,0.9997845,True,High
0,0,0.042023163,True,Low
0,0,0.053151432,True,Low
0,0,0.03836769,True,Low
1,1,0.99900717,True,High
1,1,0.99591297,True,High
0,1,0.7626049,False,High
1,1,0.9999025,True,High
0,0,0.027877362,True,Low
0,0,0.02303235,True,Low
0,0,0.035034552,True,Low
0,0,0.02110688,True,Low
1,1,0.9313559,True,High
1,1,0.75733536,True,High
0,0,0.02799905,True,Low
0,0,0.032489397,True,Low
1,1,0.999173,True,High
1,1,0.8005905,True,High
1,1,0.995618,True,High
0,0,0.06200286,True,Low
0,0,0.03143564,True,Low
1,1,0.98701036,True,High
1,1,0.9966343,True,High
0,0,0.023296725,True,Low
0,0,0.11230922,True,Low
0,0,0.11404863,True,Low
1,1,0.9654996,True,High
0,0,0.03729841,True,Low
1,1,0.9964227,True,High
0,0,0.045931205,True,Low
0,0,0.042062704,True,Low
0,0,0.110050164,True,Low
0,0,0.04224816,True,Low
0,0,0.054372244,True,Low
1,1,0.9649627,True,High
0,0,0.10017286,True,Low
0,0,0.071909025,True,Low
0,0,0.04515047,True,Low
1,1,0.6601014,True,Medium
0,0,0.014107644,True,Low
0,0,0.08529851,True,Low
1,1,0.6372129,True,Medium
1,1,0.99748766,True,High
1,1,0.99281704,True,High
1,1,0.9974956,True,High
0,0,0.003835157,True,Low
1,1,0.94826066,True,High
1,1,0.99899155,True,High
1,1,0.9938281,True,High
0,0,0.06612226,True,Low
1,1,0.6149989,True,Medium
0,0,0.018019693,True,Low
0,0,0.023557546,True,Low
1,1,0.9984848,True,High
0,0,0.021673135,True,Low
0,0,0.013464487,True,Low
1,1,0.99155957,True,High
1,1,0.97419804,True,High
1,1,0.99909186,True,High
0,0,0.045073114,True,Low
0,0,0.02913431,True,Low
1,1,0.99688077,True,High
1,1,0.9910495,True,High
1,1,0.9983559,True,High
0,0,0.09416025,True,Low
0,0,0.063785195,True,Low
0,0,0.05352007,True,Low
1,1,0.7599312,True,High
1,1,0.99255615,True,High
0,0,0.078699544,True,Low
1,1,0.9988355,True,High
0,0,0.027437767,True,Low
0,0,0.011379692,True,Low
1,0,0.15982679,False,Low
1,1,0.9936552,True,High
1,1,0.96731657,True,High
0,0,0.06295497,True,Low
0,0,0.025815703,True,Low
1,1,0.98168254,True,High
0,0,0.04960014,True,Low
1,1,0.99428916,True,High
1,1,0.99266994,True,High
0,0,0.024978101,True,Low
0,0,0.01947604,True,Low
0,0,0.040727198,True,Low
1,1,0.9539794,True,High
1,1,0.9998486,True,High
0,0,0.026186632,True,Low
1,1,0.99586284,True,High
1,1,0.9980217,True,High
1,1,0.9279489,True,High
0,0,0.087581076,True,Low
1,1,0.98093283,True,High
1,1,0.93333805,True,High
0,0,0.017932605,True,Low
1,1,0.84931123,True,High
1,1,0.5917115,True,Medium
1,1,0.99736303,True,High
0,0,0.06984382,True,Low
0,0,0.047244757,True,Low
1,1,0.9950656,True,High
0,0,0.08954819,True,Low
0,0,0.02632709,True,Low
1,1,0.99732023,True,High
0,0,0.09236513,True,Low
1,1,0.99962914,True,High
1,1,0.9938776,True,High
0,0,0.14004411,True,Low
1,1,0.9690542,True,High
0,0,0.012954244,True,Low
1,1,0.8463821,True,High
0,0,0.03741238,True,Low
0,0,0.20383207,True,Low
0,0,0.0149267735,True,Low
0,1,0.90000904,False,High
1,1,0.99912494,True,High
0,0,0.057910215,True,Low
1,1,0.99860245,True,High
0,0,0.12621258,True,Low
1,1,0.6706068,True,Medium
1,1,0.9999032,True,High
1,1,0.99785346,True,High
0,0,0.018670442,True,Low
1,1,0.9977527,True,High
1,1,0.5910485,True,Medium
1,1,0.94356704,True,High
1,1,0.99992645,True,High
0,0,0.037957698,True,Low
0,0,0.02120003,True,Low
1,1,0.9996605,True,High
0,0,0.07514044,True,Low
0,0,0.02788498,True,Low
1,1,0.8218308,True,High
1,1,0.8225828,True,High
1,0,0.45186976,False,Medium
0,0,0.24922419,True,Low
1,1,0.81960684,True,High
0,0,0.03381583,True,Low
0,0,0.0302272,True,Low
0,1,0.69996774,False,Medium
1,1,0.99841917,True,High
1,1,0.99989605,True,High
1,1,0.88478804,True,High
1,1,0.9536771,True,High
0,0,0.04146323,True,Low
0,0,0.08272688,True,Low
1,1,0.9989613,True,High
0,0,0.106212154,True,Low
0,1,0.72962725,False,High
0,0,0.009571561,True,Low
1,1,0.9976761,True,High
0,0,0.039356258,True,Low
0,0,0.011462047,True,Low
1,1,0.9994363,True,High
1,1,0.94562924,True,High
1,1,0.98294306,True,High
1,1,0.99995565,True,High
0,0,0.0143035725,True,Low
1,1,0.84533626,True,High
0,0,0.033313584,True,Low
1,0,0.08459177,False,Low
1,1,0.9903826,True,High
1,1,0.99974257,True,High
1,1,0.9992812,True,High
0,0,0.07356728,True,Low
1,1,0.9999306,True,High
1,1,0.9922259,True,High
0,0,0.07594775,True,Low
0,0,0.04861289,True,Low
1,1,0.99973696,True,High
1,1,0.9181479,True,High
1,0,0.31898013,False,Medium
0,0,0.022490915,True,Low
1,1,0.9781473,True,High
1,1,0.9990803,True,High
1,1,0.9116861,True,High
1,1,0.98133504,True,High
0,0,0.04887224,True,Low
1,1,0.90843475,True,High
0,0,0.041956335,True,Low
1,1,0.99835074,True,High
1,1,0.9929046,True,High
0,0,0.079619184,True,Low
1,1,0.99913543,True,High
1,1,0.8916577,True,High
0,0,0.050551917,True,Low
0,0,0.02839083,True,Low
1,1,0.99885535,True,High
1,1,0.99850583,True,High
1,0,0.12740004,False,Low
0,0,0.0808411,True,Low
1,1,0.93294847,True,High
1,1,0.9972588,True,High
0,0,0.035834625,True,Low
1,1,0.9120811,True,High
1,1,0.9634239,True,High
1,1,0.9988475,True,High
1,1,0.95504105,True,High
0,1,0.5918345,False,Medium
1,1,0.9999298,True,High
1,1,0.978208,True,High
0,0,0.052030947,True,Low
0,0,0.30140746,True,Medium
1,1,0.96754515,True,High
0,0,0.07488659,True,Low
0,1,0.72149074,False,High
0,0,0.03870127,True,Low
0,0,0.08854465,True,Low
1,1,0.9120538,True,High
1,1,0.9966792,True,High
0,0,0.022086104,True,Low
1,1,0.96232927,True,High
1,1,0.9993923,True,High
0,0,0.0864798,True,Low
1,1,0.81283087,True,High
0,0,0.107823856,True,Low
0,0,0.02655113,True,Low
1,1,0.79852915,True,High
1,1,0.91189474,True,High
1,1,0.9670602,True,High
1,1,0.996521,True,High
1,1,0.9982487,True,High
0,0,0.0934212,True,Low
1,1,0.9992865,True,High
1,1,0.99983096,True,High
1,1,0.72361684,True,High
1,1,0.9880822,True,High
1,1,0.99875486,True,High
1,1,0.9999087,True,High
0,0,0.033347216,True,Low
1,1,0.82264936,True,High
0,0,0.019475538,True,Low
0,0,0.15412274,True,Low
1,1,0.9963883,True,High
1,1,0.996705,True,High
1,1,0.9592641,True,High
1,1,0.97614485,True,High
1,1,0.99975914,True,High
1,1,0.99548006,True,High
0,0,0.030180432,True,Low
0,0,0.015927946,True,Low
0,0,0.029325524,True,Low
1,1,0.9881903,True,High
1,1,0.99905056,True,High
1,1,0.9986785,True,High
0,1,0.85431296,False,High
0,0,0.015050997,True,Low
1,1,0.98538905,True,High
1,1,0.9810526,True,High
0,0,0.059692208,True,Low
1,1,0.99962175,True,High
0,0,0.17285477,True,Low
0,0,0.056979243,True,Low
1,1,0.99175245,True,High
1,1,0.9895772,True,High
1,1,0.9815995,True,High
0,1,0.5088097,False,Medium
1,1,0.7882394,True,High
0,0,0.019571662,True,Low
0,0,0.070911124,True,Low
1,1,0.9996605,True,High
1,1,0.999553,True,High
0,0,0.022770321,True,Low
0,0,0.030070016,True,Low
0,0,0.04290882,True,Low
0,0,0.11165914,True,Low
0,0,0.09622321,True,Low
1,1,0.99969363,True,High
0,0,0.1932664,True,Low
1,1,0.99803823,True,High
0,1,0.87273204,False,High
0,0,0.026488181,True,Low
0,1,0.89259064,False,High
1,1,0.79435414,True,High
0,0,0.049654026,True,Low
1,1,0.99827135,True,High
1,1,0.99955624,True,High
0,0,0.13096413,True,Low
0,1,0.94014126,False,High
0,0,0.0794778,True,Low
0,0,0.03911913,True,Low
0,0,0.01212844,True,Low
0,0,0.060706902,True,Low
0,0,0.057437897,True,Low
0,0,0.16977756,True,Low
1,1,0.9989779,True,High
0,0,0.07574143,True,Low
1,1,0.9974975,True,High
1,1,0.98979974,True,High
1,1,0.9998117,True,High
1,1,0.99691653,True,High
0,0,0.14988407,True,Low
0,0,0.013229847,True,Low
1,1,0.99698156,True,High
1,1,0.99991775,True,High
0,0,0.01421446,True,Low
1,1,0.9943336,True,High
0,1,0.9625225,False,High
0,0,0.034319405,True,Low
1,1,0.98629445,True,High
1,1,0.99130803,True,High
1,1,0.99011225,True,High
1,1,0.91915184,True,High
0,1,0.79172844,False,High
0,0,0.032204688,True,Low
1,1,0.9285601,True,High
0,0,0.048958212,True,Low
1,1,0.89794296,True,High
0,0,0.17977706,True,Low
0,0,0.03441209,True,Low
1,1,0.58421916,True,Medium
0,0,0.1545976,True,Low
1,1,0.97939324,True,High
1,1,0.99625814,True,High
0,0,0.03674231,True,Low
1,1,0.8959106,True,High
0,0,0.077684015,True,Low
1,1,0.9987388,True,High
0,0,0.080015935,True,Low
0,0,0.008725626,True,Low
0,0,0.045043327,True,Low
1,1,0.99862397,True,High
1,1,0.9890609,True,High
0,0,0.023733184,True,Low
1,1,0.9953111,True,High
1,1,0.99598783,True,High
0,0,0.03870249,True,Low
0,0,0.111596644,True,Low
1,1,0.99941826,True,High
1,1,0.9967158,True,High
1,1,0.98849547,True,High
0,0,0.14613312,True,Low
0,0,0.012955902,True,Low
0,0,0.014238432,True,Low
0,0,0.23572765,True,Low
0,0,0.10581182,True,Low
0,0,0.017923772,True,Low
1,1,0.9864412,True,High
0,0,0.025526186,True,Low
0,0,0.012320459,True,Low
1,1,0.99938333,True,High
0,0,0.066578895,True,Low
0,0,0.03043399,True,Low
0,0,0.23357092,True,Low
1,1,0.98119867,True,High
1,1,0.91692984,True,High
1,0,0.33657882,False,Medium
1,1,0.99331784,True,High
0,0,0.04120535,True,Low
0,0,0.042208873,True,Low
0,0,0.02562411,True,Low
0,0,0.01606213,True,Low
1,1,0.99661994,True,High
0,0,0.04126611,True,Low
1,1,0.9936528,True,High
1,1,0.99940634,True,High
1,1,0.9672939,True,High
0,0,0.093996175,True,Low
1,0,0.23515463,False,Low
1,1,0.9257477,True,High
0,0,0.016235344,True,Low
1,1,0.99381155,True,High
1,0,0.24196586,False,Low
1,1,0.9093342,True,High
0,0,0.029452715,True,Low
1,1,0.99593735,True,High
0,0,0.013431881,True,Low
0,0,0.031296987,True,Low
1,1,0.76558965,True,High
1,1,0.9967031,True,High
1,1,0.9981846,True,High
1,1,0.9992176,True,High
0,0,0.03652854,True,Low
0,0,0.008963367,True,Low
0,0,0.028914277,True,Low
0,0,0.25399694,True,Low
0,0,0.013884596,True,Low
1,1,0.98289824,True,High
1,1,0.98987526,True,High
1,1,0.99870443,True,High
1,1,0.9843978,True,High
0,0,0.17044176,True,Low
0,0,0.06927619,True,Low
0,0,0.027105149,True,Low
0,0,0.091144666,True,Low
0,0,0.030393148,True,Low
0,0,0.04201039,True,Low
1,1,0.98689497,True,High
1,1,0.98465997,True,High
0,0,0.06604221,True,Low
1,1,0.99320763,True,High
0,0,0.0132114785,True,Low
1,1,0.9012145,True,High
1,1,0.9963163,True,High
1,1,0.9889264,True,High
0,0,0.22562978,True,Low
0,0,0.013119895,True,Low
0,0,0.040458348,True,Low
0,0,0.02313822,True,Low
1,1,0.9996221,True,High
1,1,0.97777027,True,High
1,1,0.9994122,True,High
0,1,0.88621527,False,High
1,1,0.7800201,True,High
1,1,0.7999388,True,High
0,0,0.017773254,True,Low
1,1,0.998042,True,High
0,0,0.0015684576,True,Low
1,1,0.9952251,True,High
0,0,0.12645902,True,Low
1,1,0.9956012,True,High
0,0,0.078936525,True,Low
0,0,0.04750825,True,Low
1,1,0.99914503,True,High
1,1,0.9980603,True,High
1,1,0.98431695,True,High
1,0,0.063753575,False,Low
0,0,0.037591096,True,Low
0,0,0.12124779,True,Low
0,0,0.18132922,True,Low
1,1,0.99620605,True,High
1,1,0.98655814,True,High
1,0,0.028953657,False,Low
1,1,0.9998035,True,High
1,1,0.9985343,True,High
0,0,0.010368337,True,Low
1,1,0.99744415,True,High
1,1,0.9999256,True,High
0,0,0.040237576,True,Low
0,0,0.043340724,True,Low
0,0,0.06135388,True,Low
0,0,0.060574662,True,Low
1,0,0.048151992,False,Low
1,1,0.9798788,True,High
0,0,0.0737509,True,Low
0,0,0.030543558,True,Low
0,0,0.018778842,True,Low
1,1,0.9991974,True,High
0,0,0.008320388,True,Low
0,0,0.024449809,True,Low
0,0,0.042552598,True,Low
1,1,0.9990632,True,High
0,0,0.06708486,True,Low
1,1,0.9535643,True,High
1,1,0.99807215,True,High
0,0,0.033984933,True,Low
0,0,0.12364171,True,Low
1,1,0.99265,True,High
0,0,0.21027668,True,Low
1,1,0.962302,True,High
0,0,0.02111527,True,Low
1,1,0.99652845,True,High
1,1,0.9979522,True,High
0,0,0.09141348,True,Low
1,0,0.3585605,False,Medium
1,1,0.81725615,True,High
1,1,0.99858665,True,High
0,0,0.016243594,True,Low
0,0,0.056282323,True,Low
0,0,0.083834335,True,Low
1,1,0.9741871,True,High
0,0,0.03442496,True,Low
0,0,0.046915576,True,Low
1,1,0.8630626,True,High
0,0,0.027548436,True,Low
1,1,0.9987081,True,High
0,0,0.00875126,True,Low
0,0,0.13162978,True,Low
1,1,0.99296325,True,High
0,0,0.024017088,True,Low
1,1,0.97370714,True,High
0,0,0.017205914,True,Low
0,0,0.013795085,True,Low
1,1,0.9992724,True,High
0,0,0.07525016,True,Low
1,1,0.99193245,True,High
1,1,0.99867284,True,High
0,0,0.06458724,True,Low
1,1,0.9963356,True,High
0,0,0.017965771,True,Low
1,1,0.9939871,True,High
1,1,0.99966335,True,High
1,1,0.99854976,True,High
1,1,0.9932516,True,High
1,1,0.9992061,True,High
0,0,0.038583364,True,Low
1,1,0.92070544,True,High
0,0,0.022568628,True,Low
1,1,0.9997123,True,High
1,1,0.99622726,True,High
0,0,0.0765917,True,Low
1,1,0.9937012,True,High
1,1,0.9875329,True,High
1,1,0.81587803,True,High
1,1,0.89249974,True,High
1,1,0.99837756,True,High
1,1,0.9840943,True,High
0,0,0.025649402,True,Low
1,1,0.9961253,True,High
0,0,0.03616426,True,Low
0,0,0.040025532,True,Low
0,0,0.019054968,True,Low
1,1,0.9623,True,High
1,1,0.98603046,True,High
0,0,0.05490404,True,Low
1,1,0.99551743,True,High
1,1,0.9736951,True,High
1,1,0.99894696,True,High
0,0,0.06897069,True,Low
0,0,0.018394005,True,Low
0,0,0.026554247,True,Low
1,1,0.9990941,True,High
0,0,0.07500423,True,Low
1,1,0.9909634,True,High
1,1,0.99955827,True,High
1,1,0.99983096,True,High
1,1,0.95880884,True,High
0,0,0.058088426,True,Low
0,0,0.06746494,True,Low
1,1,0.94778395,True,High
0,0,0.09817121,True,Low
0,0,0.019585717,True,Low
0,0,0.024785059,True,Low
1,1,0.9998097,True,High
1,1,0.9997725,True,High
1,1,0.9991239,True,High
1,1,0.8964546,True,High
1,1,0.9999758,True,High
0,0,0.11268852,True,Low
0,0,0.0167721,True,Low
1,1,0.9998994,True,High
1,1,0.9903178,True,High
0,0,0.009321226,True,Low
0,0,0.21441443,True,Low
1,1,0.9981535,True,High
0,0,0.010510939,True,Low
0,0,0.029914102,True,Low
1,1,0.97295165,True,High
1,0,0.03593855,False,Low
0,0,0.0010293484,True,Low
1,1,0.96562415,True,High
0,0,0.25204393,True,Low
0,0,0.014082702,True,Low
0,0,0.24758513,True,Low
1,1,0.9982986,True,High
1,1,0.9682682,True,High
1,1,0.8996007,True,High
0,0,0.06260198,True,Low
1,1,0.91983294,True,High
0,0,0.13563693,True,Low
1,1,0.9967012,True,High
1,1,0.9994537,True,High
0,0,0.035773892,True,Low
1,1,0.94486904,True,High
1,1,0.96365666,True,High
1,1,0.98805946,True,High
1,1,0.9932516,True,High
1,1,0.97533435,True,High
0,0,0.010858906,True,Low
0,0,0.021757668,True,Low
1,1,0.9954723,True,High
1,1,0.9937874,True,High
1,1,0.9909952,True,High
0,0,0.04981205,True,Low
1,1,0.8960747,True,High
0,0,0.0043455455,True,Low
1,1,0.9969117,True,High
1,1,0.99819,True,High
0,0,0.014523325,True,Low
1,0,0.038921263,False,Low
0,0,0.062828235,True,Low
1,1,0.9622918,True,High
1,1,0.88656,True,High
1,1,0.97152203,True,High
1,1,0.98467153,True,High
1,1,0.98970944,True,High
0,0,0.014345349,True,Low
0,0,0.032274954,True,Low
1,1,0.8211417,True,High
0,0,0.017249478,True,Low
0,0,0.07177146,True,Low
1,1,0.9998167,True,High
0,0,0.1299495,True,Low
0,0,0.04432395,True,Low
1,1,0.99800247,True,High
1,1,0.9938373,True,High
1,1,0.99646,True,High
0,0,0.050102763,True,Low
0,0,0.02507298,True,Low
1,1,0.9988224,True,High
1,1,0.9984225,True,High
1,1,0.98325884,True,High
1,1,0.9990633,True,High
1,1,0.99974877,True,High
1,1,0.9986284,True,High
1,1,0.961857,True,High
0,0,0.04631483,True,Low
0,0,0.006031458,True,Low
0,0,0.018094609,True,Low
0,1,0.79689294,False,High
1,1,0.9997571,True,High
1,1,0.9981345,True,High
0,0,0.09868758,True,Low
0,1,0.8697188,False,High
0,0,0.031379364,True,Low
1,1,0.9900591,True,High
1,1,0.9407242,True,High
1,0,0.17507015,False,Low
1,1,0.9952974,True,High
1,1,0.99450076,True,High
1,1,0.9993235,True,High
1,1,0.87522435,True,High
0,0,0.053536545,True,Low
1,1,0.9989579,True,High
0,0,0.07289423,True,Low
0,0,0.10422383,True,Low
0,0,0.045625202,True,Low
0,0,0.021349994,True,Low
0,0,0.02068916,True,Low
1,1,0.99860257,True,High
1,1,0.96979225,True,High
0,0,0.038493987,True,Low
0,0,0.037130024,True,Low
0,0,0.09954554,True,Low
1,1,0.99467456,True,High
1,1,0.9931492,True,High
1,1,0.9504893,True,High
0,0,0.014281678,True,Low
0,0,0.019359076,True,Low
0,0,0.010240518,True,Low
0,0,0.0798745,True,Low
0,0,0.16993849,True,Low
1,1,0.94198066,True,High
1,1,0.9802813,True,High
0,0,0.01497125,True,Low
0,0,0.023969727,True,Low
1,1,0.97115964,True,High
1,1,0.9739828,True,High
1,0,0.053577393,False,Low
0,0,0.048036724,True,Low
1,0,0.38728568,False,Medium
1,1,0.99984074,True,High
0,0,0.017909316,True,Low
0,0,0.02320188,True,Low
0,0,0.009834002,True,Low
0,0,0.04377319,True,Low
1,1,0.9871361,True,High
1,1,0.9972153,True,High
1,1,0.9879567,True,High
1,1,0.99457896,True,High
0,0,0.020209556,True,Low
1,1,0.9994136,True,High
0,0,0.08913628,True,Low
0,0,0.05982655,True,Low
0,0,0.052610792,True,Low
1,1,0.99816245,True,High
0,0,0.060324922,True,Low
0,0,0.050335966,True,Low
0,0,0.021280285,True,Low
1,1,0.9851007,True,High
0,0,0.0034950003,True,Low
0,0,0.042767756,True,Low
1,1,0.99991643,True,High
0,0,0.005900971,True,Low
0,0,0.33343762,True,Medium
0,0,0.0043260334,True,Low
1,1,0.9999274,True,High
0,0,0.05341194,True,Low
1,1,0.9946853,True,High
1,1,0.9969201,True,High
1,1,0.98716587,True,High
1,1,0.990862,True,High
1,1,0.99687296,True,High
1,1,0.99218667,True,High
1,1,0.9992235,True,High
0,0,0.089744575,True,Low
0,0,0.030393148,True,Low
1,1,0.9951793,True,High
0,0,0.37653723,True,Medium
0,0,0.04834988,True,Low
0,0,0.03509449,True,Low
0,0,0.014506647,True,Low
0,0,0.0749265,True,Low
1,1,0.9933323,True,High
0,0,0.025521204,True,Low
1,1,0.9588065,True,High
1,1,0.9980562,True,High
0,0,0.44407192,True,Medium
1,1,0.9820794,True,High
1,1,0.99850583,True,High
1,1,0.99980134,True,High
0,0,0.0051818066,True,Low
1,1,0.98625296,True,High
1,1,0.99985695,True,High
1,1,0.99705374,True,High
1,1,0.9985586,True,High
0,0,0.037481327,True,Low
1,0,0.19427295,False,Low
1,1,0.997323,True,High
1,1,0.9442313,True,High
1,1,0.9863213,True,High
1,1,0.99276674,True,High
0,1,0.9576393,False,High
0,0,0.40501967,True,Medium
0,0,0.14298704,True,Low
0,0,0.3425872,True,Medium
1,0,0.081181645,False,Low
1,1,0.9978975,True,High
1,1,0.93412,True,High
1,1,0.9345201,True,High
0,0,0.004451007,True,Low
1,1,0.9802004,True,High
0,0,0.047529165,True,Low
1,1,0.99956065,True,High
0,0,0.012878949,True,Low
1,1,0.9930479,True,High
1,1,0.99880385,True,High
0,0,0.11141221,True,Low
1,1,0.984057,True,High
0,0,0.03539439,True,Low
1,1,0.9552701,True,High
1,1,0.97852,True,High
0,0,0.021173825,True,Low
1,1,0.8439194,True,High
1,1,0.9802429,True,High
0,0,0.02818809,True,Low
1,1,0.98072594,True,High
0,0,0.055487145,True,Low
0,0,0.012732493,True,Low
1,1,0.9990054,True,High
1,1,0.99028033,True,High
0,0,0.02982137,True,Low
0,0,0.026968542,True,Low
0,0,0.10446639,True,Low
1,1,0.99932504,True,High
1,1,0.9994165,True,High
0,0,0.061659433,True,Low
1,0,0.12790927,False,Low
0,0,0.030468235,True,Low
0,1,0.5027156,False,Medium
0,0,0.03253407,True,Low
1,1,0.98219,True,High
0,0,0.024726963,True,Low
0,0,0.09605312,True,Low
0,0,0.025548987,True,Low
1,1,0.9416982,True,High
0,0,0.023736047,True,Low
0,1,0.5116258,False,Medium
1,1,0.99430144,True,High
1,1,0.9921009,True,High
0,0,0.045718394,True,Low
0,0,0.025583068,True,Low
1,1,0.97737324,True,High
1,1,0.9579364,True,High
1,1,0.99586284,True,High
0,0,0.02286509,True,Low
0,0,0.029745655,True,Low
0,1,0.8610292,False,High
0,0,0.01534553,True,Low
0,0,0.026998652,True,Low
1,1,0.6931622,True,Medium
0,0,0.030022915,True,Low
0,0,0.026067186,True,Low
1,1,0.9991429,True,High
1,1,0.9965263,True,High
1,1,0.99305177,True,High
0,0,0.007903821,True,Low
1,1,0.9997123,True,High
1,1,0.8414362,True,High
1,1,0.9092571,True,High
1,1,0.8315518,True,High
1,1,0.8807239,True,High
1,1,0.96686167,True,High
0,0,0.033724774,True,Low
1,1,0.9668131,True,High
0,0,0.0201463,True,Low
0,0,0.15031122,True,Low
1,1,0.99917287,True,High
0,0,0.031041775,True,Low
1,1,0.9819271,True,High
1,1,0.9982862,True,High
1,1,0.9950531,True,High
1,1,0.99978167,True,High
1,1,0.9981616,True,High
0,0,0.07988703,True,Low
0,0,0.042125136,True,Low
0,0,0.07717049,True,Low
1,1,0.99217707,True,High
0,0,0.028207742,True,Low
1,1,0.978014,True,High
0,0,0.031961534,True,Low
1,0,0.13242818,False,Low
1,1,0.9093857,True,High
0,0,0.046035964,True,Low
0,0,0.021447543,True,Low
1,0,0.3790395,False,Medium
1,1,0.99441236,True,High
1,0,0.010727671,False,Low
1,1,0.7610221,True,High
1,0,0.17578113,False,Low
1,1,0.9334603,True,High
1,1,0.9989034,True,High
1,1,0.76993185,True,High
1,1,0.8976165,True,High
0,0,0.05622144,True,Low
0,0,0.08918678,True,Low
0,0,0.07372835,True,Low
1,0,0.37442297,False,Medium
0,0,0.07189548,True,Low
0,0,0.019045014,True,Low
0,0,0.04667643,True,Low
1,1,0.999798,True,High
0,0,0.014906657,True,Low
1,1,0.9977912,True,High
1,1,0.9896846,True,High
1,1,0.9975178,True,High
0,1,0.7479797,False,High
1,1,0.99932754,True,High
0,0,0.019640533,True,Low
0,0,0.09367294,True,Low
1,1,0.99973875,True,High
1,1,0.99906904,True,High
0,0,0.09502929,True,Low
1,1,0.90312284,True,High
1,1,0.99974984,True,High
0,0,0.05369323,True,Low
0,0,0.046602126,True,Low
1,1,0.9617116,True,High
1,1,0.9990477,True,High
0,0,0.02060458,True,Low
1,1,0.9957912,True,High
0,0,0.07593244,True,Low
1,1,0.98390007,True,High
0,0,0.054800794,True,Low
0,0,0.102014594,True,Low
1,1,0.97138095,True,High
0,0,0.019236593,True,Low
0,0,0.060248204,True,Low
1,1,0.9989256,True,High
0,0,0.038548056,True,Low
0,0,0.033106126,True,Low
0,0,0.14623271,True,Low
0,0,0.0023709396,True,Low
1,1,0.99777776,True,High
1,1,0.98899883,True,High
0,0,0.04905037,True,Low
0,0,0.120244354,True,Low
0,0,0.050876006,True,Low
1,1,0.9997882,True,High
0,0,0.048578415,True,Low
1,1,0.9871787,True,High
0,0,0.03569034,True,Low
1,1,0.99823064,True,High
1,1,0.99922395,True,High
0,0,0.013477775,True,Low
1,1,0.99531144,True,High
1,1,0.9998965,True,High
1,1,0.9964162,True,High
0,0,0.15383984,True,Low
1,1,0.9572801,True,High
1,1,0.95913804,True,High
1,1,0.9873406,True,High
0,0,0.022574756,True,Low
0,0,0.028343167,True,Low
0,0,0.2416769,True,Low
1,1,0.9975266,True,High
0,0,0.0080744205,True,Low
0,0,0.030393148,True,Low
1,1,0.9990031,True,High
0,0,0.017983288,True,Low
1,1,0.88734645,True,High
0,0,0.1569756,True,Low
1,1,0.9997967,True,High
0,0,0.018379692,True,Low
0,0,0.12777421,True,Low
1,1,0.9544295,True,High
1,1,0.9254574,True,High
1,1,0.66162187,True,Medium
0,0,0.029184883,True,Low
1,1,0.99760914,True,High
1,1,0.97299415,True,High
1,1,0.62905836,True,Medium
0,1,0.56248844,False,Medium
1,0,0.23405264,False,Low
1,1,0.99958664,True,High
1,1,0.9854615,True,High
1,1,0.75148064,True,High
1,1,0.9998982,True,High
1,1,0.8778594,True,High
1,1,0.9883886,True,High
0,0,0.36755264,True,Medium
0,0,0.019171614,True,Low
1,1,0.89434564,True,High
0,0,0.042115007,True,Low
1,1,0.9968941,True,High
0,0,0.10489527,True,Low
0,1,0.7282346,False,High
1,1,0.9929698,True,High
1,1,0.99685466,True,High
0,0,0.24290833,True,Low
1,1,0.99434066,True,High
1,1,0.985226,True,High
1,1,0.9998852,True,High
1,1,0.999268,True,High
1,1,0.9785743,True,High
0,0,0.022763547,True,Low
0,0,0.013865454,True,Low
1,0,0.4558795,False,Medium
1,1,0.9932979,True,High
1,1,0.97284883,True,High
1,1,0.9985631,True,High
0,0,0.08753954,True,Low
1,1,0.9889169,True,High
1,1,0.88128775,True,High
1,1,0.99728537,True,High
1,1,0.9957016,True,High
0,0,0.15197708,True,Low
1,1,0.59738994,True,Medium
0,0,0.019151114,True,Low
1,1,0.99573624,True,High
1,1,0.99817014,True,High
0,0,0.012339633,True,Low
1,1,0.9991603,True,High
1,1,0.93307984,True,High
1,1,0.9965396,True,High
1,1,0.9990834,True,High
0,0,0.04047187,True,Low
0,0,0.010708705,True,Low
0,0,0.08278253,True,Low
1,1,0.70156175,True,High
1,1,0.9998511,True,High
0,0,0.18439819,True,Low
0,0,0.046085,True,Low
1,1,0.9724026,True,High
0,0,0.0922829,True,Low
0,0,0.09125493,True,Low
0,0,0.09272382,True,Low
1,1,0.9990319,True,High
0,0,0.05405499,True,Low
0,0,0.045066025,True,Low
1,1,0.9952311,True,High
0,0,0.24061652,True,Low
1,1,0.998676,True,High
1,1,0.9993555,True,High
0,0,0.055570118,True,Low
0,0,0.048902735,True,Low
0,0,0.12251784,True,Low
0,0,0.02982462,True,Low
1,1,0.9702443,True,High
1,1,0.99965703,True,High
0,0,0.03764565,True,Low
1,1,0.999941,True,High
0,0,0.03723806,True,Low
1,1,0.9988433,True,High
1,1,0.9995813,True,High
1,1,0.9995571,True,High
1,1,0.97723025,True,High
1,1,0.7828923,True,High
1,1,0.7526947,True,High
1,1,0.98457664,True,High
1,1,0.965144,True,High
1,1,0.92521876,True,High
1,1,0.9579234,True,High
1,1,0.8874902,True,High
0,1,0.7890348,False,High
0,0,0.025240144,True,Low
1,1,0.9724357,True,High
1,1,0.98806655,True,High
1,1,0.9975503,True,High
0,0,0.013565428,True,Low
0,1,0.54795957,False,Medium
1,1,0.966218,True,High
0,0,0.013421712,True,Low
1,1,0.9990263,True,High
0,0,0.046303112,True,Low
1,1,0.9990068,True,High
1,1,0.6756915,True,Medium
1,1,0.9894769,True,High
0,0,0.032325502,True,Low
1,1,0.9383647,True,High
1,1,0.8660312,True,High
0,0,0.035218976,True,Low
1,1,0.9979742,True,High
0,0,0.04023475,True,Low
1,1,0.9705001,True,High
1,1,0.75552887,True,High
1,1,0.99817026,True,High
0,0,0.09803683,True,Low
1,1,0.9479572,True,High
1,1,0.84596187,True,High
1,1,0.99946624,True,High
1,1,0.87912434,True,High
1,1,0.994545,True,High
1,1,0.8537547,True,High
1,1,0.9980574,True,High
0,0,0.04148778,True,Low
1,1,0.9979273,True,High
1,1,0.9955279,True,High
1,1,0.9928653,True,High
0,0,0.04143006,True,Low
0,0,0.065487884,True,Low
1,1,0.9927977,True,High
0,0,0.08004633,True,Low
1,1,0.8635784,True,High
1,1,0.99579453,True,High
1,1,0.99859196,True,High
1,1,0.9400723,True,High
0,0,0.35835907,True,Medium
1,1,0.9544612,True,High
0,0,0.14184713,True,Low
0,0,0.044829402,True,Low
0,0,0.038935527,True,Low
1,0,0.4233379,False,Medium
0,0,0.032678302,True,Low
0,0,0.009911133,True,Low
1,1,0.97861767,True,High
0,0,0.026042573,True,Low
0,0,0.069581635,True,Low
1,1,0.99275947,True,High
1,1,0.99923515,True,High
0,0,0.022602312,True,Low
0,1,0.54320765,False,Medium
0,0,0.12761082,True,Low
0,0,0.029141063,True,Low
0,0,0.02559648,True,Low
0,0,0.052115325,True,Low
1,1,0.9988405,True,High
0,0,0.027922768,True,Low
1,1,0.99754035,True,High
0,1,0.8191505,False,High
1,1,0.99914396,True,High
0,0,0.02697134,True,Low
0,0,0.038987298,True,Low
0,0,0.08285189,True,Low
1,1,0.94306666,True,High
1,1,0.99803144,True,High
1,1,0.98687047,True,High
1,1,0.99912804,True,High
1,1,0.8674357,True,High
1,1,0.9995486,True,High
0,1,0.5396333,False,Medium
1,0,0.17576636,False,Low
1,1,0.9942034,True,High
0,0,0.23997046,True,Low
1,1,0.9932255,True,High
0,0,0.0210839,True,Low
1,1,0.99454284,True,High
0,0,0.018843923,True,Low
0,0,0.024073761,True,Low
0,0,0.027519325,True,Low
0,0,0.056178004,True,Low
0,0,0.036307372,True,Low
0,1,0.623932,False,Medium
0,0,0.031706274,True,Low
0,0,0.017208446,True,Low
0,1,0.9177326,False,High
1,1,0.97684914,True,High
1,1,0.9988896,True,High
1,1,0.99647266,True,High
0,0,0.1979956,True,Low
1,1,0.9954455,True,High
0,0,0.012459806,True,Low
1,1,0.9938386,True,High
1,1,0.94240594,True,High
1,1,0.9871765,True,High
0,0,0.030393148,True,Low
0,0,0.048371803,True,Low
1,1,0.96969706,True,High
0,0,0.007878443,True,Low
0,0,0.14560819,True,Low
0,0,0.04072054,True,Low
0,0,0.043986004,True,Low
0,0,0.02186636,True,Low
0,0,0.032073785,True,Low
0,0,0.013156117,True,Low
0,0,0.16219166,True,Low
1,1,0.98854107,True,High
1,1,0.98251224,True,High
1,1,0.9999255,True,High
0,0,0.040297832,True,Low
0,0,0.094591044,True,Low
1,1,0.98967266,True,High
0,0,0.041509885,True,Low
0,0,0.069011316,True,Low
1,1,0.99596953,True,High
1,1,0.9995414,True,High
1,1,0.8265543,True,High
1,1,0.9875882,True,High
0,0,0.042049557,True,Low
0,0,0.10474848,True,Low
1,1,0.5688229,True,Medium
1,1,0.9974775,True,High
0,0,0.01226071,True,Low
0,0,0.0348428,True,Low
0,0,0.3941515,True,Medium
1,1,0.9920846,True,High
0,0,0.031309023,True,Low
1,1,0.9956814,True,High
0,0,0.20439517,True,Low
0,0,0.1968828,True,Low
1,1,0.9968929,True,High
1,1,0.9991295,True,High
1,1,0.99719316,True,High
1,1,0.706453,True,High
1,1,0.9244933,True,High
1,1,0.9997497,True,High
1,1,0.9330273,True,High
0,0,0.04901479,True,Low
1,0,0.45255053,False,Medium
1,1,0.92161185,True,High
1,1,0.96234196,True,High
0,0,0.06857488,True,Low
0,0,0.028324682,True,Low
0,0,0.22410847,True,Low
1,1,0.99280447,True,High
1,1,0.99820864,True,High
0,1,0.7496721,False,High
0,0,0.057057016,True,Low
1,1,0.9321701,True,High
0,0,0.055702917,True,Low
1,1,0.90525156,True,High
0,0,0.20034763,True,Low
1,0,0.050758217,False,Low
1,1,0.80965185,True,High
0,0,0.010470108,True,Low
1,1,0.9980787,True,High
0,0,0.00502808,True,Low
1,1,0.99304765,True,High
0,0,0.06606842,True,Low
0,0,0.03211286,True,Low
0,0,0.0797959,True,Low
0,0,0.003381126,True,Low
1,1,0.62328625,True,Medium
1,1,0.9976623,True,High
1,1,0.99692506,True,High
1,1,0.8616175,True,High
1,1,0.9994642,True,High
0,0,0.06479721,True,Low
0,0,0.021077344,True,Low
0,0,0.036030054,True,Low
1,1,0.9997453,True,High
0,0,0.2063986,True,Low
0,0,0.017365344,True,Low
0,0,0.023374667,True,Low
0,0,0.044574846,True,Low
0,0,0.07946126,True,Low
0,0,0.10986261,True,Low
1,1,0.90503085,True,High
1,0,0.042281397,False,Low
1,1,0.99704057,True,High
0,0,0.060020678,True,Low
1,1,0.9999316,True,High
0,0,0.07011237,True,Low
1,0,0.05383167,False,Low
0,0,0.042167764,True,Low
1,1,0.99991274,True,High
0,0,0.03881917,True,Low
1,1,0.9960567,True,High
1,1,0.9974956,True,High
1,1,0.98915476,True,High
1,0,0.46945348,False,Medium
1,1,0.6755485,True,Medium
0,0,0.023012636,True,Low
1,0,0.05821158,False,Low
0,0,0.10713859,True,Low
1,1,0.9993789,True,High
1,1,0.9996574,True,High
1,1,0.9998399,True,High
1,1,0.9988695,True,High
1,1,0.9997416,True,High
0,0,0.050554827,True,Low
1,1,0.9996964,True,High
0,0,0.051662344,True,Low
0,0,0.054625373,True,Low
0,0,0.2547864,True,Low
0,0,0.019558482,True,Low
1,1,0.98247105,True,High
1,0,0.03442757,False,Low
1,1,0.99818605,True,High
1,1,0.9658709,True,High
0,0,0.036945865,True,Low
1,1,0.9767885,True,High
1,0,0.21400908,False,Low
1,1,0.99939585,True,High
0,0,0.08496317,True,Low
0,0,0.009252334,True,Low
1,1,0.9556004,True,High
1,1,0.9505007,True,High
0,0,0.03965823,True,Low
0,1,0.7096894,False,High
1,1,0.9999099,True,High
1,1,0.99976546,True,High
0,0,0.04756415,True,Low
0,0,0.009002092,True,Low
1,1,0.9429283,True,High
0,0,0.14289667,True,Low
0,0,0.07120518,True,Low
0,0,0.038313247,True,Low
1,1,0.98457575,True,High
0,0,0.019221889,True,Low
1,1,0.9934495,True,High
0,0,0.02419569,True,Low
1,1,0.83480597,True,High
0,0,0.16265962,True,Low
0,0,0.0309847,True,Low
1,1,0.99973375,True,High
0,0,0.037439797,True,Low
0,0,0.13355793,True,Low
0,0,0.013112703,True,Low
0,0,0.20492378,True,Low
1,1,0.9935243,True,High
0,0,0.031421043,True,Low
0,0,0.020861981,True,Low
0,0,0.017969575,True,Low
1,1,0.9997662,True,High
0,0,0.1297764,True,Low
0,0,0.020376267,True,Low
1,1,0.9971884,True,High
0,0,0.018415697,True,Low
0,0,0.08658232,True,Low
1,1,0.9988973,True,High
0,0,0.033995148,True,Low
0,0,0.04242392,True,Low
0,0,0.0019582617,True,Low
0,0,0.06964543,True,Low
0,0,0.04001325,True,Low
1,1,0.99719137,True,High
0,1,0.9108423,False,High
1,1,0.94097334,True,High
1,1,0.99679285,True,High
0,0,0.08851362,True,Low
0,1,0.84061384,False,High
1,1,0.99796754,True,High
0,0,0.013833855,True,Low
1,1,0.99950147,True,High
1,1,0.97380847,True,High
0,0,0.066133276,True,Low
0,0,0.029283874,True,Low
1,1,0.98694056,True,High
0,0,0.038806044,True,Low
1,1,0.9976046,True,High
1,1,0.9862234,True,High
1,1,0.99991214,True,High
0,0,0.02064541,True,Low
1,1,0.9987489,True,High
0,0,0.15883,True,Low
1,1,0.99869955,True,High
0,0,0.035547487,True,Low
1,1,0.99786466,True,High
0,0,0.04275817,True,Low
1,1,0.99923325,True,High
0,0,0.046475597,True,Low
1,1,0.9995814,True,High
0,0,0.31428164,True,Medium
0,0,0.012188901,True,Low
1,1,0.99568415,True,High
0,0,0.050805844,True,Low
0,0,0.048877425,True,Low
1,1,0.99786276,True,High
1,1,0.99886227,True,High
0,0,0.016831417,True,Low
1,1,0.9999435,True,High
0,0,0.019228643,True,Low
0,0,0.012993507,True,Low
0,0,0.16841593,True,Low
1,1,0.9960383,True,High
1,1,0.9995807,True,High
1,1,0.9534083,True,High
1,1,0.91989154,True,High
1,1,0.9938216,True,High
1,1,0.9988695,True,High
1,1,0.9960866,True,High
1,1,0.99295443,True,High
1,1,0.9829033,True,High
0,0,0.022306154,True,Low
1,1,0.94960064,True,High
0,0,0.03526048,True,Low
0,0,0.054674815,True,Low
0,0,0.013097606,True,Low
0,0,0.051343698,True,Low
0,0,0.083638646,True,Low
1,1,0.99850583,True,High
1,1,0.99797946,True,High
0,0,0.037150647,True,Low
0,0,0.015112961,True,Low
0,0,0.015280252,True,Low
1,1,0.9990332,True,High
0,0,0.0492318,True,Low
1,1,0.9924591,True,High
0,0,0.101207845,True,Low
0,1,0.9875021,False,High
0,0,0.059432317,True,Low
1,1,0.91306925,True,High
1,1,0.9761035,True,High
0,0,0.017742846,True,Low
0,0,0.021602549,True,Low
0,0,0.01674015,True,Low
0,0,0.01767137,True,Low
1,1,0.979633,True,High
0,0,0.019056791,True,Low
1,1,0.99714124,True,High
1,1,0.9552934,True,High
0,0,0.051880393,True,Low
0,0,0.012077812,True,Low
1,0,0.15470424,False,Low
0,0,0.049342286,True,Low
0,0,0.066564836,True,Low
0,0,0.03043651,True,Low
0,0,0.020676771,True,Low
1,1,0.9917169,True,High
0,0,0.039885744,True,Low
0,0,0.08265053,True,Low
1,1,0.9981187,True,High
1,1,0.99899715,True,High
0,0,0.015516397,True,Low
0,0,0.006364608,True,Low
0,0,0.038470708,True,Low
1,1,0.7967356,True,High
0,0,0.011549316,True,Low
1,1,0.9971827,True,High
1,1,0.9806113,True,High
1,1,0.9823303,True,High
0,0,0.07455637,True,Low
1,1,0.9930488,True,High
1,1,0.9567619,True,High
0,0,0.053589363,True,Low
0,0,0.017676005,True,Low
1,1,0.9876681,True,High
0,1,0.8752521,False,High
0,0,0.139829,True,Low
1,0,0.46151462,False,Medium
1,1,0.9447515,True,High
0,0,0.05522112,True,Low
1,1,0.9883017,True,High
1,1,0.9997011,True,High
0,0,0.030618861,True,Low
1,1,0.9504539,True,High
0,0,0.028384712,True,Low
1,1,0.808224,True,High
1,1,0.9995759,True,High
0,0,0.11622676,True,Low
1,1,0.9813918,True,High
1,1,0.911216,True,High
0,0,0.026208881,True,Low
0,0,0.06539085,True,Low
1,1,0.99839896,True,High
0,0,0.09671579,True,Low
1,1,0.98040533,True,High
1,1,0.9998479,True,High
0,0,0.019142108,True,Low
1,1,0.591816,True,Medium
1,1,0.90853536,True,High
1,1,0.9145391,True,High
1,1,0.9970861,True,High
1,1,0.9972524,True,High
0,0,0.013643334,True,Low
1,1,0.9982761,True,High
0,0,0.013107262,True,Low
1,1,0.99603915,True,High
0,0,0.03725469,True,Low
0,0,0.059492484,True,Low
0,0,0.012213816,True,Low
1,1,0.9976726,True,High
1,1,0.7843421,True,High
0,0,0.046285808,True,Low
1,1,0.98514265,True,High
0,0,0.015293517,True,Low
0,0,0.075457364,True,Low
0,0,0.011370839,True,Low
1,1,0.9829033,True,High
1,1,0.99685246,True,High
1,0,0.05387149,False,Low
0,0,0.024797646,True,Low
1,1,0.9905708,True,High
0,0,0.053412247,True,Low
1,1,0.9989214,True,High
1,1,0.9964669,True,High
0,0,0.07769515,True,Low
1,1,0.9973628,True,High
1,1,0.9989219,True,High
0,0,0.052613936,True,Low
1,1,0.8676741,True,High
1,1,0.9908857,True,High
0,0,0.060081888,True,Low
0,0,0.014447859,True,Low
0,1,0.8697753,False,High
0,0,0.042591713,True,Low
0,0,0.05637797,True,Low
1,1,0.9993349,True,High
1,1,0.99281424,True,High
0,0,0.0038957405,True,Low
1,1,0.7440833,True,High
0,0,0.05463181,True,Low
0,0,0.040472593,True,Low
0,0,0.033451207,True,Low
1,1,0.999569,True,High
0,0,0.021992711,True,Low
1,1,0.9925908,True,High
1,1,0.98737204,True,High
0,0,0.009204433,True,Low
1,1,0.9992035,True,High
1,1,0.52353173,True,Medium
1,1,0.99200577,True,High
1,1,0.99394363,True,High
1,1,0.967833,True,High
1,1,0.99479914,True,High
0,0,0.055393856,True,Low
1,1,0.91782635,True,High
1,1,0.98140335,True,High
1,1,0.8182503,True,High
1,1,0.9951767,True,High
1,1,0.94686806,True,High
1,1,0.9773974,True,High
1,1,0.99683833,True,High
1,1,0.9964143,True,High
1,1,0.9907162,True,High
1,1,0.9906031,True,High
0,0,0.007857855,True,Low
1,1,0.94412595,True,High
0,0,0.055043336,True,Low
0,0,0.05047254,True,Low
1,1,0.94823027,True,High
1,1,0.99942017,True,High
0,0,0.069741584,True,Low
1,1,0.9998535,True,High
0,0,0.025745407,True,Low
1,1,0.9999136,True,High
0,0,0.02278854,True,Low
0,1,0.72846746,False,High
1,1,0.9988707,True,High
0,0,0.015799345,True,Low
0,0,0.05083823,True,Low
1,1,0.9866405,True,High
1,1,0.96145123,True,High
1,1,0.92115617,True,High
1,1,0.995631,True,High
1,1,0.99760914,True,High
1,1,0.98772824,True,High
1,1,0.9576301,True,High
1,1,0.9306122,True,High
1,1,0.99831176,True,High
0,0,0.024113553,True,Low
1,1,0.77593684,True,High
0,0,0.012221135,True,Low
0,0,0.009119874,True,Low
1,1,0.9565693,True,High
1,1,0.9923269,True,High
1,1,0.9940209,True,High
1,0,0.13360292,False,Low
0,0,0.031355757,True,Low
1,1,0.9950362,True,High
0,0,0.020413216,True,Low
1,1,0.98868793,True,High
0,0,0.062254917,True,Low
1,1,0.5422611,True,Medium
1,1,0.9995353,True,High
1,1,0.9999256,True,High
1,1,0.98911077,True,High
0,0,0.0076687774,True,Low
0,0,0.021959936,True,Low
1,1,0.9989409,True,High
0,0,0.01677093,True,Low
1,1,0.9969279,True,High
1,1,0.9996723,True,High
0,0,0.048706863,True,Low
0,0,0.07004896,True,Low
0,0,0.028485319,True,Low
1,0,0.024872497,False,Low
0,0,0.051634572,True,Low
0,0,0.03289477,True,Low
0,0,0.055640936,True,Low
1,1,0.9998635,True,High
1,1,0.9998293,True,High
0,0,0.014762801,True,Low
1,1,0.9991738,True,High
0,0,0.02694012,True,Low
1,1,0.93947816,True,High
1,1,0.9977443,True,High
0,0,0.041017253,True,Low
1,1,0.91773736,True,High
0,0,0.04469613,True,Low
1,1,0.9776509,True,High
1,1,0.957474,True,High
0,0,0.11358343,True,Low
0,0,0.061193008,True,Low
1,1,0.99449956,True,High
1,1,0.9992132,True,High
1,1,0.9750431,True,High
1,1,0.9277931,True,High
1,1,0.99985135,True,High
0,0,0.01777472,True,Low
0,0,0.046811625,True,Low
1,1,0.97649574,True,High
1,1,0.87720215,True,High
1,1,0.9969031,True,High
1,1,0.8891772,True,High
0,0,0.013855887,True,Low
0,0,0.06781847,True,Low
1,1,0.71365464,True,High
1,1,0.96831614,True,High
0,0,0.02350774,True,Low
0,0,0.013447529,True,Low
0,0,0.34772915,True,Medium
1,0,0.47903532,False,Medium
0,0,0.056136906,True,Low
1,0,0.11711301,False,Low
0,0,0.033902537,True,Low
1,1,0.99991083,True,High
1,1,0.9991597,True,High
1,1,0.9750777,True,High
0,0,0.004531913,True,Low
1,1,0.9992378,True,High
0,0,0.09046835,True,Low
1,1,0.9878127,True,High
0,0,0.029968904,True,Low
0,0,0.013544961,True,Low
0,0,0.03467053,True,Low
1,1,0.96749854,True,High
0,0,0.2551223,True,Low
0,0,0.023559678,True,Low
0,1,0.96518797,False,High
0,0,0.14240345,True,Low
1,0,0.2071813,False,Low
0,1,0.9387319,False,High
1,1,0.99695456,True,High
1,1,0.99871564,True,High
0,1,0.65914077,False,Medium
1,1,0.99184835,True,High
1,1,0.9954081,True,High
1,1,0.96873367,True,High
1,1,0.9934291,True,High
1,1,0.8802285,True,High
0,0,0.056201182,True,Low
1,1,0.9898595,True,High
0,0,0.047840066,True,Low
1,1,0.99406105,True,High
0,1,0.83714473,False,High
1,1,0.9979377,True,High
0,0,0.09289133,True,Low
1,1,0.9998191,True,High
1,1,0.9991953,True,High
0,0,0.07752131,True,Low
0,0,0.22122183,True,Low
0,0,0.03130424,True,Low
1,1,0.9906218,True,High
0,0,0.15312512,True,Low
1,1,0.9240485,True,High
0,0,0.17383936,True,Low
1,1,0.74393266,True,High
1,1,0.99742293,True,High
1,1,0.9965281,True,High
1,1,0.99279577,True,High
1,1,0.9623979,True,High
1,1,0.99417084,True,High
1,1,0.9994411,True,High
0,0,0.016759744,True,Low
0,0,0.018719193,True,Low
0,0,0.020201754,True,Low
1,1,0.8680317,True,High
1,1,0.9995016,True,High
1,1,0.9569795,True,High
0,0,0.01627404,True,Low
0,0,0.04216556,True,Low
0,0,0.028991116,True,Low
0,0,0.011473691,True,Low
0,0,0.08252764,True,Low
1,1,0.7608703,True,High
0,0,0.08471603,True,Low
0,0,0.118438624,True,Low
1,1,0.798374,True,High
1,1,0.99148226,True,High
1,1,0.9977984,True,High
0,0,0.01509551,True,Low
0,0,0.17583363,True,Low
0,0,0.15935041,True,Low
1,1,0.99993336,True,High
0,0,0.048679937,True,Low
1,1,0.9992218,True,High
1,1,0.9937697,True,High
1,1,0.9990839,True,High
0,0,0.16919053,True,Low
1,1,0.90310675,True,High
1,1,0.9979298,True,High
0,0,0.07097623,True,Low
0,0,0.01368252,True,Low
0,0,0.03422681,True,Low
1,0,0.47650725,False,Medium
1,1,0.50737786,True,Medium
1,1,0.9975351,True,High
1,1,0.9991273,True,High
0,0,0.066933684,True,Low
0,0,0.008808886,True,Low
0,0,0.15936634,True,Low
1,1,0.9932,True,High
1,1,0.99558204,True,High
0,0,0.034442797,True,Low
1,1,0.9990134,True,High
0,1,0.9821202,False,High
0,0,0.08758508,True,Low
1,1,0.9997075,True,High
0,0,0.10087711,True,Low
0,0,0.15277751,True,Low
0,0,0.18202193,True,Low
1,1,0.99987483,True,High
1,1,0.9987863,True,High
1,1,0.9996376,True,High
1,1,0.97051305,True,High
1,1,0.6167213,True,Medium
0,0,0.003877768,True,Low
0,0,0.12711546,True,Low
1,0,0.020187762,False,Low
1,1,0.95222944,True,High
1,1,0.99191016,True,High
0,0,0.014542077,True,Low
0,0,0.023146482,True,Low
0,0,0.026730245,True,Low
1,1,0.99767905,True,High
1,1,0.9988657,True,High
0,0,0.042619962,True,Low
0,0,0.01972589,True,Low
1,1,0.99323905,True,High
1,1,0.9748146,True,High
0,0,0.023479208,True,Low
0,0,0.030376898,True,Low
1,0,0.06460765,False,Low
0,1,0.67719173,False,Medium
1,1,0.9964645,True,High
0,0,0.03397083,True,Low
1,1,0.99856395,True,High
0,0,0.0108020045,True,Low
1,1,0.9994467,True,High
0,0,0.15800793,True,Low
1,1,0.57157445,True,Medium
1,1,0.99829584,True,High
0,1,0.7909228,False,High
0,0,0.0053542354,True,Low
1,1,0.96783954,True,High
0,0,0.045338698,True,Low
0,0,0.04502671,True,Low
1,1,0.99628204,True,High
1,1,0.9981925,True,High
1,1,0.91640276,True,High
1,1,0.9987465,True,High
1,1,0.9998987,True,High
1,1,0.9754411,True,High
1,1,0.9879309,True,High
1,1,0.99897325,True,High
1,1,0.99567324,True,High
1,1,0.9860556,True,High
0,0,0.14650683,True,Low
1,1,0.9974668,True,High
1,1,0.9832093,True,High
0,0,0.11173659,True,Low
1,1,0.99983835,True,High
0,0,0.09313772,True,Low
0,0,0.03260858,True,Low
1,1,0.9859159,True,High
0,1,0.5214204,False,Medium
1,1,0.9132673,True,High
0,0,0.043287747,True,Low
1,1,0.7249649,True,High
1,1,0.99883586,True,High
1,1,0.9987452,True,High
0,0,0.041461285,True,Low
1,1,0.9965779,True,High
1,0,0.10533892,False,Low
1,1,0.9578053,True,High
1,1,0.988301,True,High
0,0,0.014614166,True,Low
0,0,0.045309093,True,Low
1,1,0.9991602,True,High
1,1,0.9955491,True,High
1,1,0.9998242,True,High
1,1,0.9387917,True,High
1,1,0.9894847,True,High
0,0,0.04491076,True,Low
0,0,0.033704005,True,Low
0,0,0.32310936,True,Medium
1,1,0.9999169,True,High
0,0,0.062223606,True,Low
0,0,0.00679824,True,Low
1,1,0.98621935,True,High
1,1,0.98760104,True,High
0,0,0.039392058,True,Low
0,0,0.033041175,True,Low
0,0,0.17146227,True,Low
1,1,0.9594081,True,High
1,1,0.9997441,True,High
0,1,0.7615562,False,High
0,0,0.011742099,True,Low
1,1,0.80683774,True,High
0,0,0.07007391,True,Low
0,0,0.11140323,True,Low
0,0,0.083945945,True,Low
1,1,0.9999435,True,High
1,1,0.9822373,True,High
1,1,0.8558737,True,High
1,1,0.99366564,True,High
0,0,0.02490176,True,Low
0,0,0.017423332,True,Low
0,0,0.040893257,True,Low
0,0,0.027565336,True,Low
0,0,0.37737736,True,Medium
1,1,0.98922265,True,High
1,1,0.9985905,True,High
1,1,0.8125493,True,High
1,1,0.9997731,True,High
0,0,0.044724196,True,Low
1,1,0.9991516,True,High
1,1,0.998166,True,High
1,1,0.9997913,True,High
1,1,0.9975721,True,High
1,1,0.99974877,True,High
1,1,0.9911947,True,High
1,1,0.70285314,True,High
1,1,0.9959084,True,High
0,0,0.015143026,True,Low
1,1,0.7873815,True,High
1,0,0.2101497,False,Low
1,1,0.9998012,True,High
1,1,0.99251807,True,High
1,0,0.027543953,False,Low
1,0,0.0733281,False,Low
0,0,0.09790376,True,Low
0,0,0.006755249,True,Low
1,1,0.99975914,True,High
0,0,0.016191656,True,Low
1,1,0.9921957,True,High
1,1,0.7395376,True,High
1,1,0.99972016,True,High
1,1,0.99933296,True,High
1,1,0.98909515,True,High
1,1,0.9895927,True,High
0,0,0.019381111,True,Low
0,0,0.0072335955,True,Low
0,0,0.03914864,True,Low
1,1,0.9971517,True,High
1,1,0.7511247,True,High
1,1,0.89924115,True,High
0,0,0.015786894,True,Low
1,1,0.9998171,True,High
0,0,0.24434443,True,Low
1,1,0.87768036,True,High
1,1,0.8094903,True,High
0,0,0.0051183333,True,Low
1,1,0.99229336,True,High
0,0,0.15608281,True,Low
0,0,0.029648218,True,Low
1,1,0.9976446,True,High
1,0,0.081794515,False,Low
0,0,0.025553457,True,Low
1,1,0.9992551,True,High
0,0,0.015626118,True,Low
0,0,0.039992355,True,Low
1,1,0.9809599,True,High
0,0,0.15140755,True,Low
0,0,0.013988019,True,Low
0,0,0.066744946,True,Low
0,1,0.56287515,False,Medium
1,1,0.9932285,True,High
1,1,0.9940744,True,High
1,1,0.9982231,True,High
0,0,0.099971674,True,Low
1,1,0.78456104,True,High
1,1,0.9979012,True,High
1,1,0.99993026,True,High
0,0,0.013699744,True,Low
0,0,0.013317345,True,Low
1,1,0.9975037,True,High
0,0,0.01727249,True,Low
1,1,0.9800632,True,High
1,1,0.99873906,True,High
0,0,0.046347246,True,Low
1,1,0.9995048,True,High
0,0,0.2453325,True,Low
1,1,0.9989293,True,High
0,0,0.049098708,True,Low
0,0,0.042809464,True,Low
0,0,0.07310767,True,Low
0,0,0.033516556,True,Low
0,0,0.0104958,True,Low
1,1,0.999255,True,High
1,1,0.9854645,True,High
1,1,0.9795659,True,High
0,1,0.82709277,False,High
1,1,0.99984264,True,High
0,0,0.030451367,True,Low
0,0,0.01714241,True,Low
1,1,0.9995394,True,High
1,1,0.9778667,True,High
1,1,0.99923754,True,High
0,0,0.014333688,True,Low
1,1,0.9486448,True,High
1,1,0.95357114,True,High
1,1,0.9752719,True,High
0,0,0.08411819,True,Low
0,0,0.10724276,True,Low
1,0,0.20276494,False,Low
1,0,0.049085874,False,Low
0,0,0.060523517,True,Low
0,0,0.06626021,True,Low
1,1,0.9709809,True,High
1,1,0.9997104,True,High
0,0,0.01664422,True,Low
1,1,0.99880123,True,High
1,1,0.99910873,True,High
1,1,0.99594337,True,High
0,0,0.03713345,True,Low
0,0,0.05758307,True,Low
0,0,0.028794399,True,Low
1,1,0.99905246,True,High
1,1,0.99914205,True,High
0,0,0.018384244,True,Low
1,1,0.59137046,True,Medium
1,1,0.98815805,True,High
1,1,0.99991477,True,High
0,0,0.017884986,True,Low
1,1,0.98899114,True,High
0,0,0.011127064,True,Low
1,1,0.8973252,True,High
0,0,0.05340954,True,Low
1,1,0.995789,True,High
0,0,0.02599393,True,Low
0,0,0.013047087,True,Low
0,0,0.008036217,True,Low
0,0,0.0381346,True,Low
0,0,0.019676194,True,Low
0,0,0.01667019,True,Low
1,1,0.99557424,True,High
0,1,0.8758047,False,High
1,1,0.98032606,True,High
1,1,0.99988246,True,High
1,1,0.9818056,True,High
1,1,0.999506,True,High
1,1,0.9968315,True,High
1,1,0.9988839,True,High
1,0,0.38293043,False,Medium
0,0,0.021481141,True,Low
0,0,0.07908478,True,Low
0,0,0.05829384,True,Low
1,1,0.9975447,True,High
1,1,0.99385804,True,High
1,1,0.9995023,True,High
1,1,0.97571135,True,High
0,0,0.072465934,True,Low
0,0,0.025526619,True,Low
0,0,0.04002576,True,Low
0,0,0.052021317,True,Low
1,1,0.982094,True,High
1,1,0.6934877,True,Medium
1,1,0.7489846,True,High
0,1,0.8045981,False,High
1,0,0.15410914,False,Low
0,0,0.04886467,True,Low
0,0,0.024276532,True,Low
1,1,0.9884321,True,High
1,1,0.96383536,True,High
0,0,0.058825694,True,Low
0,0,0.054586403,True,Low
0,0,0.070272624,True,Low
1,1,0.99165654,True,High
1,1,0.9999732,True,High
0,0,0.050788127,True,Low
0,0,0.020728923,True,Low
1,1,0.95341486,True,High
0,0,0.0604821,True,Low
1,1,0.9960418,True,High
1,1,0.9973884,True,High
1,1,0.9993474,True,High
1,1,0.9636457,True,High
1,1,0.997442,True,High
1,1,0.7826362,True,High
1,1,0.99978584,True,High
1,1,0.99285746,True,High
1,1,0.9973356,True,High
1,1,0.9953863,True,High
0,0,0.0324112,True,Low
0,0,0.03647593,True,Low
1,1,0.99959284,True,High
0,0,0.032503083,True,Low
1,1,0.9904958,True,High
1,1,0.9995228,True,High
1,1,0.9948185,True,High
0,0,0.07449845,True,Low
1,1,0.99985015,True,High
0,0,0.06960615,True,Low
1,1,0.9941022,True,High
1,1,0.99579006,True,High
0,0,0.07586211,True,Low
1,1,0.69114774,True,Medium
0,0,0.050297745,True,Low
1,1,0.9999404,True,High
0,0,0.0037910433,True,Low
0,0,0.028493138,True,Low
0,1,0.81347746,False,High
0,0,0.03440859,True,Low
1,1,0.96467817,True,High
0,0,0.061729454,True,Low
1,1,0.9978211,True,High
1,1,0.99964035,True,High
0,0,0.025646538,True,Low
0,0,0.054066364,True,Low
1,1,0.99221295,True,High
0,0,0.06847543,True,Low
1,1,0.99988866,True,High
0,0,0.017693534,True,Low
0,0,0.010752724,True,Low
0,0,0.016851692,True,Low
1,1,0.94950825,True,High
1,1,0.9986791,True,High
1,0,0.12678231,False,Low
1,1,0.7731313,True,High
1,0,0.0676574,False,Low
0,1,0.9185814,False,High
0,0,0.029858876,True,Low
0,0,0.046128444,True,Low
0,0,0.123581044,True,Low
0,0,0.006844004,True,Low
0,0,0.08955038,True,Low
0,0,0.014126039,True,Low
1,1,0.9999306,True,High
1,1,0.9952728,True,High
1,1,0.83198166,True,High
1,1,0.98753977,True,High
0,0,0.029055115,True,Low
1,1,0.9981877,True,High
1,1,0.92588377,True,High
0,0,0.071373455,True,Low
0,0,0.009769187,True,Low
0,0,0.04440335,True,Low
0,0,0.02278036,True,Low
0,0,0.015472798,True,Low
1,1,0.9782981,True,High
0,0,0.022228288,True,Low
1,1,0.967035,True,High
1,1,0.90189135,True,High
1,1,0.98791283,True,High
0,0,0.12837347,True,Low
0,0,0.05081383,True,Low
1,1,0.99966073,True,High
0,0,0.02120943,True,Low
1,1,0.99642074,True,High
1,0,0.0384122,False,Low
1,1,0.95622075,True,High
1,1,0.9944596,True,High
0,1,0.8310483,False,High
0,0,0.034316592,True,Low
0,0,0.111407466,True,Low
1,1,0.9997104,True,High
1,1,0.9903599,True,High
1,1,0.99788505,True,High
1,1,0.99049544,True,High
0,0,0.046353906,True,Low
1,1,0.9509977,True,High
1,1,0.99920243,True,High
0,0,0.26985642,True,Low
0,1,0.73765755,False,High
0,0,0.044540256,True,Low
0,0,0.07537295,True,Low
0,0,0.02158381,True,Low
1,1,0.9516895,True,High
0,0,0.058506142,True,Low
1,1,0.9999374,True,High
0,1,0.663443,False,Medium
1,1,0.99017817,True,High
1,1,0.99424213,True,High
1,1,0.7601248,True,High
0,0,0.25882414,True,Low
0,0,0.04776524,True,Low
0,0,0.02794419,True,Low
1,1,0.9909753,True,High
1,1,0.9419102,True,High
1,1,0.9975145,True,High
1,1,0.9999076,True,High
1,1,0.9984006,True,High
1,0,0.16730316,False,Low
1,1,0.99580175,True,High
0,0,0.004631294,True,Low
1,1,0.99907434,True,High
1,1,0.97963536,True,High
1,1,0.9704785,True,High
0,0,0.013393113,True,Low
1,1,0.9690443,True,High
1,1,0.9988354,True,High
0,1,0.50977206,False,Medium
1,1,0.87505335,True,High
0,0,0.016524557,True,Low
0,0,0.055731338,True,Low
1,1,0.9988961,True,High
1,1,0.97591144,True,High
0,0,0.011561124,True,Low
0,0,0.26298007,True,Low
1,1,0.99969304,True,High
1,0,0.17238614,False,Low
0,0,0.04227679,True,Low
1,1,0.7261886,True,High
0,0,0.11957013,True,Low
0,0,0.081126854,True,Low
1,1,0.993163,True,High
1,1,0.9979012,True,High
1,1,0.9970433,True,High
0,0,0.024717642,True,Low
0,0,0.021971066,True,Low
1,1,0.9984848,True,High
1,1,0.9969901,True,High
1,0,0.22109592,False,Low
1,1,0.5747479,True,Medium
0,0,0.12848325,True,Low
1,1,0.7333932,True,High
1,1,0.9993818,True,High
1,1,0.99703264,True,High
0,0,0.019401468,True,Low
1,1,0.9674682,True,High
0,0,0.042188916,True,Low
0,1,0.6796386,False,Medium
0,0,0.11397828,True,Low
1,1,0.9964496,True,High
0,0,0.04677811,True,Low
1,1,0.9157639,True,High
0,0,0.06588376,True,Low
0,0,0.43971497,True,Medium
0,0,0.038552474,True,Low
1,1,0.9993456,True,High
1,1,0.9451119,True,High
0,0,0.13402782,True,Low
0,0,0.016193943,True,Low
1,1,0.99138474,True,High
1,1,0.9870552,True,High
1,0,0.11510311,False,Low
0,0,0.054723784,True,Low
1,1,0.9963617,True,High
0,0,0.04128463,True,Low
1,1,0.985352,True,High
0,0,0.07253379,True,Low
0,0,0.047759384,True,Low
1,1,0.7823669,True,High
0,0,0.17775322,True,Low
1,1,0.9977939,True,High
1,1,0.9679033,True,High
0,0,0.097425535,True,Low
1,1,0.9998965,True,High
0,0,0.022629326,True,Low
1,1,0.99899644,True,High
1,1,0.97975314,True,High
1,1,0.99725026,True,High
1,1,0.9994147,True,High
0,0,0.026413575,True,Low
1,0,0.48348802,False,Medium
0,0,0.044025052,True,Low
0,0,0.27027678,True,Low
1,1,0.99598783,True,High
0,0,0.048160918,True,Low
1,1,0.98896885,True,High
1,1,0.99856704,True,High
1,0,0.47569266,False,Medium
0,0,0.011370882,True,Low
1,1,0.8941322,True,High
1,1,0.9672579,True,High
1,1,0.9998752,True,High
1,1,0.9895159,True,High
0,0,0.012100699,True,Low
1,1,0.99963653,True,High
0,0,0.012911938,True,Low
0,0,0.013529463,True,Low
0,0,0.030671768,True,Low
1,1,0.9831647,True,High
1,1,0.9965084,True,High
0,0,0.021719227,True,Low
1,1,0.9910529,True,High
1,1,0.50196296,True,Medium
1,1,0.9674714,True,High
0,0,0.031097785,True,Low
0,0,0.029152334,True,Low
1,0,0.43029103,False,Medium
1,1,0.9747868,True,High
0,0,0.07952252,True,Low
0,0,0.048100952,True,Low
1,1,0.9940556,True,High
0,0,0.060638096,True,Low
0,0,0.037247095,True,Low
1,1,0.9953792,True,High
1,1,0.99904555,True,High
1,1,0.99577737,True,High
1,1,0.9979279,True,High
1,1,0.9999014,True,High
1,1,0.9995402,True,High
0,0,0.046420828,True,Low
0,0,0.008670431,True,Low
1,1,0.9980829,True,High
0,0,0.012914004,True,Low
0,0,0.023882477,True,Low
1,1,0.9955806,True,High
0,0,0.21918781,True,Low
1,1,0.9995571,True,High
0,0,0.23877764,True,Low
0,0,0.034915663,True,Low
0,0,0.025921075,True,Low
1,1,0.9239497,True,High
0,0,0.03712722,True,Low
1,0,0.16349696,False,Low
0,0,0.10691087,True,Low
0,0,0.07419994,True,Low
1,1,0.9996908,True,High
1,1,0.68933016,True,Medium
1,1,0.9944015,True,High
0,0,0.033318836,True,Low
1,1,0.9971533,True,High
0,0,0.10775085,True,Low
0,0,0.034364346,True,Low
1,1,0.98306847,True,High
0,0,0.06867368,True,Low
0,0,0.08682622,True,Low
1,1,0.99838257,True,High
1,1,0.99583983,True,High
1,1,0.9991146,True,High
1,1,0.99873346,True,High
0,0,0.023081258,True,Low
0,0,0.033535335,True,Low
1,1,0.99919933,True,High
0,0,0.01676935,True,Low
0,0,0.022674108,True,Low
0,1,0.94190586,False,High
0,0,0.012556947,True,Low
1,1,0.9911788,True,High
0,1,0.98497885,False,High
0,0,0.013375892,True,Low
1,1,0.9814291,True,High
0,0,0.06256507,True,Low
1,1,0.99906236,True,High
0,0,0.055566102,True,Low
1,1,0.9996629,True,High
0,0,0.064864,True,Low
1,1,0.96415174,True,High
1,1,0.99955374,True,High
0,0,0.027811516,True,Low
0,0,0.090687364,True,Low
0,0,0.0132382605,True,Low
1,1,0.9992254,True,High
0,0,0.03911793,True,Low
0,0,0.0077502807,True,Low
0,0,0.012330577,True,Low
1,1,0.9977964,True,High
0,0,0.02788849,True,Low
0,0,0.017846681,True,Low
0,0,0.05175649,True,Low
1,1,0.73305476,True,High
1,1,0.99593735,True,High
1,1,0.9991272,True,High
1,0,0.030156739,False,Low
1,1,0.9876885,True,High
0,0,0.025582943,True,Low
0,0,0.11983664,True,Low
1,1,0.9996853,True,High
1,1,0.7507775,True,High
1,1,0.9893338,True,High
0,1,0.8454051,False,High
0,0,0.039234467,True,Low
0,0,0.013209458,True,Low
1,1,0.99946445,True,High
1,1,0.99951327,True,High
0,0,0.031207243,True,Low
0,0,0.05148741,True,Low
1,1,0.99851733,True,High
1,1,0.96974605,True,High
0,0,0.05278282,True,Low
0,0,0.10388616,True,Low
1,1,0.99086577,True,High
1,1,0.99891925,True,High
1,1,0.9999504,True,High
1,0,0.47906083,False,Medium
0,0,0.047745302,True,Low
1,1,0.99993575,True,High
0,1,0.7423504,False,High
0,0,0.019041972,True,Low
0,0,0.0095321555,True,Low
0,0,0.09012462,True,Low
0,0,0.020490909,True,Low
1,1,0.9978752,True,High
0,0,0.15809247,True,Low
1,1,0.999668,True,High
0,0,0.021930909,True,Low
0,0,0.02941294,True,Low
0,0,0.05544716,True,Low
1,1,0.9945094,True,High
0,0,0.06084287,True,Low
0,0,0.019462816,True,Low
1,1,0.9908178,True,High
0,0,0.01785546,True,Low
0,0,0.024797255,True,Low
1,1,0.98979187,True,High
0,0,0.034843754,True,Low
0,0,0.02560796,True,Low
1,1,0.95232046,True,High
1,1,0.99808335,True,High
1,1,0.90209633,True,High
0,0,0.071369626,True,Low
1,1,0.99126035,True,High
0,0,0.012284756,True,Low
1,1,0.999292,True,High
1,1,0.9990513,True,High
1,1,0.8367571,True,High
1,1,0.9270444,True,High
0,0,0.022578744,True,Low
1,1,0.9963993,True,High
1,1,0.97868735,True,High
1,1,0.9017449,True,High
0,0,0.016207326,True,Low
1,1,0.9998267,True,High
0,0,0.026059264,True,Low
1,1,0.9953661,True,High
0,0,0.21291128,True,Low
0,0,0.026049716,True,Low
1,1,0.96717393,True,High
1,1,0.9997104,True,High
0,0,0.09037252,True,Low
1,0,0.2927064,False,Low
0,0,0.1423104,True,Low
1,1,0.9029719,True,High
0,0,0.41201982,True,Medium
0,0,0.06593568,True,Low
1,1,0.60276735,True,Medium
1,1,0.9978866,True,High
1,1,0.99384683,True,High
1,1,0.9960835,True,High
0,0,0.053771056,True,Low
0,0,0.020520482,True,Low
1,1,0.9760917,True,High
0,0,0.013112414,True,Low
1,1,0.9705422,True,High
0,0,0.07555403,True,Low
0,0,0.003259435,True,Low
1,1,0.98605657,True,High
1,1,0.97828555,True,High
0,0,0.018996665,True,Low
1,1,0.98725104,True,High
1,1,0.9997887,True,High
0,0,0.07899703,True,Low
0,0,0.021225765,True,Low
0,0,0.034341622,True,Low
1,1,0.9992273,True,High
0,0,0.008136853,True,Low
0,1,0.9411688,False,High
1,1,0.9514107,True,High
1,1,0.99181646,True,High
0,0,0.032466512,True,Low
0,0,0.024610644,True,Low
0,0,0.020907804,True,Low
1,1,0.99922,True,High
1,0,0.0860919,False,Low
1,1,0.9853617,True,High
0,0,0.016273811,True,Low
1,1,0.9884652,True,High
1,1,0.98929906,True,High
1,1,0.9969502,True,High
1,1,0.99807215,True,High
1,1,0.8308122,True,High
0,1,0.5591716,False,Medium
1,1,0.99758434,True,High
1,1,0.97774404,True,High
0,0,0.009120271,True,Low
1,1,0.9967158,True,High
1,1,0.99709356,True,High
1,1,0.95164007,True,High
1,1,0.9983565,True,High
0,1,0.7249262,False,High
1,1,0.9952572,True,High
1,1,0.9881188,True,High
1,1,0.96705574,True,High
0,0,0.04855862,True,Low
0,0,0.046810433,True,Low
1,1,0.99874556,True,High
1,1,0.99861836,True,High
0,0,0.042067386,True,Low
1,1,0.83681744,True,High
0,0,0.061774373,True,Low
1,1,0.9899975,True,High
1,1,0.9961842,True,High
0,0,0.011995048,True,Low
1,1,0.9875594,True,High
1,1,0.99618226,True,High
1,1,0.95957977,True,High
1,1,0.91184247,True,High
1,1,0.9999815,True,High
1,0,0.46318427,False,Medium
1,1,0.9975177,True,High
1,1,0.65650654,True,Medium
0,0,0.04680051,True,Low
0,0,0.005973565,True,Low
1,1,0.97459996,True,High
0,0,0.022574583,True,Low
0,0,0.41041008,True,Medium
1,1,0.9695053,True,High
0,0,0.06001753,True,Low
1,1,0.9977642,True,High
0,0,0.021952037,True,Low
1,1,0.8782435,True,High
0,0,0.03810412,True,Low
0,0,0.008961864,True,Low
0,0,0.05018865,True,Low
1,1,0.98665756,True,High
0,0,0.011207167,True,Low
1,1,0.8811673,True,High
0,0,0.065221794,True,Low
1,1,0.99762386,True,High
0,0,0.037027806,True,Low
1,1,0.99838626,True,High
0,0,0.021565553,True,Low
1,1,0.9986511,True,High
1,1,0.7380126,True,High
1,1,0.9781295,True,High
1,1,0.998531,True,High
1,1,0.99240303,True,High
1,1,0.9947489,True,High
0,0,0.11284672,True,Low
0,0,0.06095231,True,Low
0,0,0.09148751,True,Low
1,1,0.7873383,True,High
1,1,0.98910064,True,High
1,1,0.87225163,True,High
0,0,0.023102093,True,Low
1,1,0.9950813,True,High
1,1,0.9159964,True,High
1,1,0.999132,True,High
1,1,0.99916923,True,High
1,1,0.9365768,True,High
0,0,0.0136812,True,Low
0,0,0.051196694,True,Low
1,0,0.4064148,False,Medium
1,1,0.97671175,True,High
0,0,0.050936047,True,Low
1,1,0.9849245,True,High
1,0,0.21150643,False,Low
0,0,0.01728112,True,Low
0,0,0.4526885,True,Medium
0,0,0.0803842,True,Low
1,1,0.99992275,True,High
1,1,0.9976313,True,High
0,0,0.11546299,True,Low
0,0,0.011782501,True,Low
1,1,0.99887806,True,High
0,0,0.096841834,True,Low
0,1,0.8790308,False,High
0,0,0.035712183,True,Low
1,1,0.7757029,True,High
0,0,0.019237094,True,Low
0,0,0.041822582,True,Low
0,0,0.028074417,True,Low
1,1,0.99892396,True,High
1,1,0.9999298,True,High
0,0,0.04378221,True,Low
1,1,0.9993493,True,High
1,1,0.998926,True,High
1,1,0.73390484,True,High
0,0,0.01966744,True,Low
0,0,0.017073277,True,Low
1,1,0.99993765,True,High
1,1,0.99653256,True,High
0,0,0.031516068,True,Low
0,0,0.0058230283,True,Low
1,1,0.9788229,True,High
0,0,0.046244077,True,Low
1,1,0.99331653,True,High
1,1,0.75648904,True,High
1,1,0.99557084,True,High
1,1,0.91686493,True,High
0,0,0.14599131,True,Low
0,0,0.036380377,True,Low
0,0,0.15777455,True,Low
1,1,0.99841785,True,High
1,0,0.015903823,False,Low
0,0,0.006468063,True,Low
1,1,0.9923968,True,High
0,0,0.03906934,True,Low
1,1,0.9426633,True,High
0,0,0.18070386,True,Low
1,0,0.057563417,False,Low
0,0,0.023564022,True,Low
0,0,0.16543716,True,Low
1,1,0.98255426,True,High
1,1,0.9700594,True,High
0,0,0.030959947,True,Low
1,1,0.8153066,True,High
1,1,0.95833236,True,High
1,1,0.5103102,True,Medium
1,1,0.9997193,True,High
1,1,0.9936237,True,High
0,0,0.020202594,True,Low
0,0,0.03921288,True,Low
1,1,0.99859554,True,High
0,0,0.11710697,True,Low
0,0,0.03781812,True,Low
1,1,0.8513437,True,High
1,1,0.9997365,True,High
1,1,0.994696,True,High
1,1,0.9930479,True,High
1,0,0.42361507,False,Medium
1,1,0.9855989,True,High
1,1,0.715215,True,High
0,0,0.034777626,True,Low
0,0,0.4197253,True,Medium
1,1,0.97132516,True,High
1,1,0.9933401,True,High
0,0,0.02398205,True,Low
1,1,0.9063577,True,High
1,1,0.99987054,True,High
0,0,0.07015292,True,Low
0,1,0.98788726,False,High
1,1,0.9972579,True,High
1,1,0.9967416,True,High
0,0,0.03784332,True,Low
0,0,0.027603842,True,Low
0,1,0.96652913,False,High
1,1,0.99416035,True,High
1,1,0.9799207,True,High
0,0,0.013361181,True,Low
0,0,0.064759396,True,Low
1,1,0.895751,True,High
0,0,0.16140875,True,Low
0,0,0.02876459,True,Low
0,0,0.03154973,True,Low
1,1,0.98561007,True,High
0,1,0.6237194,False,Medium
0,0,0.078550994,True,Low
1,1,0.7063855,True,High
1,1,0.99443406,True,High
0,0,0.17965266,True,Low
1,1,0.99874026,True,High
1,1,0.99885464,True,High
1,1,0.9999151,True,High
1,1,0.9983992,True,High
0,0,0.028211292,True,Low
0,0,0.018844534,True,Low
1,1,0.99649554,True,High
1,1,0.99989283,True,High
0,0,0.062252183,True,Low
0,0,0.03545017,True,Low
1,1,0.943472,True,High
1,0,0.46674114,False,Medium
1,1,0.9937371,True,High
0,0,0.14796819,True,Low
0,1,0.6618533,False,Medium
1,1,0.9996556,True,High
0,0,0.04912444,True,Low
1,1,0.5100106,True,Medium
1,1,0.96655655,True,High
1,1,0.9918149,True,High
1,1,0.999584,True,High
1,1,0.9979779,True,High
0,0,0.11653289,True,Low
0,0,0.019642415,True,Low
1,1,0.99348325,True,High
0,1,0.60046476,False,Medium
1,1,0.9983535,True,High
0,0,0.015139499,True,Low
1,1,0.9977769,True,High
1,1,0.99943966,True,High
0,0,0.040861186,True,Low
1,1,0.9336095,True,High
1,1,0.9991128,True,High
1,1,0.9635361,True,High
1,1,0.9939342,True,High
1,1,0.9998456,True,High
0,0,0.053929813,True,Low
0,0,0.23923306,True,Low
1,1,0.9000785,True,High
0,0,0.00998325,True,Low
1,1,0.9350356,True,High
0,0,0.03709855,True,Low
1,1,0.99394953,True,High
1,1,0.99298006,True,High
1,1,0.98751175,True,High
1,1,0.99975306,True,High
0,0,0.012242308,True,Low
1,1,0.9440694,True,High
1,1,0.7256153,True,High
0,0,0.12107548,True,Low
0,0,0.00617325,True,Low
1,1,0.993194,True,High
1,1,0.9556375,True,High
0,0,0.09510767,True,Low
1,1,0.9990652,True,High
0,0,0.021404246,True,Low
0,0,0.07832159,True,Low
0,0,0.01167732,True,Low
0,0,0.33999702,True,Medium
1,1,0.99986494,True,High
0,0,0.028463328,True,Low
0,0,0.04806228,True,Low
0,0,0.015877107,True,Low
1,1,0.9987613,True,High
0,0,0.044152804,True,Low
0,0,0.10829703,True,Low
1,1,0.99916327,True,High
1,1,0.95676297,True,High
1,1,0.908442,True,High
1,0,0.12945798,False,Low
0,0,0.018089186,True,Low
1,1,0.91186035,True,High
1,1,0.9998903,True,High
1,1,0.99383646,True,High
1,1,0.83387965,True,High
0,0,0.21868888,True,Low
0,0,0.041392077,True,Low
1,1,0.9998791,True,High
0,0,0.056990404,True,Low
0,0,0.019148933,True,Low
0,0,0.047882993,True,Low
1,1,0.99146163,True,High
1,1,0.99843985,True,High
1,1,0.99714464,True,High
1,1,0.99955064,True,High
0,0,0.023658253,True,Low
0,0,0.0045290766,True,Low
1,1,0.90910625,True,High
1,1,0.99812347,True,High
1,1,0.99894196,True,High
0,0,0.037322477,True,Low
0,0,0.09428315,True,Low
1,1,0.9584195,True,High
0,0,0.21856886,True,Low
1,1,0.9713756,True,High
1,1,0.912262,True,High
0,0,0.023704942,True,Low
0,0,0.013498619,True,Low
0,0,0.020145625,True,Low
0,0,0.04498496,True,Low
0,0,0.027139353,True,Low
1,1,0.999199,True,High
1,1,0.58510274,True,Medium
0,0,0.06724385,True,Low
0,0,0.09376419,True,Low
1,1,0.9997441,True,High
1,1,0.9985257,True,High
1,1,0.948035,True,High
0,1,0.8589962,False,High
1,1,0.99301356,True,High
1,1,0.9076813,True,High
1,1,0.9786886,True,High
0,0,0.059587166,True,Low
0,0,0.038063534,True,Low
1,1,0.9977404,True,High
0,0,0.07795993,True,Low
1,1,0.9940088,True,High
0,0,0.01474093,True,Low
1,1,0.6388758,True,Medium
1,1,0.9956571,True,High
0,0,0.056094643,True,Low
0,0,0.05910197,True,Low
0,0,0.04254777,True,Low
1,1,0.977489,True,High
1,1,0.99860054,True,High
1,1,0.9992429,True,High
0,0,0.042298805,True,Low
1,1,0.9610275,True,High
1,1,0.9970547,True,High
0,0,0.04668676,True,Low
0,0,0.015114501,True,Low
1,1,0.9991984,True,High
1,1,0.9681264,True,High
1,1,0.99634165,True,High
1,1,0.84474146,True,High
1,1,0.9979012,True,High
1,1,0.99726236,True,High
1,1,0.93970346,True,High
0,0,0.03324114,True,Low
0,0,0.06697978,True,Low
0,0,0.065167956,True,Low
1,1,0.98392534,True,High
0,0,0.025428243,True,Low
0,0,0.14908266,True,Low
1,1,0.7980416,True,High
1,1,0.9807159,True,High
0,0,0.06346754,True,Low
0,0,0.027103256,True,Low
0,0,0.0110948635,True,Low
1,1,0.94430673,True,High
0,0,0.07300171,True,Low
1,1,0.9986817,True,High
1,1,0.9995547,True,High
1,1,0.8137907,True,High
0,0,0.20734036,True,Low
1,1,0.99850583,True,High
1,1,0.93089306,True,High
1,1,0.9997365,True,High
1,1,0.99806195,True,High
1,1,0.9660473,True,High
0,0,0.0045899167,True,Low
0,0,0.01705231,True,Low
0,0,0.061765183,True,Low
0,0,0.10333123,True,Low
1,1,0.85249215,True,High
1,1,0.5850206,True,Medium
1,0,0.49905562,False,Medium
1,1,0.9829593,True,High
1,1,0.99802136,True,High
1,0,0.077429846,False,Low
0,0,0.025178578,True,Low
0,0,0.06331498,True,Low
0,0,0.12402282,True,Low
1,1,0.9431115,True,High
0,0,0.020046795,True,Low
1,1,0.9979893,True,High
1,1,0.88841826,True,High
0,0,0.020234868,True,Low
1,1,0.99354255,True,High
1,1,0.9955641,True,High
1,1,0.98755264,True,High
1,1,0.98512065,True,High
0,0,0.03500483,True,Low
1,1,0.96645945,True,High
0,0,0.07929262,True,Low
1,1,0.9959978,True,High
1,1,0.9974353,True,High
1,1,0.9996629,True,High
1,1,0.99845505,True,High
1,1,0.99982244,True,High
0,0,0.112686545,True,Low
0,0,0.062908694,True,Low
0,0,0.04787691,True,Low
0,0,0.05743082,True,Low
0,0,0.15471008,True,Low
0,0,0.019149354,True,Low
0,0,0.015401129,True,Low
0,0,0.022636298,True,Low
1,1,0.99985063,True,High
1,1,0.9995696,True,High
1,1,0.99928695,True,High
1,1,0.95687914,True,High
0,0,0.06834566,True,Low
1,1,0.9962192,True,High
0,0,0.055175815,True,Low
1,1,0.9886947,True,High
1,1,0.985908,True,High
0,0,0.027893301,True,Low
1,1,0.99980074,True,High
1,1,0.9852282,True,High
1,1,0.99977463,True,High
1,1,0.9999256,True,High
1,1,0.99589705,True,High
1,1,0.9582104,True,High
1,1,0.97272474,True,High
1,0,0.30134225,False,Medium
0,0,0.09449435,True,Low
0,0,0.07346539,True,Low
0,0,0.0074186125,True,Low
0,0,0.13171959,True,Low
1,1,0.9681473,True,High
1,1,0.999246,True,High
1,1,0.96407825,True,High
0,0,0.02350987,True,Low
1,1,0.9939202,True,High
0,1,0.9192152,False,High
1,1,0.99127847,True,High
1,1,0.8079276,True,High
0,0,0.06270224,True,Low
1,1,0.99053264,True,High
1,1,0.99972016,True,High
0,0,0.0121222995,True,Low
0,0,0.07756802,True,Low
0,0,0.0686797,True,Low
0,0,0.017382057,True,Low
0,0,0.11059808,True,Low
1,1,0.99488175,True,High
1,1,0.9993624,True,High
1,1,0.93272907,True,High
0,0,0.03205637,True,Low
1,0,0.0586332,False,Low
0,0,0.015846172,True,Low
0,0,0.01683278,True,Low
1,1,0.9845675,True,High
1,1,0.99566036,True,High
0,0,0.024024623,True,Low
1,1,0.99361575,True,High
1,1,0.9501255,True,High
0,0,0.014590652,True,Low
1,1,0.9958209,True,High
0,0,0.02879982,True,Low
0,0,0.21045795,True,Low
1,0,0.48756072,False,Medium
1,1,0.9511866,True,High
1,1,0.9661122,True,High
0,0,0.14235339,True,Low
1,1,0.9986533,True,High
0,0,0.05539419,True,Low
0,0,0.017281663,True,Low
0,0,0.023810158,True,Low
1,1,0.9997836,True,High
0,0,0.1472043,True,Low
1,1,0.9992372,True,High
0,0,0.028145798,True,Low
1,1,0.98724663,True,High
1,1,0.9968177,True,High
1,1,0.9854474,True,High
1,1,0.9982029,True,High
1,1,0.9956137,True,High
1,1,0.99992085,True,High
0,0,0.027983723,True,Low
0,0,0.03810751,True,Low
1,1,0.99982554,True,High
1,1,0.99805814,True,High
0,0,0.020827865,True,Low
0,0,0.046751898,True,Low
1,1,0.93002325,True,High
0,0,0.013797298,True,Low
0,0,0.012605551,True,Low
0,0,0.031433035,True,Low
1,1,0.9953862,True,High
1,1,0.9922854,True,High
1,1,0.99984646,True,High
0,0,0.020056756,True,Low
0,0,0.021754598,True,Low
0,0,0.20157592,True,Low
0,0,0.04263957,True,Low
0,0,0.015910154,True,Low
0,0,0.010134903,True,Low
1,1,0.989578,True,High
0,0,0.2563363,True,Low
1,1,0.8780977,True,High
0,0,0.05550028,True,Low
0,0,0.027270488,True,Low
1,1,0.98992807,True,High
1,1,0.99989617,True,High
0,0,0.025705718,True,Low
0,0,0.0122560095,True,Low
1,1,0.96130246,True,High
0,0,0.06551742,True,Low
0,0,0.041052934,True,Low
1,1,0.99960035,True,High
0,0,0.0849156,True,Low
0,0,0.07727757,True,Low
1,1,0.99396074,True,High
0,0,0.16073869,True,Low
1,1,0.999605,True,High
0,0,0.04255991,True,Low
0,0,0.03492183,True,Low
0,0,0.021333357,True,Low
0,0,0.006478981,True,Low
0,0,0.03356461,True,Low
0,0,0.021773497,True,Low
1,1,0.95278686,True,High
1,1,0.99925584,True,High
1,1,0.98325783,True,High
0,0,0.09366673,True,Low
0,0,0.038246743,True,Low
0,0,0.092568345,True,Low
1,1,0.9993697,True,High
0,0,0.053545184,True,Low
1,1,0.9979546,True,High
0,0,0.010134582,True,Low
0,0,0.05200131,True,Low
0,0,0.03279101,True,Low
0,0,0.033041373,True,Low
1,1,0.9955403,True,High
0,0,0.0065890597,True,Low
0,0,0.015083888,True,Low
1,1,0.9993717,True,High
1,1,0.9975299,True,High
0,0,0.061508328,True,Low
1,1,0.9983777,True,High
1,1,0.99332243,True,High
0,0,0.0075767394,True,Low
1,1,0.99920136,True,High
1,1,0.9997441,True,High
0,0,0.03482321,True,Low
0,0,0.0081247855,True,Low
0,0,0.016100798,True,Low
1,1,0.87094116,True,High
0,0,0.04880905,True,Low
0,0,0.008193845,True,Low
0,0,0.067499824,True,Low
0,0,0.017266242,True,Low
0,0,0.0655051,True,Low
1,1,0.99769956,True,High
0,0,0.03276054,True,Low
0,0,0.11235648,True,Low
0,0,0.030018006,True,Low
0,0,0.028828356,True,Low
0,0,0.01269083,True,Low
1,1,0.9932957,True,High
1,0,0.21721561,False,Low
1,1,0.9972746,True,High
0,0,0.024750948,True,Low
0,0,0.026264647,True,Low
0,0,0.023531098,True,Low
0,0,0.018552003,True,Low
0,0,0.040860504,True,Low
1,1,0.98834467,True,High
0,0,0.077944495,True,Low
1,1,0.98995095,True,High
1,1,0.9976519,True,High
0,0,0.026661508,True,Low
1,1,0.97947925,True,High
0,0,0.018718712,True,Low
1,1,0.9995528,True,High
0,0,0.02692141,True,Low
1,1,0.99399686,True,High
0,0,0.27353826,True,Low
1,1,0.9210591,True,High
0,0,0.0873292,True,Low
1,1,0.9994795,True,High
1,1,0.9835918,True,High
1,1,0.9911634,True,High
0,0,0.05444107,True,Low
1,1,0.5401516,True,Medium
1,1,0.99555784,True,High
0,0,0.10405658,True,Low
1,1,0.9305272,True,High
0,0,0.03540499,True,Low
1,1,0.9273629,True,High
0,0,0.041080747,True,Low
1,1,0.9998957,True,High
1,1,0.9862576,True,High
1,0,0.022978606,False,Low
1,1,0.88446265,True,High
0,0,0.07990208,True,Low
0,0,0.069785096,True,Low
1,1,0.9974058,True,High
1,1,0.99833965,True,High
1,1,0.9872199,True,High
0,0,0.08750795,True,Low
0,0,0.06727261,True,Low
0,0,0.012821787,True,Low
1,1,0.99579155,True,High
0,0,0.01580287,True,Low
1,1,0.9659621,True,High
0,0,0.07780783,True,Low
1,1,0.99812526,True,High
1,1,0.9992847,True,High
0,0,0.0139195165,True,Low
1,1,0.9948543,True,High
0,0,0.032610137,True,Low
0,0,0.025084453,True,Low
1,1,0.99994314,True,High
1,1,0.91841954,True,High
0,0,0.017800562,True,Low
1,1,0.9959418,True,High
1,1,0.99705696,True,High
1,1,0.9856046,True,High
0,0,0.013845186,True,Low
0,0,0.13133073,True,Low
0,1,0.54000527,False,Medium
1,1,0.99931014,True,High
0,0,0.038461227,True,Low
0,0,0.09921731,True,Low
1,1,0.99570036,True,High
0,0,0.05175911,True,Low
1,1,0.96054363,True,High
0,0,0.020743981,True,Low
1,1,0.99923503,True,High
1,1,0.999808,True,High
0,0,0.040757418,True,Low
1,1,0.5064593,True,Medium
1,1,0.9994696,True,High
0,0,0.044632107,True,Low
1,1,0.75333047,True,High
1,1,0.9984295,True,High
0,0,0.043365818,True,Low
0,0,0.004141995,True,Low
0,0,0.08424475,True,Low
0,0,0.4989712,True,Medium
0,0,0.0022788327,True,Low
0,0,0.009162935,True,Low
0,0,0.0044593276,True,Low
1,1,0.68267834,True,Medium
1,1,0.99909186,True,High
1,1,0.99365354,True,High
1,1,0.9973278,True,High
1,1,0.9861972,True,High
1,1,0.99866116,True,High
0,0,0.039535545,True,Low
0,0,0.016776403,True,Low
0,0,0.019849477,True,Low
1,0,0.24319312,False,Low
1,1,0.9670845,True,High
0,1,0.94710827,False,High
1,1,0.93031245,True,High
1,1,0.96727216,True,High
1,0,0.18112178,False,Low
1,1,0.9215167,True,High
1,1,0.9944833,True,High
0,0,0.016563388,True,Low
0,0,0.036912847,True,Low
0,0,0.015095765,True,Low
0,0,0.02949272,True,Low
1,1,0.9992847,True,High
0,0,0.040847022,True,Low
1,1,0.9557757,True,High
1,1,0.9979929,True,High
0,0,0.07678559,True,Low
0,0,0.06532816,True,Low
1,1,0.99701536,True,High
0,0,0.04388026,True,Low
1,1,0.992822,True,High
0,0,0.15850782,True,Low
0,0,0.04319245,True,Low
1,1,0.9599807,True,High
1,1,0.9920408,True,High
0,0,0.021947475,True,Low
0,1,0.8038582,False,High
1,1,0.99879575,True,High
1,1,0.9230243,True,High
0,0,0.04890909,True,Low
1,1,0.998481,True,High
1,1,0.9977939,True,High
0,0,0.023201447,True,Low
1,1,0.9984332,True,High
0,0,0.044113215,True,Low
1,1,0.9994584,True,High
0,0,0.39366162,True,Medium
0,0,0.005401233,True,Low
0,0,0.026627772,True,Low
1,1,0.99843985,True,High
0,0,0.030393148,True,Low
1,1,0.9999151,True,High
1,0,0.21383773,False,Low
1,1,0.99280435,True,High
0,0,0.013549077,True,Low
0,1,0.73285484,False,High
1,1,0.6390994,True,Medium
1,1,0.99260265,True,High
1,1,0.93318766,True,High
1,0,0.1412165,False,Low
1,1,0.99890876,True,High
0,0,0.123914026,True,Low
0,0,0.067011155,True,Low
0,1,0.9952884,False,High
1,1,0.99589264,True,High
0,0,0.07828136,True,Low
1,1,0.9961157,True,High
0,0,0.20443736,True,Low
0,0,0.1388228,True,Low
1,0,0.09663236,False,Low
0,0,0.021351987,True,Low
1,1,0.97753805,True,High
1,1,0.9914307,True,High
1,1,0.9869245,True,High
1,1,0.99189293,True,High
1,1,0.9983681,True,High
1,1,0.99982196,True,High
0,0,0.025381695,True,Low
0,0,0.016764011,True,Low
0,0,0.018809844,True,Low
0,0,0.040558554,True,Low
1,1,0.5975288,True,Medium
1,1,0.998468,True,High
0,0,0.02071636,True,Low
0,0,0.040741667,True,Low
0,0,0.01652699,True,Low
1,1,0.996906,True,High
1,1,0.977242,True,High
0,0,0.015975943,True,Low
1,1,0.93965054,True,High
1,1,0.9988587,True,High
1,0,0.06872496,False,Low
0,0,0.13472381,True,Low
1,1,0.9999411,True,High
1,1,0.9691445,True,High
1,1,0.9979978,True,High
1,1,0.9539541,True,High
1,1,0.9960722,True,High
0,0,0.03193272,True,Low
0,0,0.035948124,True,Low
1,1,0.99757046,True,High
1,1,0.9998889,True,High
0,0,0.055675294,True,Low
1,1,0.9967007,True,High
1,1,0.9675221,True,High
0,0,0.052181568,True,Low
0,0,0.23585734,True,Low
1,1,0.9955693,True,High
0,0,0.106328085,True,Low
1,1,0.9983512,True,High
1,1,0.9973767,True,High
1,1,0.99045837,True,High
1,1,0.99855894,True,High
0,0,0.06211809,True,Low
1,1,0.99959093,True,High
0,0,0.047471583,True,Low
0,0,0.0116488375,True,Low
1,1,0.9147049,True,High
1,1,0.9994246,True,High
0,0,0.040381003,True,Low
0,0,0.018167628,True,Low
0,0,0.056458414,True,Low
1,1,0.89175576,True,High
0,0,0.047496643,True,Low
1,1,0.99942064,True,High
1,1,0.9963253,True,High
0,0,0.034730487,True,Low
0,0,0.005129588,True,Low
1,1,0.999255,True,High
1,1,0.9929797,True,High
1,1,0.99773264,True,High
0,0,0.04551227,True,Low
0,0,0.07956284,True,Low
0,0,0.024957405,True,Low
1,1,0.9997267,True,High
1,1,0.9986228,True,High
1,1,0.9978357,True,High
1,1,0.9835222,True,High
1,1,0.85109806,True,High
1,1,0.9757406,True,High
1,1,0.99833614,True,High
0,1,0.79695153,False,High
1,1,0.8825272,True,High
0,0,0.02805275,True,Low
0,0,0.0107879145,True,Low
0,0,0.029830607,True,Low
0,0,0.012349376,True,Low
1,0,0.43989012,False,Medium
0,0,0.30687532,True,Medium
1,1,0.684071,True,Medium
0,0,0.115065254,True,Low
1,1,0.9991391,True,High
1,1,0.8740289,True,High
1,1,0.9994562,True,High
0,0,0.011654538,True,Low
1,1,0.9998093,True,High
1,1,0.99667645,True,High
1,1,0.6325885,True,Medium
1,0,0.30650237,False,Medium
1,1,0.99988246,True,High
0,0,0.027551612,True,Low
0,1,0.74637294,False,High
1,1,0.9993794,True,High
0,0,0.08693386,True,Low
1,1,0.9803945,True,High
1,1,0.99305457,True,High
1,1,0.9995915,True,High
1,1,0.9798147,True,High
0,0,0.028271476,True,Low
0,0,0.2568086,True,Low
1,1,0.99977833,True,High
1,1,0.9997708,True,High
0,0,0.03554917,True,Low
1,1,0.99910897,True,High
1,1,0.6707494,True,Medium
1,1,0.9991215,True,High
1,1,0.997689,True,High
0,0,0.016472284,True,Low
1,1,0.9275418,True,High
1,1,0.9920007,True,High
1,1,0.77530223,True,High
1,1,0.99992955,True,High
0,0,0.13921002,True,Low
0,0,0.020858813,True,Low
0,0,0.044858936,True,Low
1,1,0.9844327,True,High
0,0,0.015779428,True,Low
1,1,0.9947036,True,High
0,0,0.049160257,True,Low
0,1,0.8834462,False,High
0,0,0.029549899,True,Low
1,1,0.99980086,True,High
1,1,0.9976891,True,High
0,0,0.005635246,True,Low
1,1,0.99069244,True,High
1,1,0.99666035,True,High
0,0,0.05148903,True,Low
1,1,0.99510974,True,High
1,1,0.99969757,True,High
1,1,0.90181756,True,High
1,1,0.99482095,True,High
1,1,0.9949098,True,High
1,1,0.99507695,True,High
0,0,0.030137954,True,Low
0,0,0.023313113,True,Low
1,1,0.9976872,True,High
0,0,0.0606957,True,Low
1,1,0.9991559,True,High
0,0,0.12836151,True,Low
0,1,0.56212825,False,Medium
1,1,0.96208936,True,High
1,1,0.99945134,True,High
1,1,0.9900619,True,High
0,0,0.017363165,True,Low
1,1,0.8516785,True,High
0,0,0.28017524,True,Low
0,0,0.024180658,True,Low
0,0,0.009411665,True,Low
1,1,0.9470164,True,High
1,1,0.9427347,True,High
1,1,0.9957593,True,High
1,1,0.98395985,True,High
1,1,0.99808383,True,High
0,0,0.04206796,True,Low
0,0,0.024130175,True,Low
0,0,0.18340161,True,Low
0,0,0.0034589234,True,Low
1,1,0.91176695,True,High
0,0,0.12329203,True,Low
0,0,0.096044615,True,Low
1,0,0.20132293,False,Low
1,1,0.9884688,True,High
0,0,0.028667463,True,Low
1,1,0.9997857,True,High
1,1,0.997888,True,High
1,1,0.9996282,True,High
1,1,0.9040989,True,High
1,0,0.3450898,False,Medium
0,0,0.035046607,True,Low
0,1,0.8986219,False,High
0,0,0.009926971,True,Low
1,0,0.11610035,False,Low
1,1,0.9964349,True,High
1,1,0.99992144,True,High
0,0,0.08647533,True,Low
1,1,0.99905735,True,High
1,1,0.9943832,True,High
0,0,0.026957598,True,Low
0,0,0.10817584,True,Low
0,0,0.028608179,True,Low
1,1,0.99916065,True,High
1,1,0.9979012,True,High
0,0,0.013921382,True,Low
1,1,0.68405825,True,Medium
1,1,0.99883944,True,High
1,1,0.9976761,True,High
0,0,0.009196257,True,Low
1,1,0.73606735,True,High
0,0,0.08321788,True,Low
0,0,0.03723204,True,Low
1,1,0.95741194,True,High
1,1,0.9654961,True,High
1,1,0.98525846,True,High
1,1,0.94705397,True,High
1,1,0.98532146,True,High
0,0,0.056431875,True,Low
1,1,0.9989586,True,High
1,1,0.98149776,True,High
0,0,0.082154706,True,Low
0,0,0.02540614,True,Low
1,1,0.9997085,True,High
0,0,0.032780964,True,Low
1,1,0.9925787,True,High
1,1,0.9811256,True,High
0,0,0.012445474,True,Low
1,1,0.9898997,True,High
0,0,0.48175615,True,Medium
1,1,0.99702185,True,High
1,1,0.999747,True,High
0,0,0.008903747,True,Low
1,1,0.999255,True,High
1,1,0.99767786,True,High
0,0,0.027300393,True,Low
1,1,0.9196563,True,High
1,1,0.991776,True,High
0,0,0.051614787,True,Low
0,0,0.054964557,True,Low
1,1,0.9763447,True,High
1,1,0.986034,True,High
0,0,0.08665308,True,Low
1,1,0.9969512,True,High
1,1,0.99856645,True,High
0,0,0.036121372,True,Low
0,0,0.016311051,True,Low
1,1,0.9949293,True,High
0,0,0.16580483,True,Low
0,0,0.030081745,True,Low
1,1,0.9986626,True,High
0,0,0.02126438,True,Low
1,1,0.9957288,True,High
1,1,0.92511624,True,High
0,0,0.024708696,True,Low
0,0,0.026982117,True,Low
1,1,0.99231565,True,High
0,0,0.08406038,True,Low
1,1,0.996876,True,High
1,1,0.9998752,True,High
0,0,0.028930828,True,Low
1,1,0.98461723,True,High
1,1,0.9993624,True,High
1,0,0.39214575,False,Medium
1,1,0.99942017,True,High
0,0,0.0055203754,True,Low
1,0,0.4280748,False,Medium
1,1,0.7266449,True,High
0,0,0.03494325,True,Low
1,1,0.98609805,True,High
1,1,0.959097,True,High
0,1,0.695961,False,Medium
0,0,0.042503465,True,Low
1,1,0.9397901,True,High
1,1,0.9291211,True,High
1,1,0.9999604,True,High
1,1,0.99994385,True,High
1,1,0.99918944,True,High
0,0,0.044677105,True,Low
1,1,0.9961688,True,High
0,0,0.41900948,True,Medium
0,0,0.04576692,True,Low
1,1,0.9967943,True,High
1,1,0.99074477,True,High
1,1,0.760262,True,High
1,1,0.9723228,True,High
1,1,0.9672725,True,High
1,1,0.9734851,True,High
0,0,0.090351276,True,Low
1,1,0.998195,True,High
1,1,0.95237017,True,High
0,0,0.037950817,True,Low
0,0,0.012414416,True,Low
1,1,0.9981242,True,High
1,1,0.9987495,True,High
0,0,0.017442591,True,Low
1,1,0.9870439,True,High
0,0,0.043912865,True,Low
1,0,0.28690535,False,Low
0,0,0.10856998,True,Low
1,1,0.99646,True,High
0,0,0.015427014,True,Low
1,1,0.99561226,True,High
0,0,0.017910391,True,Low
1,1,0.9991091,True,High
1,1,0.9979672,True,High
1,0,0.31380138,False,Medium
0,0,0.03392563,True,Low
0,0,0.07145282,True,Low
0,0,0.017412934,True,Low
0,0,0.07094326,True,Low
1,1,0.9976568,True,High
1,1,0.96674466,True,High
1,1,0.8529944,True,High
1,1,0.9911534,True,High
1,1,0.9960246,True,High
1,0,0.14353901,False,Low
1,1,0.9989759,True,High
1,1,0.99991596,True,High
0,0,0.11581395,True,Low
1,0,0.13542809,False,Low
1,1,0.99373734,True,High
0,0,0.074561924,True,Low
0,0,0.014010812,True,Low
0,1,0.8917911,False,High
1,1,0.93480134,True,High
0,0,0.042042315,True,Low
0,0,0.044113215,True,Low
1,1,0.9835941,True,High
1,1,0.99917334,True,High
0,0,0.0097019,True,Low
1,0,0.34395188,False,Medium
1,1,0.99917454,True,High
0,0,0.029557345,True,Low
1,1,0.99505913,True,High
0,0,0.015382305,True,Low
1,1,0.9681493,True,High
1,1,0.9998386,True,High
1,1,0.61531323,True,Medium
0,0,0.10500718,True,Low
0,1,0.62998044,False,Medium
0,0,0.02050997,True,Low
1,1,0.99991214,True,High
1,1,0.98898673,True,High
1,1,0.99948066,True,High
1,1,0.9992532,True,High
0,0,0.059037544,True,Low
1,1,0.9998254,True,High
0,0,0.02998926,True,Low
0,0,0.049348228,True,Low
1,1,0.9783155,True,High
1,1,0.9942173,True,High
0,0,0.018830346,True,Low
0,0,0.01867939,True,Low
1,1,0.9574842,True,High
0,0,0.026113803,True,Low
1,1,0.9960478,True,High
0,0,0.027184227,True,Low
1,1,0.987229,True,High
0,0,0.045094907,True,Low
1,1,0.99936587,True,High
1,1,0.99994445,True,High
0,0,0.058094494,True,Low
1,1,0.9161096,True,High
0,0,0.016109653,True,Low
1,1,0.99709237,True,High
1,1,0.9964141,True,High
1,1,0.9983038,True,High
1,1,0.99778664,True,High
1,1,0.94625676,True,High
1,1,0.9954407,True,High
0,0,0.029862482,True,Low
0,0,0.036793254,True,Low
0,0,0.015404483,True,Low
0,0,0.021939605,True,Low
0,0,0.11496427,True,Low
1,1,0.91772515,True,High
1,1,0.99986374,True,High
1,1,0.99211794,True,High
1,1,0.99901056,True,High
1,1,0.97571135,True,High
1,1,0.9705166,True,High
1,1,0.8847871,True,High
0,0,0.0664132,True,Low
1,1,0.9910218,True,High
0,0,0.055030003,True,Low
1,1,0.98720443,True,High
0,0,0.019705994,True,Low
1,1,0.9975938,True,High
0,0,0.021755343,True,Low
0,0,0.009318483,True,Low
1,1,0.9942173,True,High
0,0,0.03804715,True,Low
1,1,0.99977237,True,High
1,1,0.9891862,True,High
0,0,0.025747806,True,Low
0,0,0.03789003,True,Low
0,1,0.8339974,False,High
1,1,0.99995816,True,High
0,0,0.0317421,True,Low
1,1,0.994672,True,High
0,0,0.14305712,True,Low
0,0,0.013811151,True,Low
1,1,0.9858046,True,High
0,0,0.08914995,True,Low
1,1,0.9942445,True,High
1,1,0.74762183,True,High
1,1,0.99953735,True,High
0,0,0.10918522,True,Low
0,0,0.036264483,True,Low
1,1,0.99093246,True,High
0,0,0.05670964,True,Low
0,0,0.03998959,True,Low
0,0,0.02793662,True,Low
1,1,0.9992322,True,High
1,1,0.9846267,True,High
1,1,0.98744863,True,High
1,1,0.93523866,True,High
0,0,0.043398283,True,Low
1,1,0.9977188,True,High
0,0,0.053099763,True,Low
1,1,0.9034841,True,High
0,0,0.046707436,True,Low
0,0,0.0131103285,True,Low
0,0,0.116552606,True,Low
1,1,0.9985391,True,High
1,1,0.9997416,True,High
1,1,0.99983096,True,High
1,1,0.99996257,True,High
1,1,0.99682885,True,High
1,1,0.9940811,True,High
1,0,0.38311934,False,Medium
1,1,0.91295785,True,High
0,0,0.026746446,True,Low
0,0,0.03447638,True,Low
1,1,0.6252668,True,Medium
0,0,0.04852096,True,Low
1,1,0.99973243,True,High
1,1,0.99958175,True,High
1,1,0.9954904,True,High
0,0,0.074754655,True,Low
1,1,0.99595356,True,High
1,0,0.42603007,False,Medium
1,1,0.9928746,True,High
0,0,0.013865454,True,Low
1,1,0.9573962,True,High
1,1,0.95222574,True,High
0,0,0.025463799,True,Low
0,0,0.11347572,True,Low
1,1,0.9998752,True,High
0,0,0.016626466,True,Low
0,0,0.05705971,True,Low
0,0,0.061945397,True,Low
0,0,0.030095214,True,Low
0,0,0.01750039,True,Low
0,0,0.032953613,True,Low
1,1,0.9991818,True,High
0,0,0.080043316,True,Low
0,0,0.039918955,True,Low
1,1,0.9923868,True,High
1,1,0.9973109,True,High
1,1,0.99952424,True,High
1,1,0.99964404,True,High
1,1,0.9831498,True,High
1,1,0.9985827,True,High
1,1,0.99442416,True,High
1,1,0.9989998,True,High
1,1,0.9871737,True,High
0,0,0.09939771,True,Low
0,0,0.0037491072,True,Low
1,1,0.6426943,True,Medium
1,0,0.01997602,False,Low
0,1,0.9699774,False,High
0,0,0.09750197,True,Low
0,0,0.055394664,True,Low
1,1,0.9979572,True,High
0,0,0.10068486,True,Low
1,1,0.9658173,True,High
0,0,0.4447219,True,Medium
0,0,0.09904311,True,Low
0,1,0.97948956,False,High
1,1,0.99840456,True,High
0,0,0.022350991,True,Low
0,0,0.014410861,True,Low
1,1,0.9992823,True,High
0,0,0.32578596,True,Medium
1,0,0.4251316,False,Medium
1,1,0.99735403,True,High
1,1,0.989617,True,High
1,1,0.98721015,True,High
0,0,0.015378657,True,Low
1,1,0.7785552,True,High
0,0,0.029099053,True,Low
1,0,0.0360443,False,Low
1,0,0.019393243,False,Low
0,0,0.0636494,True,Low
1,1,0.99975353,True,High
0,0,0.031932447,True,Low
0,0,0.02304026,True,Low
0,0,0.026744423,True,Low
0,0,0.11311607,True,Low
0,0,0.06260982,True,Low
1,0,0.48023492,False,Medium
0,0,0.13602105,True,Low
1,1,0.95590585,True,High
0,0,0.039292216,True,Low
0,0,0.014207719,True,Low
1,1,0.99851817,True,High
1,1,0.9636106,True,High
0,0,0.0072896886,True,Low
1,1,0.9850795,True,High
1,1,0.9992399,True,High
0,0,0.036170088,True,Low
0,0,0.04707534,True,Low
1,1,0.9967572,True,High
1,0,0.38069114,False,Medium
0,0,0.03182151,True,Low
0,0,0.058353677,True,Low
1,1,0.9977665,True,High
1,1,0.99033654,True,High
0,0,0.018757854,True,Low
1,1,0.9980715,True,High
1,1,0.99673945,True,High
1,1,0.9979512,True,High
0,0,0.019625753,True,Low
1,1,0.9688384,True,High
1,0,0.13462737,False,Low
1,0,0.016449926,False,Low
0,0,0.009862682,True,Low
0,0,0.08460207,True,Low
0,0,0.03381358,True,Low
1,1,0.98981255,True,High
0,0,0.055436052,True,Low
0,0,0.0065123844,True,Low
0,0,0.02482445,True,Low
1,1,0.99436283,True,High
0,0,0.05899029,True,Low
1,1,0.9949685,True,High
1,1,0.9993268,True,High
1,1,0.9998258,True,High
1,1,0.99981123,True,High
0,0,0.01646125,True,Low
1,1,0.9804416,True,High
0,0,0.012083781,True,Low
0,0,0.19009648,True,Low
1,1,0.999943,True,High
0,0,0.3615841,True,Medium
1,1,0.9790683,True,High
0,0,0.003835157,True,Low
1,1,0.99572927,True,High
0,0,0.011266769,True,Low
1,1,0.9835602,True,High
0,1,0.9584988,False,High
0,0,0.009607541,True,Low
1,0,0.28043914,False,Low
1,1,0.9992213,True,High
1,1,0.9973361,True,High
0,0,0.23986256,True,Low
1,1,0.9997954,True,High
1,1,0.99490285,True,High
1,1,0.99989676,True,High
0,0,0.05611022,True,Low
0,0,0.041180536,True,Low
0,0,0.010412312,True,Low
1,1,0.9997962,True,High
0,0,0.031949196,True,Low
1,1,0.9384289,True,High
1,1,0.9838971,True,High
0,0,0.012330577,True,Low
0,0,0.013356034,True,Low
0,0,0.1189376,True,Low
1,1,0.9964238,True,High
0,0,0.045644745,True,Low
1,1,0.99950457,True,High
1,1,0.99367285,True,High
0,0,0.0628971,True,Low
1,1,0.9991584,True,High
0,0,0.043339852,True,Low
1,1,0.99889684,True,High
0,0,0.0197134,True,Low
1,1,0.97965235,True,High
0,0,0.080035314,True,Low
0,0,0.012678558,True,Low
0,0,0.033978477,True,Low
1,1,0.9972556,True,High
1,1,0.9999597,True,High
0,0,0.087848,True,Low
1,1,0.72845423,True,High
0,0,0.06496346,True,Low
0,0,0.060615268,True,Low
0,0,0.14117678,True,Low
1,1,0.97805035,True,High
0,0,0.024805738,True,Low
1,1,0.9974847,True,High
0,0,0.040468298,True,Low
1,1,0.99810374,True,High
1,1,0.99843985,True,High
1,1,0.93655217,True,High
0,0,0.029184109,True,Low
0,0,0.023526195,True,Low
0,0,0.06659066,True,Low
0,0,0.065496065,True,Low
1,1,0.98425853,True,High
1,1,0.9887856,True,High
1,1,0.9807433,True,High
0,0,0.062522046,True,Low
0,0,0.0042413794,True,Low
0,0,0.020260923,True,Low
1,1,0.9976895,True,High
0,0,0.0073091653,True,Low
0,0,0.10523032,True,Low
0,0,0.018010966,True,Low
1,1,0.98583466,True,High
1,1,0.9601612,True,High
1,1,0.9163214,True,High
0,0,0.10459011,True,Low
1,1,0.9371711,True,High
1,1,0.9309198,True,High
0,0,0.051394455,True,Low
0,0,0.023899501,True,Low
1,1,0.9997322,True,High
1,1,0.999962,True,High
1,1,0.99936897,True,High
0,0,0.023626272,True,Low
0,0,0.025076559,True,Low
1,1,0.96688277,True,High
1,1,0.9979532,True,High
0,0,0.010732525,True,Low
1,1,0.97886837,True,High
1,1,0.9988877,True,High
1,1,0.99859744,True,High
1,1,0.98301977,True,High
1,1,0.9990765,True,High
1,1,0.5448448,True,Medium
0,0,0.040897306,True,Low
1,1,0.98673093,True,High
1,1,0.9982608,True,High
0,0,0.040025678,True,Low
0,0,0.010226579,True,Low
1,0,0.03192045,False,Low
0,0,0.051276013,True,Low
1,1,0.9972915,True,High
0,0,0.031179156,True,Low
1,1,0.9964688,True,High
0,0,0.019058436,True,Low
0,0,0.0078120213,True,Low
1,1,0.7832571,True,High
1,1,0.88102996,True,High
0,0,0.05146464,True,Low
0,0,0.036854915,True,Low
1,1,0.9902366,True,High
0,0,0.041846663,True,Low
0,0,0.025189763,True,Low
1,1,0.83348703,True,High
1,1,0.867131,True,High
1,1,0.99875355,True,High
1,1,0.999824,True,High
1,1,0.9843828,True,High
0,0,0.024408,True,Low
0,0,0.009844752,True,Low
0,0,0.021656409,True,Low
1,0,0.44770545,False,Medium
1,1,0.9847809,True,High
0,0,0.028988851,True,Low
0,0,0.02541524,True,Low
1,1,0.9972574,True,High
1,1,0.99979216,True,High
1,1,0.9959985,True,High
0,0,0.025751712,True,Low
0,0,0.06965253,True,Low
0,0,0.08114801,True,Low
0,0,0.03257965,True,Low
0,0,0.08764367,True,Low
0,0,0.08343144,True,Low
1,1,0.9998004,True,High
1,1,0.9964886,True,High
1,1,0.98148876,True,High
1,1,0.9991265,True,High
1,1,0.99945265,True,High
0,0,0.34948224,True,Medium
1,1,0.9937022,True,High
0,1,0.67237175,False,Medium
1,1,0.99564666,True,High
0,0,0.06402087,True,Low
1,1,0.9985061,True,High
1,1,0.99986506,True,High
1,1,0.9921657,True,High
1,1,0.9996196,True,High
1,1,0.9685043,True,High
1,1,0.9902666,True,High
0,0,0.091374345,True,Low
1,1,0.99680364,True,High
1,1,0.9954796,True,High
0,0,0.030316547,True,Low
1,1,0.9906687,True,High
1,1,0.99279493,True,High
1,1,0.9996388,True,High
0,1,0.68107027,False,Medium
1,1,0.9992015,True,High
0,0,0.07553941,True,Low
1,1,0.7858092,True,High
1,1,0.99233353,True,High
1,1,0.99988043,True,High
1,1,0.9976891,True,High
0,1,0.75658274,False,High
0,0,0.030905295,True,Low
0,0,0.018250838,True,Low
1,1,0.99929965,True,High
1,1,0.99992263,True,High
0,0,0.041458514,True,Low
0,0,0.086899824,True,Low
1,1,0.9087055,True,High
1,1,0.962427,True,High
1,1,0.9993149,True,High
1,1,0.9999193,True,High
0,0,0.07719434,True,Low
1,1,0.9996026,True,High
0,0,0.2770238,True,Low
0,0,0.29051378,True,Low
1,1,0.62211585,True,Medium
1,1,0.9796442,True,High
0,0,0.010459857,True,Low
0,0,0.07285296,True,Low
1,1,0.951157,True,High
0,0,0.01567404,True,Low
0,0,0.02419926,True,Low
0,0,0.03774813,True,Low
0,0,0.06859893,True,Low
1,1,0.9847704,True,High
1,1,0.9915255,True,High
0,0,0.030836469,True,Low
1,1,0.62065417,True,Medium
1,1,0.99788046,True,High
1,1,0.95825213,True,High
1,1,0.99657166,True,High
1,1,0.98072,True,High
0,0,0.0043417057,True,Low
0,0,0.013292224,True,Low
1,1,0.9996929,True,High
1,1,0.9998921,True,High
1,1,0.993024,True,High
1,1,0.99645776,True,High
1,0,0.45545587,False,Medium
1,1,0.9997358,True,High
1,1,0.99982256,True,High
1,1,0.9996182,True,High
0,0,0.053919476,True,Low
0,0,0.12595338,True,Low
0,0,0.03356819,True,Low
1,1,0.9993673,True,High
1,1,0.97993624,True,High
0,0,0.04464299,True,Low
1,1,0.9986234,True,High
0,1,0.9137105,False,High
1,1,0.98931795,True,High
0,0,0.07888615,True,Low
1,1,0.9984273,True,High
1,1,0.99421847,True,High
0,0,0.071187764,True,Low
1,0,0.097121015,False,Low
0,0,0.02686015,True,Low
1,1,0.9966317,True,High
1,1,0.99734384,True,High
0,0,0.032239705,True,Low
0,0,0.022936272,True,Low
1,1,0.9996743,True,High
0,0,0.074505486,True,Low
1,1,0.9972435,True,High
0,0,0.05570773,True,Low
0,0,0.084743135,True,Low
0,0,0.16974324,True,Low
1,1,0.9999436,True,High
0,0,0.07415232,True,Low
0,1,0.87048024,False,High
0,0,0.09147327,True,Low
0,0,0.013055429,True,Low
0,1,0.57629293,False,Medium
1,1,0.9835693,True,High
0,0,0.029491195,True,Low
1,1,0.978633,True,High
0,0,0.01893716,True,Low
0,0,0.04066638,True,Low
0,0,0.04037559,True,Low
1,1,0.9963697,True,High
1,1,0.9996087,True,High
1,1,0.99464804,True,High
1,1,0.9999269,True,High
1,1,0.9749443,True,High
1,1,0.9941544,True,High
1,1,0.9691955,True,High
0,0,0.008702569,True,Low
1,1,0.9983619,True,High
1,1,0.9990846,True,High
0,0,0.048344273,True,Low
1,1,0.9979012,True,High
0,0,0.121037565,True,Low
1,1,0.99847776,True,High
1,0,0.15546137,False,Low
1,1,0.9996346,True,High
1,1,0.9878044,True,High
0,0,0.023826549,True,Low
0,0,0.043278005,True,Low
0,0,0.22894372,True,Low
0,0,0.009292265,True,Low
0,0,0.008469808,True,Low
1,1,0.7860597,True,High
0,0,0.059475858,True,Low
1,1,0.9991738,True,High
0,0,0.05184664,True,Low
0,0,0.028704891,True,Low
1,1,0.9830771,True,High
1,1,0.9750302,True,High
0,0,0.022196334,True,Low
1,1,0.7341592,True,High
1,1,0.9980939,True,High
1,1,0.97991073,True,High
0,0,0.00970344,True,Low
0,0,0.26716802,True,Low
1,1,0.75681156,True,High
0,0,0.11035111,True,Low
1,1,0.9964439,True,High
0,0,0.03361868,True,Low
1,1,0.9739919,True,High
1,1,0.999564,True,High
1,1,0.9071841,True,High
1,1,0.9856619,True,High
0,0,0.032093603,True,Low
0,0,0.030110478,True,Low
1,1,0.9980069,True,High
0,0,0.039117686,True,Low
0,0,0.17744367,True,Low
1,1,0.9961849,True,High
1,1,0.99607015,True,High
0,0,0.010130862,True,Low
0,0,0.077432185,True,Low
1,1,0.99941814,True,High
1,1,0.93467855,True,High
1,1,0.99639785,True,High
0,0,0.030777056,True,Low
0,0,0.07044017,True,Low
1,1,0.9724522,True,High
0,0,0.01273961,True,Low
1,1,0.9104359,True,High
0,0,0.011777787,True,Low
0,0,0.030765526,True,Low
0,0,0.014732213,True,Low
0,0,0.14770669,True,Low
1,1,0.99978167,True,High
1,1,0.99965537,True,High
1,1,0.9173237,True,High
0,1,0.91693056,False,High
0,1,0.7745322,False,High
0,0,0.036685497,True,Low
1,1,0.9980034,True,High
1,1,0.923833,True,High
1,1,0.9965713,True,High
1,1,0.9914442,True,High
1,1,0.89098287,True,High
0,0,0.03176998,True,Low
0,0,0.012038588,True,Low
1,1,0.9995572,True,High
1,1,0.9903796,True,High
0,0,0.032205656,True,Low
1,1,0.9999124,True,High
1,1,0.99927384,True,High
0,0,0.046988197,True,Low
1,1,0.9979012,True,High
1,1,0.88664865,True,High
0,0,0.035771195,True,Low
1,1,0.99303186,True,High
0,0,0.056838565,True,Low
1,1,0.9992261,True,High
0,0,0.21267785,True,Low
0,0,0.040026266,True,Low
1,1,0.98097104,True,High
1,1,0.99393046,True,High
1,1,0.99745315,True,High
0,0,0.050140485,True,Low
1,1,0.90992224,True,High
1,1,0.93325216,True,High
1,1,0.6880367,True,Medium
1,1,0.9934651,True,High
1,1,0.63891,True,Medium
1,1,0.9844104,True,High
1,1,0.98891443,True,High
1,1,0.98863167,True,High
0,0,0.03719661,True,Low
1,1,0.93298507,True,High
0,0,0.011960242,True,Low
0,0,0.022822307,True,Low
1,1,0.9741693,True,High
1,1,0.97889435,True,High
1,0,0.49364173,False,Medium
1,1,0.9992187,True,High
0,0,0.34123075,True,Medium
1,1,0.9980667,True,High
1,1,0.9987288,True,High
1,1,0.67903316,True,Medium
0,0,0.009529283,True,Low
1,1,0.9993025,True,High
0,0,0.05009871,True,Low
1,1,0.5278201,True,Medium
1,1,0.99665964,True,High
0,0,0.034234453,True,Low
1,1,0.9959462,True,High
0,0,0.049123984,True,Low
1,1,0.5996979,True,Medium
1,1,0.9413107,True,High
1,1,0.98548305,True,High
0,0,0.08158262,True,Low
0,0,0.06842369,True,Low
1,1,0.9928746,True,High
1,1,0.9472795,True,High
0,0,0.11664051,True,Low
0,0,0.01402942,True,Low
1,1,0.99766636,True,High
1,1,0.976441,True,High
1,1,0.95487124,True,High
1,1,0.99427325,True,High
0,0,0.289256,True,Low
1,1,0.89659154,True,High
1,1,0.99732035,True,High
0,0,0.055697374,True,Low
0,0,0.054573845,True,Low
1,0,0.052117813,False,Low
1,1,0.9995881,True,High
1,1,0.99576,True,High
1,1,0.9985267,True,High
1,1,0.9997477,True,High
1,1,0.99975127,True,High
0,0,0.029699106,True,Low
0,0,0.1595876,True,Low
0,0,0.018205855,True,Low
1,1,0.9265171,True,High
1,1,0.97161186,True,High
1,1,0.8776962,True,High
0,0,0.08482683,True,Low
1,1,0.99940443,True,High
1,1,0.9978714,True,High
0,0,0.11459757,True,Low
1,1,0.9568729,True,High
1,0,0.060521156,False,Low
1,1,0.99901605,True,High
1,1,0.9990928,True,High
0,0,0.37653366,True,Medium
1,1,0.8006878,True,High
0,0,0.12303357,True,Low
1,1,0.9999597,True,High
1,1,0.99090964,True,High
0,1,0.94680727,False,High
1,1,0.9991449,True,High
1,1,0.9974956,True,High
1,1,0.94319874,True,High
0,0,0.013941144,True,Low
1,1,0.9890942,True,High
0,0,0.11148765,True,Low
0,0,0.026083576,True,Low
1,1,0.98631,True,High
1,1,0.9917041,True,High
0,0,0.01170189,True,Low
0,0,0.038243085,True,Low
0,1,0.6501288,False,Medium
0,0,0.08631469,True,Low
1,1,0.99845755,True,High
1,1,0.99367225,True,High
1,1,0.99762064,True,High
1,1,0.98365533,True,High
1,1,0.9986744,True,High
1,1,0.9998548,True,High
1,1,0.99942076,True,High
1,1,0.99891853,True,High
1,1,0.9955401,True,High
0,0,0.019789316,True,Low
0,0,0.012850433,True,Low
1,1,0.97813284,True,High
1,1,0.99961936,True,High
0,0,0.013629058,True,Low
1,1,0.99516284,True,High
1,1,0.860938,True,High
1,0,0.20945434,False,Low
1,0,0.07652396,False,Low
1,0,0.07773921,False,Low
1,1,0.99780077,True,High
0,0,0.061045196,True,Low
0,0,0.12953827,True,Low
0,0,0.028720908,True,Low
1,1,0.9884105,True,High
0,0,0.03880646,True,Low
1,1,0.932412,True,High
0,0,0.03972067,True,Low
1,1,0.988306,True,High
1,1,0.96835977,True,High
1,1,0.92605823,True,High
1,1,0.99980026,True,High
0,0,0.011579682,True,Low
0,0,0.041391388,True,Low
0,0,0.0472409,True,Low
0,0,0.06864296,True,Low
1,1,0.99655306,True,High
1,1,0.9998344,True,High
1,1,0.9851431,True,High
1,1,0.82115835,True,High
0,0,0.038813114,True,Low
0,0,0.0151978815,True,Low
0,1,0.8932814,False,High
0,0,0.03602141,True,Low
0,0,0.04670382,True,Low
1,1,0.9693609,True,High
1,1,0.95365316,True,High
1,1,0.99506617,True,High
0,0,0.08649496,True,Low
1,1,0.99450654,True,High
1,0,0.26874262,False,Low
1,1,0.99977833,True,High
0,0,0.09366161,True,Low
1,1,0.86024404,True,High
1,1,0.99923754,True,High
1,1,0.9951544,True,High
0,0,0.050362963,True,Low
0,0,0.016419504,True,Low
1,1,0.99067557,True,High
0,0,0.009836091,True,Low
0,0,0.11652015,True,Low
1,1,0.9999347,True,High
1,1,0.9997155,True,High
1,1,0.99808383,True,High
1,1,0.99978775,True,High
1,1,0.99991405,True,High
1,1,0.9441898,True,High
1,1,0.9979012,True,High
0,0,0.022600822,True,Low
0,0,0.35498247,True,Medium
1,0,0.12943536,False,Low
0,0,0.029977478,True,Low
0,0,0.018924812,True,Low
0,0,0.051928367,True,Low
1,1,0.99849856,True,High
0,0,0.24995534,True,Low
1,1,0.8487228,True,High
1,1,0.9708838,True,High
1,1,0.9971354,True,High
0,0,0.100821696,True,Low
0,0,0.017486366,True,Low
0,0,0.013489224,True,Low
0,1,0.68641657,False,Medium
1,1,0.91701645,True,High
1,1,0.9998172,True,High
0,0,0.03255999,True,Low
0,0,0.016106214,True,Low
1,1,0.9978817,True,High
1,1,0.93013805,True,High
0,0,0.09545782,True,Low
0,0,0.20321006,True,Low
0,0,0.21863584,True,Low
1,1,0.9952884,True,High
1,1,0.99978405,True,High
1,1,0.9324655,True,High
0,1,0.80541867,False,High
0,0,0.003835157,True,Low
1,1,0.99527407,True,High
0,0,0.053233802,True,Low
0,0,0.054704178,True,Low
0,0,0.014133785,True,Low
0,0,0.022519698,True,Low
0,0,0.045259263,True,Low
0,0,0.017872376,True,Low
0,0,0.03697627,True,Low
0,0,0.030493444,True,Low
1,1,0.9784444,True,High
0,0,0.013289511,True,Low
0,0,0.017056322,True,Low
1,1,0.9993711,True,High
0,0,0.08229357,True,Low
1,1,0.9998696,True,High
0,0,0.047083464,True,Low
0,0,0.07672754,True,Low
1,1,0.971907,True,High
0,0,0.065172635,True,Low
0,0,0.028424444,True,Low
0,0,0.3207372,True,Medium
0,0,0.05379872,True,Low
1,1,0.9999068,True,High
0,0,0.28546488,True,Low
0,0,0.05498389,True,Low
1,1,0.999772,True,High
0,0,0.036554124,True,Low
1,1,0.999974,True,High
1,1,0.9997794,True,High
1,1,0.9987698,True,High
1,1,0.9981811,True,High
0,1,0.843906,False,High
1,1,0.50214326,True,Medium
0,0,0.14787214,True,Low
1,1,0.9678738,True,High
0,0,0.09997172,True,Low
1,1,0.9816612,True,High
0,0,0.122869134,True,Low
0,0,0.0146746,True,Low
0,0,0.012749461,True,Low
0,0,0.040804356,True,Low
1,0,0.22256541,False,Low
0,0,0.04983066,True,Low
1,1,0.98406976,True,High
0,0,0.025759824,True,Low
1,1,0.9554084,True,High
1,1,0.815819,True,High
0,0,0.028899364,True,Low
0,0,0.10287272,True,Low
1,1,0.99906904,True,High
1,0,0.45660192,False,Medium
0,0,0.040153164,True,Low
0,0,0.048695233,True,Low
0,0,0.007480252,True,Low
1,1,0.99811816,True,High
1,1,0.92285967,True,High
0,0,0.03694108,True,Low
1,1,0.99772507,True,High
0,0,0.34690365,True,Medium
0,0,0.2955949,True,Low
0,0,0.19642279,True,Low
1,0,0.019203663,False,Low
1,1,0.98498595,True,High
0,1,0.65845543,False,Medium
1,1,0.98294467,True,High
0,0,0.027933307,True,Low
0,0,0.020771507,True,Low
1,1,0.93556106,True,High
1,1,0.9962604,True,High
0,0,0.03038661,True,Low
0,0,0.045460068,True,Low
1,0,0.14497492,False,Low
1,1,0.98762983,True,High
0,0,0.04797647,True,Low
0,0,0.39465505,True,Medium
0,1,0.74801576,False,High
1,1,0.998752,True,High
1,1,0.99862957,True,High
0,0,0.009456448,True,Low
0,0,0.041444615,True,Low
1,1,0.9162373,True,High
1,1,0.97775674,True,High
1,1,0.92983025,True,High
1,1,0.9980252,True,High
0,0,0.021828419,True,Low
0,0,0.043795776,True,Low
1,1,0.9910523,True,High
0,0,0.35666895,True,Medium
0,0,0.16811956,True,Low
1,1,0.9985468,True,High
0,0,0.026899159,True,Low
1,1,0.7934822,True,High
1,1,0.9082169,True,High
0,0,0.020586623,True,Low
1,0,0.262603,False,Low
0,0,0.062308677,True,Low
1,1,0.9894309,True,High
1,1,0.99974555,True,High
1,1,0.9996629,True,High
1,1,0.9942725,True,High
1,1,0.98060864,True,High
0,0,0.037644792,True,Low
0,0,0.08461001,True,Low
0,0,0.008981782,True,Low
1,1,0.99980634,True,High
1,1,0.98292154,True,High
1,1,0.9984681,True,High
0,0,0.20467123,True,Low
1,1,0.9977677,True,High
1,1,0.9293139,True,High
0,0,0.05324813,True,Low
1,1,0.9680368,True,High
1,1,0.999838,True,High
1,1,0.99746335,True,High
1,1,0.9835142,True,High
0,0,0.06442971,True,Low
1,1,0.9995602,True,High
0,0,0.016979594,True,Low
1,1,0.99962556,True,High
1,1,0.9586767,True,High
1,1,0.99364376,True,High
0,0,0.016402101,True,Low
0,0,0.018348992,True,Low
0,0,0.016737161,True,Low
1,0,0.075090654,False,Low
1,1,0.99417746,True,High
1,1,0.99375314,True,High
1,1,0.8859009,True,High
1,1,0.99979967,True,High
0,0,0.238555,True,Low
1,0,0.0074536805,False,Low
1,1,0.9806913,True,High
1,1,0.99886394,True,High
0,0,0.0050498876,True,Low
0,1,0.88334143,False,High
1,1,0.99994314,True,High
0,0,0.054584965,True,Low
1,1,0.99887663,True,High
1,1,0.98405313,True,High
1,1,0.9790332,True,High
1,1,0.99731916,True,High
0,0,0.028801506,True,Low
0,0,0.022643758,True,Low
0,0,0.00647973,True,Low
0,0,0.03983024,True,Low
1,0,0.03039299,False,Low
1,1,0.99233717,True,High
1,1,0.98262894,True,High
0,0,0.009507058,True,Low
0,0,0.035556413,True,Low
1,1,0.9989513,True,High
0,0,0.03370707,True,Low
1,1,0.9990169,True,High
1,1,0.9995629,True,High
0,0,0.03839364,True,Low
0,0,0.06758707,True,Low
1,1,0.99462694,True,High
1,1,0.99749964,True,High
1,1,0.99945337,True,High
1,1,0.99592364,True,High
1,1,0.99960047,True,High
0,0,0.035743985,True,Low
1,1,0.99896073,True,High
0,0,0.03756241,True,Low
0,0,0.009685467,True,Low
0,0,0.06369342,True,Low
1,1,0.99944,True,High
1,1,0.95935977,True,High
1,1,0.9002029,True,High
0,0,0.053384244,True,Low
1,1,0.51543003,True,Medium
1,1,0.9830771,True,High
1,1,0.9949528,True,High
0,0,0.024369266,True,Low
0,0,0.015508991,True,Low
1,1,0.97012985,True,High
0,0,0.018990545,True,Low
0,0,0.050144993,True,Low
1,1,0.99732345,True,High
1,1,0.99956447,True,High
1,1,0.99100846,True,High
1,1,0.9685281,True,High
1,1,0.95294887,True,High
1,1,0.9988667,True,High
0,0,0.014105023,True,Low
0,0,0.016869238,True,Low
1,1,0.9971396,True,High
1,1,0.910066,True,High
1,1,0.99584216,True,High
0,0,0.020587858,True,Low
0,1,0.5852708,False,Medium
1,1,0.74760324,True,High
0,0,0.022621604,True,Low
0,0,0.04217511,True,Low
1,1,0.9719989,True,High
1,1,0.99984336,True,High
0,0,0.020658096,True,Low
0,0,0.033780664,True,Low
0,0,0.02309133,True,Low
0,0,0.036029615,True,Low
0,0,0.06494471,True,Low
1,0,0.017492766,False,Low
1,0,0.32758322,False,Medium
1,1,0.99859685,True,High
1,1,0.96244764,True,High
1,1,0.89132196,True,High
1,1,0.9990194,True,High
0,0,0.04277578,True,Low
1,1,0.9605643,True,High
1,1,0.947432,True,High
0,0,0.03802751,True,Low
1,1,0.91509587,True,High
1,1,0.99921,True,High
1,1,0.9846662,True,High
1,1,0.9956143,True,High
1,1,0.9999274,True,High
0,0,0.03870416,True,Low
0,0,0.054217506,True,Low
1,1,0.89211756,True,High
1,1,0.9920774,True,High
0,0,0.36201265,True,Medium
1,1,0.99983156,True,High
1,1,0.9892435,True,High
0,0,0.030985584,True,Low
1,1,0.85072047,True,High
0,0,0.078383006,True,Low
1,1,0.99585116,True,High
0,0,0.010656381,True,Low
0,0,0.021906575,True,Low
0,0,0.024385193,True,Low
0,0,0.044124458,True,Low
1,1,0.99922884,True,High
0,0,0.029062985,True,Low
1,1,0.99587786,True,High
0,0,0.021769911,True,Low
1,1,0.9986559,True,High
1,1,0.9998621,True,High
0,0,0.05182934,True,Low
1,1,0.99955064,True,High
0,0,0.019222245,True,Low
0,0,0.021623876,True,Low
0,0,0.07048029,True,Low
0,0,0.03476071,True,Low
0,0,0.035172265,True,Low
0,0,0.020655528,True,Low
1,1,0.9997968,True,High
1,1,0.99845517,True,High
0,0,0.04783419,True,Low
1,1,0.9983393,True,High
1,1,0.9961914,True,High
0,0,0.045388546,True,Low
1,1,0.9929871,True,High
0,0,0.04817114,True,Low
0,0,0.038169295,True,Low
1,1,0.9997632,True,High
0,0,0.022743084,True,Low
1,1,0.9763085,True,High
0,0,0.060462855,True,Low
0,1,0.7479204,False,High
1,1,0.9997837,True,High
1,1,0.9943007,True,High
1,1,0.98139626,True,High
1,1,0.98805064,True,High
0,0,0.0064220754,True,Low
0,0,0.058343064,True,Low
0,0,0.025098396,True,Low
1,1,0.99958724,True,High
0,0,0.015127283,True,Low
1,1,0.9991511,True,High
1,1,0.99580437,True,High
0,0,0.017477447,True,Low
1,0,0.07043906,False,Low
1,1,0.8211666,True,High
1,0,0.08741598,False,Low
0,0,0.33180547,True,Medium
0,0,0.023399854,True,Low
0,0,0.09751248,True,Low
0,0,0.10706752,True,Low
1,1,0.87775296,True,High
1,1,0.9973901,True,High
1,1,0.99915886,True,High
1,1,0.99652064,True,High
1,1,0.99990356,True,High
1,1,0.71933657,True,High
0,0,0.06422117,True,Low
1,1,0.9837906,True,High
1,1,0.9856198,True,High
0,0,0.037483927,True,Low
1,0,0.08547195,False,Low
1,1,0.97134364,True,High
1,1,0.9990225,True,High
1,1,0.68260944,True,Medium
1,1,0.9972752,True,High
1,0,0.3554187,False,Medium
1,1,0.9959098,True,High
0,0,0.061402533,True,Low
0,0,0.035039116,True,Low
0,0,0.041907523,True,Low
1,1,0.97695446,True,High
0,0,0.07600432,True,Low
0,0,0.029474968,True,Low
0,0,0.13290752,True,Low
1,1,0.81241035,True,High
0,0,0.079415776,True,Low
0,0,0.024165342,True,Low
1,1,0.9995443,True,High
0,0,0.237493,True,Low
1,1,0.9997657,True,High
1,1,0.9990969,True,High
1,1,0.98368776,True,High
1,1,0.9995696,True,High
1,1,0.9852351,True,High
0,0,0.015856102,True,Low
1,1,0.99175733,True,High
1,1,0.7997154,True,High
0,0,0.013697406,True,Low
1,0,0.017009633,False,Low
1,1,0.90155715,True,High
0,0,0.0462403,True,Low
1,1,0.9725892,True,High
1,1,0.9954515,True,High
1,1,0.9910029,True,High
1,1,0.98943406,True,High
1,1,0.98320454,True,High
0,0,0.07279465,True,Low
0,0,0.1713076,True,Low
1,1,0.9381351,True,High
1,1,0.7975056,True,High
1,1,0.9987771,True,High
0,0,0.098987296,True,Low
1,0,0.28952783,False,Low
1,1,0.93079937,True,High
0,0,0.0444162,True,Low
1,1,0.99968326,True,High
0,0,0.07537971,True,Low
0,0,0.04626563,True,Low
1,1,0.9991315,True,High
0,0,0.04353548,True,Low
1,1,0.99271953,True,High
0,0,0.038423844,True,Low
1,1,0.9992324,True,High
1,1,0.9857302,True,High
1,1,0.9998609,True,High
1,1,0.99450976,True,High
1,1,0.98325056,True,High
1,1,0.99938715,True,High
0,0,0.056387912,True,Low
1,1,0.99991655,True,High
1,1,0.9969438,True,High
1,1,0.9888787,True,High
1,1,0.9973496,True,High
1,1,0.98803025,True,High
1,1,0.99720937,True,High
1,1,0.991503,True,High
0,0,0.032256074,True,Low
0,0,0.033624027,True,Low
1,1,0.99693954,True,High
0,0,0.03540673,True,Low
1,1,0.9963335,True,High
1,1,0.99027425,True,High
1,1,0.9966272,True,High
0,0,0.3302419,True,Medium
0,0,0.04687632,True,Low
0,0,0.020108987,True,Low
1,1,0.99916303,True,High
0,0,0.072196245,True,Low
0,0,0.027098127,True,Low
1,1,0.99961036,True,High
1,1,0.99864143,True,High
1,1,0.99914956,True,High
1,1,0.9972536,True,High
0,0,0.010299611,True,Low
0,0,0.022276187,True,Low
0,0,0.014609957,True,Low
0,0,0.056526117,True,Low
0,0,0.06511537,True,Low
0,0,0.08219632,True,Low
0,0,0.035515524,True,Low
1,1,0.9987954,True,High
0,0,0.023067532,True,Low
0,0,0.070750214,True,Low
1,1,0.9350061,True,High
1,1,0.99906784,True,High
1,1,0.99692816,True,High
1,1,0.99655247,True,High
1,1,0.9994849,True,High
1,1,0.9992907,True,High
1,1,0.9994012,True,High
0,0,0.036784112,True,Low
0,0,0.004140874,True,Low
0,0,0.029852038,True,Low
1,1,0.99611485,True,High
1,1,0.99659854,True,High
1,1,0.99361575,True,High
0,0,0.03980614,True,Low
1,1,0.99984646,True,High
0,0,0.037016585,True,Low
0,0,0.07274927,True,Low
1,1,0.9753092,True,High
1,1,0.96081704,True,High
0,0,0.25595322,True,Low
0,0,0.052120887,True,Low
0,0,0.07296903,True,Low
1,1,0.9997725,True,High
0,0,0.020292077,True,Low
1,1,0.9903616,True,High
0,0,0.046829566,True,Low
1,1,0.9846305,True,High
1,1,0.980881,True,High
0,0,0.044296864,True,Low
1,1,0.98024493,True,High
1,1,0.99954957,True,High
0,0,0.049607262,True,Low
1,1,0.98079646,True,High
0,0,0.020942612,True,Low
1,1,0.93653023,True,High
1,1,0.9927164,True,High
0,0,0.3205615,True,Medium
0,0,0.012050651,True,Low
0,1,0.94530904,False,High
1,1,0.99724907,True,High
1,1,0.9999701,True,High
0,0,0.010312382,True,Low
1,1,0.90186083,True,High
0,0,0.015816618,True,Low
1,1,0.8885923,True,High
1,1,0.9995882,True,High
1,1,0.9805212,True,High
0,0,0.0053890077,True,Low
0,0,0.024414053,True,Low
1,1,0.99892527,True,High
0,0,0.028591512,True,Low
1,1,0.9917304,True,High
0,0,0.06622725,True,Low
1,1,0.99988186,True,High
1,1,0.9996954,True,High
0,0,0.01824473,True,Low
1,1,0.9887694,True,High
0,0,0.16285326,True,Low
1,1,0.9948324,True,High
1,1,0.9938537,True,High
1,1,0.99981004,True,High
1,1,0.99958724,True,High
0,0,0.060519047,True,Low
1,1,0.88832635,True,High
0,0,0.058422297,True,Low
1,1,0.9999614,True,High
0,0,0.4773146,True,Medium
1,1,0.99937254,True,High
1,1,0.99397284,True,High
1,1,0.99979705,True,High
1,1,0.9993241,True,High
0,0,0.07666647,True,Low
0,0,0.24215601,True,Low
0,1,0.7195176,False,High
1,0,0.0669706,False,Low
0,0,0.035160985,True,Low
0,1,0.8528267,False,High
1,1,0.98698646,True,High
1,1,0.95993465,True,High
1,1,0.9968996,True,High
0,0,0.09330963,True,Low
1,1,0.9995727,True,High
0,0,0.04584972,True,Low
1,1,0.9371273,True,High
0,0,0.067191094,True,Low
1,1,0.93169665,True,High
0,0,0.20585275,True,Low
1,1,0.99908817,True,High
1,1,0.9984189,True,High
0,0,0.02139078,True,Low
1,1,0.9997422,True,High
0,0,0.032588955,True,Low
1,1,0.99716324,True,High
0,0,0.047462042,True,Low
0,0,0.049827658,True,Low
1,1,0.96956676,True,High
0,0,0.03833955,True,Low
1,1,0.9800816,True,High
1,1,0.9699524,True,High
0,0,0.32596445,True,Medium
1,1,0.9959912,True,High
0,0,0.015207255,True,Low
1,1,0.9710706,True,High
1,1,0.9980268,True,High
1,1,0.9973188,True,High
1,1,0.98672056,True,High
0,0,0.027294751,True,Low
0,1,0.75508994,False,High
0,0,0.028096277,True,Low
0,0,0.052550085,True,Low
0,0,0.05257232,True,Low
1,1,0.9983411,True,High
1,1,0.99835384,True,High
1,1,0.98287326,True,High
1,1,0.97690713,True,High
0,0,0.03236109,True,Low
0,0,0.029727383,True,Low
1,1,0.9561246,True,High
1,1,0.999017,True,High
0,0,0.10329992,True,Low
0,0,0.35324195,True,Medium
0,0,0.025963983,True,Low
0,0,0.020841995,True,Low
1,1,0.99712104,True,High
1,1,0.9815481,True,High
1,1,0.9740046,True,High
0,0,0.045926463,True,Low
0,0,0.051315058,True,Low
1,1,0.99981445,True,High
1,1,0.99977654,True,High
0,0,0.16556245,True,Low
1,1,0.987468,True,High
1,1,0.9991043,True,High
0,0,0.12742297,True,Low
1,1,0.9997632,True,High
1,1,0.96268934,True,High
1,1,0.8280704,True,High
1,1,0.932121,True,High
0,0,0.07525703,True,Low
0,0,0.008576954,True,Low
0,0,0.043565836,True,Low
1,1,0.88169146,True,High
0,0,0.041995123,True,Low
1,1,0.98147845,True,High
0,0,0.069471,True,Low
1,1,0.9977525,True,High
1,0,0.16689683,False,Low
1,1,0.99833125,True,High
0,0,0.02782472,True,Low
1,1,0.9620174,True,High
1,1,0.9930479,True,High
1,1,0.99983096,True,High
1,1,0.98791224,True,High
1,1,0.9998934,True,High
1,1,0.9958877,True,High
0,0,0.0713245,True,Low
1,1,0.99631196,True,High
1,1,0.99778616,True,High
1,1,0.9997992,True,High
0,0,0.025214177,True,Low
0,0,0.023554787,True,Low
1,1,0.99648905,True,High
1,0,0.121048324,False,Low
0,0,0.06641612,True,Low
1,1,0.9653256,True,High
0,0,0.009138478,True,Low
1,1,0.96957797,True,High
0,0,0.0064676865,True,Low
0,0,0.04182211,True,Low
0,0,0.031687923,True,Low
1,1,0.99805933,True,High
0,0,0.019776348,True,Low
1,1,0.8732623,True,High
1,1,0.9993624,True,High
1,1,0.995793,True,High
1,0,0.08444041,False,Low
1,1,0.94758683,True,High
1,1,0.99831104,True,High
1,1,0.99812907,True,High
0,0,0.16893107,True,Low
0,0,0.0388762,True,Low
1,1,0.88575673,True,High
0,0,0.13530108,True,Low
1,1,0.99673426,True,High
0,0,0.09095457,True,Low
1,1,0.9739153,True,High
1,1,0.9960024,True,High
1,1,0.99624985,True,High
1,1,0.9988568,True,High
0,0,0.21646541,True,Low
1,1,0.98013777,True,High
1,1,0.9134137,True,High
1,1,0.93976486,True,High
0,0,0.15438536,True,Low
1,1,0.9931044,True,High
0,1,0.8106853,False,High
1,1,0.9998361,True,High
1,1,0.99995255,True,High
1,1,0.9924224,True,High
0,0,0.06186371,True,Low
1,1,0.99852306,True,High
0,0,0.082193814,True,Low
1,1,0.97398686,True,High
1,1,0.7584328,True,High
1,1,0.9997111,True,High
1,1,0.9988857,True,High
1,1,0.99904007,True,High
1,1,0.7657964,True,High
1,1,0.9997452,True,High
0,0,0.074381396,True,Low
1,1,0.97260314,True,High
1,1,0.97946805,True,High
0,0,0.042650267,True,Low
1,1,0.9989988,True,High
0,0,0.11987129,True,Low
0,0,0.009395297,True,Low
0,0,0.05631851,True,Low
1,1,0.7912035,True,High
1,1,0.9940252,True,High
0,1,0.55313766,False,Medium
0,0,0.14051817,True,Low
1,1,0.7427613,True,High
1,1,0.9985446,True,High
1,1,0.9999256,True,High
1,0,0.20327032,False,Low
1,1,0.98220026,True,High
1,1,0.9999068,True,High
0,0,0.029122913,True,Low
0,0,0.1208205,True,Low
0,0,0.046652693,True,Low
1,1,0.9960418,True,High
0,0,0.027307946,True,Low
1,1,0.99976903,True,High
0,1,0.8478503,False,High
0,0,0.11880773,True,Low
1,1,0.99697685,True,High
0,1,0.78722787,False,High
1,1,0.9520014,True,High
0,0,0.029813135,True,Low
0,0,0.017242761,True,Low
0,0,0.06299796,True,Low
1,1,0.99901485,True,High
0,0,0.04846914,True,Low
0,0,0.01644391,True,Low
1,1,0.9981183,True,High
0,0,0.062217046,True,Low
0,0,0.08812301,True,Low
1,1,0.99139154,True,High
1,1,0.99984336,True,High
0,0,0.021400226,True,Low
1,1,0.8288559,True,High
1,1,0.995389,True,High
1,1,0.9975141,True,High
0,0,0.034200102,True,Low
1,1,0.9982931,True,High
1,1,0.9759235,True,High
0,0,0.015731491,True,Low
1,1,0.9732678,True,High
1,1,0.9990132,True,High
1,1,0.91284776,True,High
1,1,0.90174633,True,High
1,1,0.9974928,True,High
0,0,0.4053221,True,Medium
1,1,0.99602014,True,High
1,1,0.870718,True,High
1,1,0.99608743,True,High
0,0,0.0408109,True,Low
1,1,0.9896451,True,High
1,1,0.98684686,True,High
0,0,0.043181304,True,Low
1,1,0.9983512,True,High
0,0,0.046544172,True,Low
0,1,0.9697118,False,High
1,1,0.9461668,True,High
1,0,0.15816548,False,Low
0,0,0.025914341,True,Low
0,0,0.026413856,True,Low
1,1,0.9854623,True,High
0,1,0.57491446,False,Medium
1,1,0.5233056,True,Medium
0,0,0.08077434,True,Low
1,1,0.81200105,True,High
0,0,0.0844861,True,Low
1,0,0.19812079,False,Low
1,1,0.99868065,True,High
0,0,0.013245127,True,Low
1,1,0.99993527,True,High
0,0,0.084375516,True,Low
1,1,0.9993717,True,High
0,0,0.026312878,True,Low
1,1,0.9997104,True,High
1,1,0.999923,True,High
0,0,0.011338695,True,Low
0,0,0.021075586,True,Low
1,1,0.9758162,True,High
1,0,0.32888252,False,Medium
1,0,0.22867581,False,Low
1,1,0.95508444,True,High
1,1,0.9971801,True,High
0,0,0.04277869,True,Low
1,0,0.022638367,False,Low
1,1,0.55029327,True,Medium
1,1,0.9955603,True,High
0,0,0.010888258,True,Low
0,0,0.027727803,True,Low
0,0,0.013867234,True,Low
1,1,0.99842167,True,High
0,0,0.035789244,True,Low
1,1,0.8373298,True,High
1,1,0.92582214,True,High
0,0,0.041078076,True,Low
1,1,0.9956441,True,High
1,1,0.9808249,True,High
1,1,0.9974611,True,High
1,1,0.9963821,True,High
1,1,0.9840095,True,High
1,0,0.09440839,False,Low
1,1,0.8182168,True,High
1,1,0.9017219,True,High
0,0,0.03799577,True,Low
0,0,0.051051088,True,Low
1,1,0.99896526,True,High
1,1,0.98665303,True,High
1,1,0.9934942,True,High
1,1,0.99869823,True,High
1,1,0.97062486,True,High
0,0,0.009904571,True,Low
0,0,0.02177179,True,Low
1,1,0.99477863,True,High
1,1,0.9968652,True,High
1,1,0.9999107,True,High
1,1,0.99664897,True,High
1,1,0.9995609,True,High
1,1,0.9806495,True,High
0,0,0.0150942905,True,Low
1,1,0.9977986,True,High
0,0,0.024487136,True,Low
0,1,0.7495376,False,High
1,1,0.9969586,True,High
1,1,0.983423,True,High
1,0,0.21600892,False,Low
0,0,0.11183198,True,Low
0,0,0.035691343,True,Low
0,0,0.042001553,True,Low
0,0,0.07471507,True,Low
1,1,0.7882907,True,High
0,0,0.062924035,True,Low
1,1,0.99991083,True,High
0,0,0.019977173,True,Low
1,1,0.99952614,True,High
1,0,0.039934043,False,Low
0,0,0.056004837,True,Low
1,1,0.9690841,True,High
0,0,0.026695916,True,Low
1,1,0.9931305,True,High
1,1,0.952211,True,High
0,0,0.029016802,True,Low
0,0,0.028343666,True,Low
0,0,0.023206526,True,Low
1,1,0.99705374,True,High
0,0,0.014903332,True,Low
1,1,0.99983895,True,High
1,1,0.9680995,True,High
1,1,0.82611483,True,High
0,0,0.15368736,True,Low
0,0,0.030440476,True,Low
0,0,0.03623648,True,Low
1,1,0.9417004,True,High
1,1,0.8703364,True,High
1,1,0.9981468,True,High
0,0,0.006876974,True,Low
1,1,0.9968541,True,High
1,1,0.9941426,True,High
1,1,0.98246795,True,High
1,1,0.9806444,True,High
1,1,0.9087256,True,High
0,0,0.05320084,True,Low
1,1,0.98245424,True,High
1,1,0.8715059,True,High
1,1,0.9982644,True,High
1,1,0.99746823,True,High
1,1,0.9332064,True,High
1,1,0.98165625,True,High
1,1,0.85857314,True,High
0,0,0.19171761,True,Low
1,1,0.99443203,True,High
0,0,0.014731818,True,Low
1,0,0.26932615,False,Low
0,1,0.7184435,False,High
1,1,0.86797243,True,High
1,1,0.9842121,True,High
1,1,0.98803616,True,High
1,0,0.049309053,False,Low
0,0,0.011055215,True,Low
1,1,0.91480786,True,High
1,1,0.98227525,True,High
0,0,0.010855907,True,Low
0,1,0.6315143,False,Medium
0,0,0.02531903,True,Low
0,0,0.017798677,True,Low
0,0,0.008476718,True,Low
1,1,0.99919826,True,High
0,0,0.004700199,True,Low
1,1,0.9975727,True,High
0,1,0.6106143,False,Medium
0,0,0.04967306,True,Low
1,1,0.99833554,True,High
0,0,0.04281213,True,Low
0,0,0.08638996,True,Low
1,1,0.9946613,True,High
1,1,0.995896,True,High
1,1,0.6246338,True,Medium
0,0,0.090673745,True,Low
1,1,0.99872404,True,High
1,1,0.9954796,True,High
0,0,0.055222854,True,Low
1,1,0.87082225,True,High
1,1,0.99992955,True,High
1,1,0.99611604,True,High
1,1,0.95456105,True,High
1,1,0.8939062,True,High
1,1,0.99979144,True,High
0,0,0.026684795,True,Low
1,1,0.9893967,True,High
0,0,0.05528929,True,Low
1,1,0.9997954,True,High
0,0,0.09845529,True,Low
1,1,0.99772686,True,High
0,0,0.11920467,True,Low
0,1,0.9006296,False,High
0,0,0.064623706,True,Low
1,1,0.99966073,True,High
1,1,0.9998456,True,High
1,1,0.9995042,True,High
1,1,0.9910206,True,High
1,1,0.99566346,True,High
0,0,0.025988623,True,Low
0,0,0.02284467,True,Low
1,1,0.9990422,True,High
0,0,0.09853828,True,Low
1,1,0.9235498,True,High
1,1,0.9770569,True,High
1,1,0.9961624,True,High
1,1,0.9984616,True,High
1,1,0.98724824,True,High
0,0,0.032448754,True,Low
1,1,0.98787075,True,High
0,0,0.0627849,True,Low
0,0,0.006012016,True,Low
1,1,0.9776714,True,High
1,1,0.9956156,True,High
1,1,0.97985935,True,High
1,1,0.9921022,True,High
0,0,0.080456406,True,Low
0,0,0.026664043,True,Low
0,0,0.05718819,True,Low
0,0,0.010659871,True,Low
1,1,0.99870396,True,High
0,0,0.063743934,True,Low
0,0,0.08169879,True,Low
1,1,0.99992085,True,High
1,1,0.5417448,True,Medium
1,1,0.9393061,True,High
1,1,0.9973252,True,High
0,0,0.08754571,True,Low
1,1,0.99323916,True,High
1,1,0.9266557,True,High
0,0,0.06420632,True,Low
1,1,0.99152607,True,High
1,1,0.9953461,True,High
1,1,0.920175,True,High
0,0,0.009488652,True,Low
0,0,0.041292522,True,Low
1,1,0.9986613,True,High
0,0,0.04697844,True,Low
0,0,0.05556006,True,Low
0,0,0.39473253,True,Medium
1,1,0.99974066,True,High
1,0,0.40162677,False,Medium
0,0,0.040557243,True,Low
1,1,0.995466,True,High
0,0,0.014133884,True,Low
0,0,0.08021887,True,Low
0,0,0.023418652,True,Low
1,1,0.93945163,True,High
0,0,0.05019804,True,Low
1,1,0.9977277,True,High
0,0,0.03644145,True,Low
0,1,0.5623373,False,Medium
1,1,0.9299426,True,High
1,1,0.992702,True,High
1,0,0.265029,False,Low
0,0,0.09691844,True,Low
1,1,0.9793204,True,High
0,0,0.012327028,True,Low
1,1,0.99140596,True,High
0,0,0.03813526,True,Low
0,0,0.048952796,True,Low
1,1,0.98661774,True,High
1,1,0.996985,True,High
1,1,0.9977592,True,High
0,0,0.026523504,True,Low
1,1,0.9886812,True,High
0,0,0.022105346,True,Low
1,1,0.99667203,True,High
0,0,0.1534999,True,Low
1,1,0.8750184,True,High
1,1,0.883141,True,High
0,0,0.049980268,True,Low
1,1,0.99975306,True,High
1,1,0.9960083,True,High
0,0,0.042042047,True,Low
1,1,0.9991062,True,High
0,0,0.07985669,True,Low
0,0,0.019553581,True,Low
0,0,0.051415045,True,Low
1,1,0.98817575,True,High
0,0,0.008115523,True,Low
1,1,0.99647266,True,High
0,0,0.06739958,True,Low
1,1,0.9997104,True,High
0,0,0.26931185,True,Low
1,1,0.9990746,True,High
0,0,0.109482825,True,Low
1,1,0.99645966,True,High
0,0,0.10903548,True,Low
1,1,0.9984968,True,High
0,0,0.026147287,True,Low
0,0,0.1460652,True,Low
1,0,0.13739006,False,Low
1,1,0.99973875,True,High
0,0,0.012679161,True,Low
0,0,0.012992956,True,Low
1,1,0.96576804,True,High
1,1,0.9997979,True,High
0,0,0.020566279,True,Low
1,0,0.36952588,False,Medium
0,0,0.023603449,True,Low
1,1,0.99882895,True,High
1,1,0.69515574,True,Medium
1,1,0.95711863,True,High
1,1,0.99942434,True,High
1,1,0.9960433,True,High
1,1,0.9991603,True,High
0,1,0.74453574,False,High
0,0,0.036895018,True,Low
1,1,0.9995515,True,High
1,1,0.9969619,True,High
0,0,0.03991009,True,Low
1,1,0.999329,True,High
0,0,0.3293169,True,Medium
0,0,0.054596078,True,Low
0,0,0.14970377,True,Low
0,0,0.023533871,True,Low
1,1,0.99850583,True,High
1,1,0.99546176,True,High
1,1,0.9997105,True,High
1,1,0.9976284,True,High
0,0,0.11297041,True,Low
1,1,0.950272,True,High
0,0,0.02985607,True,Low
1,1,0.776208,True,High
1,1,0.99663734,True,High
1,1,0.9964914,True,High
0,0,0.01759044,True,Low
1,1,0.9995697,True,High
1,0,0.130273,False,Low
1,1,0.9916654,True,High
0,0,0.16776389,True,Low
0,0,0.032529317,True,Low
1,1,0.9893924,True,High
0,0,0.006693656,True,Low
1,1,0.94799083,True,High
0,0,0.019987635,True,Low
1,1,0.9854344,True,High
1,1,0.9789885,True,High
0,0,0.08054782,True,Low
1,1,0.84072584,True,High
1,1,0.9986772,True,High
1,1,0.99703836,True,High
1,1,0.9997398,True,High
0,0,0.017495682,True,Low
0,0,0.026668351,True,Low
1,0,0.4562697,False,Medium
1,1,0.9996784,True,High
0,0,0.26088673,True,Low
0,0,0.038857862,True,Low
1,1,0.94449407,True,High
1,1,0.9962483,True,High
1,1,0.99916816,True,High
1,1,0.98936915,True,High
0,0,0.034211915,True,Low
0,0,0.008308471,True,Low
1,0,0.32120502,False,Medium
0,0,0.059512995,True,Low
1,1,0.9982608,True,High
1,1,0.84556156,True,High
0,0,0.054863725,True,Low
1,1,0.9936546,True,High
1,1,0.9964055,True,High
1,1,0.99905413,True,High
1,1,0.9974063,True,High
0,0,0.17209125,True,Low
0,0,0.03816968,True,Low
0,0,0.017816642,True,Low
1,1,0.998618,True,High
0,0,0.057544217,True,Low
1,1,0.99058974,True,High
1,1,0.7962983,True,High
1,1,0.9947588,True,High
0,0,0.028695408,True,Low
1,0,0.18713495,False,Low
1,1,0.92787665,True,High
0,0,0.121322006,True,Low
1,1,0.97978675,True,High
0,0,0.08054167,True,Low
1,1,0.99977833,True,High
0,0,0.014789381,True,Low
1,1,0.9971367,True,High
0,1,0.5564028,False,Medium
1,1,0.97210735,True,High
1,1,0.9952839,True,High
0,0,0.024394952,True,Low
0,0,0.13171555,True,Low
1,1,0.9519289,True,High
1,0,0.07864375,False,Low
1,1,0.99924976,True,High
1,1,0.9871933,True,High
1,1,0.9537549,True,High
1,1,0.9981609,True,High
1,1,0.998283,True,High
1,1,0.9952192,True,High
1,1,0.99880993,True,High
0,0,0.0720559,True,Low
0,0,0.057136867,True,Low
0,0,0.020457735,True,Low
0,0,0.013920938,True,Low
1,1,0.9867552,True,High
1,1,0.74172556,True,High
1,0,0.15193959,False,Low
1,1,0.9527148,True,High
1,1,0.9997037,True,High
0,0,0.02540678,True,Low
1,1,0.9981481,True,High
1,0,0.06996279,False,Low
1,0,0.18263245,False,Low
1,0,0.019933805,False,Low
1,1,0.9998362,True,High
1,1,0.9880262,True,High
1,1,0.99738735,True,High
0,0,0.019200929,True,Low
0,0,0.033628184,True,Low
1,1,0.99989283,True,High
1,1,0.66398185,True,Medium
0,0,0.018600686,True,Low
1,1,0.9861719,True,High
0,0,0.026693873,True,Low
1,1,0.99692494,True,High
1,1,0.9982284,True,High
1,1,0.80530745,True,High
0,0,0.039316148,True,Low
0,0,0.02309731,True,Low
0,0,0.07000625,True,Low
1,1,0.9450692,True,High
1,1,0.9998012,True,High
0,0,0.06655507,True,Low
1,1,0.8553412,True,High
0,0,0.08558086,True,Low
1,1,0.9971685,True,High
0,0,0.23085348,True,Low
1,1,0.9977875,True,High
0,0,0.012234895,True,Low
1,1,0.84746426,True,High
1,1,0.9868624,True,High
1,1,0.9943808,True,High
1,1,0.97859335,True,High
0,0,0.061681695,True,Low
1,1,0.99150324,True,High
1,1,0.9977102,True,High
0,0,0.0532333,True,Low
1,1,0.96622545,True,High
1,1,0.99723935,True,High
1,1,0.9818246,True,High
0,0,0.07150091,True,Low
1,1,0.9953556,True,High
0,0,0.3881367,True,Medium
1,1,0.68342793,True,Medium
0,0,0.040538643,True,Low
1,1,0.99932504,True,High
1,1,0.9995128,True,High
1,1,0.897314,True,High
0,0,0.049326833,True,Low
1,1,0.9843435,True,High
1,1,0.99137795,True,High
1,1,0.99757105,True,High
0,0,0.012663442,True,Low
1,1,0.99593735,True,High
0,0,0.31914282,True,Medium
1,1,0.99534553,True,High
1,1,0.98018974,True,High
1,1,0.96358305,True,High
1,1,0.99648005,True,High
0,0,0.08017342,True,Low
1,1,0.88388723,True,High
1,1,0.9844973,True,High
0,0,0.01720397,True,Low
0,0,0.04520524,True,Low
0,0,0.011290831,True,Low
0,0,0.018102968,True,Low
0,0,0.02287922,True,Low
0,0,0.08615497,True,Low
0,0,0.0638095,True,Low
0,0,0.038023345,True,Low
0,0,0.04507632,True,Low
1,1,0.9956013,True,High
0,0,0.02898198,True,Low
1,1,0.9994603,True,High
0,0,0.03791737,True,Low
1,1,0.996317,True,High
0,0,0.09641064,True,Low
0,0,0.012408338,True,Low
1,1,0.97865504,True,High
0,0,0.17193416,True,Low
1,1,0.98555404,True,High
1,1,0.9994924,True,High
0,0,0.0033520241,True,Low
0,0,0.050040822,True,Low
0,0,0.053058084,True,Low
0,0,0.06131576,True,Low
0,0,0.049845643,True,Low
1,1,0.96565586,True,High
0,0,0.0334488,True,Low
0,0,0.05009806,True,Low
0,0,0.08901974,True,Low
1,1,0.99949765,True,High
1,1,0.9902886,True,High
1,1,0.98440325,True,High
0,0,0.045512665,True,Low
1,1,0.99651235,True,High
1,1,0.9602858,True,High
1,1,0.96703076,True,High
1,1,0.99538064,True,High
0,0,0.023361642,True,Low
0,0,0.089773245,True,Low
1,1,0.9998252,True,High
1,1,0.9906329,True,High
1,1,0.86802936,True,High
1,1,0.986922,True,High
1,1,0.9996637,True,High
1,1,0.95729417,True,High
0,0,0.008431857,True,Low
1,1,0.99304056,True,High
0,0,0.054035075,True,Low
1,1,0.9987079,True,High
0,0,0.026417851,True,Low
0,0,0.03555936,True,Low
1,1,0.99955624,True,High
1,0,0.48719028,False,Medium
1,1,0.8071394,True,High
1,1,0.99522877,True,High
0,0,0.008685341,True,Low
1,1,0.99737394,True,High
1,1,0.99987996,True,High
1,1,0.9999349,True,High
1,1,0.99786794,True,High
1,1,0.9974045,True,High
0,1,0.5466092,False,Medium
0,0,0.012267715,True,Low
1,1,0.9960944,True,High
1,1,0.9988695,True,High
0,0,0.020153996,True,Low
1,1,0.99725395,True,High
0,1,0.97190833,False,High
1,0,0.17334452,False,Low
1,1,0.9439927,True,High
0,0,0.010207527,True,Low
0,0,0.07366732,True,Low
1,1,0.98612076,True,High
1,1,0.9564981,True,High
1,0,0.05297487,False,Low
1,1,0.9975349,True,High
0,0,0.016801568,True,Low
1,1,0.999795,True,High
0,0,0.036464605,True,Low
1,1,0.998486,True,High
1,1,0.99682426,True,High
1,1,0.9992131,True,High
0,0,0.038658287,True,Low
1,1,0.9861254,True,High
1,1,0.9895532,True,High
1,1,0.77273506,True,High
1,1,0.99855584,True,High
1,1,0.9998734,True,High
1,1,0.99353856,True,High
1,1,0.7618015,True,High
1,1,0.9691141,True,High
0,0,0.040240455,True,Low
1,1,0.99985445,True,High
1,1,0.74015313,True,High
0,0,0.047953796,True,Low
1,1,0.8784537,True,High
1,1,0.99838626,True,High
1,1,0.99338454,True,High
0,0,0.007233812,True,Low
1,1,0.99197173,True,High
1,1,0.9552552,True,High
1,1,0.6637831,True,Medium
1,1,0.7441174,True,High
1,1,0.99593675,True,High
1,1,0.9960641,True,High
0,0,0.037281036,True,Low
1,0,0.1345454,False,Low
1,1,0.9998018,True,High
1,1,0.9997485,True,High
1,1,0.99595094,True,High
0,0,0.05529426,True,Low
0,0,0.04539369,True,Low
1,1,0.9274876,True,High
1,1,0.7877209,True,High
0,0,0.13946594,True,Low
1,1,0.99973506,True,High
0,0,0.13835661,True,Low
1,1,0.99955624,True,High
1,1,0.9671241,True,High
0,0,0.013968611,True,Low
0,0,0.005203631,True,Low
1,1,0.97412133,True,High
0,0,0.036665525,True,Low
1,1,0.8643636,True,High
0,0,0.030002294,True,Low
1,1,0.9994517,True,High
1,1,0.99390656,True,High
0,0,0.0051133703,True,Low
0,0,0.020168087,True,Low
0,0,0.012745116,True,Low
0,0,0.009965686,True,Low
1,1,0.96245915,True,High
1,1,0.9851698,True,High
1,1,0.94700956,True,High
1,1,0.746317,True,High
1,1,0.9808111,True,High
1,1,0.9999169,True,High
1,1,0.9998486,True,High
1,1,0.9984848,True,High
1,1,0.9715375,True,High
1,1,0.9863933,True,High
0,0,0.1455096,True,Low
1,0,0.2420642,False,Low
1,1,0.92446434,True,High
0,0,0.049297918,True,Low
1,1,0.8884252,True,High
1,0,0.2547808,False,Low
1,1,0.9877699,True,High
1,1,0.76847255,True,High
1,1,0.9878169,True,High
0,1,0.93575484,False,High
0,0,0.29354596,True,Low
1,1,0.95562804,True,High
0,0,0.0089213075,True,Low
1,1,0.99772567,True,High
1,1,0.9978179,True,High
0,0,0.04848709,True,Low
0,0,0.031076156,True,Low
0,0,0.11516369,True,Low
1,1,0.9997465,True,High
1,1,0.7353887,True,High
1,1,0.97553045,True,High
0,0,0.018956015,True,Low
1,1,0.9360437,True,High
1,1,0.9999367,True,High
0,1,0.68369323,False,Medium
0,0,0.058428038,True,Low
1,1,0.9993382,True,High
0,0,0.13882105,True,Low
1,1,0.9970132,True,High
1,1,0.92218655,True,High
1,1,0.9998288,True,High
0,0,0.050987117,True,Low
0,0,0.069827825,True,Low
1,1,0.99994004,True,High
0,0,0.011303672,True,Low
1,1,0.98195136,True,High
0,0,0.057091393,True,Low
0,0,0.03822487,True,Low
1,1,0.99915814,True,High
0,0,0.0625851,True,Low
0,0,0.027471136,True,Low
0,0,0.023322659,True,Low
0,0,0.014989255,True,Low
1,1,0.9983777,True,High
0,0,0.11304266,True,Low
0,0,0.011000671,True,Low
1,1,0.98890674,True,High
1,1,0.9822218,True,High
0,0,0.023162104,True,Low
1,1,0.9988337,True,High
1,1,0.99969363,True,High
1,1,0.9974106,True,High
1,1,0.94270134,True,High
1,1,0.9721049,True,High
1,1,0.9919614,True,High
1,1,0.9697,True,High
1,1,0.99969876,True,High
0,0,0.05370263,True,Low
1,1,0.97445005,True,High
1,1,0.971933,True,High
0,0,0.011773859,True,Low
0,0,0.18051532,True,Low
1,1,0.9933682,True,High
0,0,0.03709851,True,Low
0,0,0.028966758,True,Low
0,0,0.04115146,True,Low
0,0,0.026199792,True,Low
1,1,0.9993845,True,High
0,0,0.024177358,True,Low
1,1,0.99953485,True,High
0,0,0.037134815,True,Low
1,1,0.9977118,True,High
1,1,0.9970239,True,High
0,0,0.051643737,True,Low
0,1,0.75079,False,High
1,0,0.11245603,False,Low
0,0,0.042268045,True,Low
1,1,0.9940613,True,High
1,1,0.999225,True,High
0,0,0.038569666,True,Low
0,0,0.083899386,True,Low
1,1,0.99846125,True,High
1,1,0.97299653,True,High
0,0,0.02113942,True,Low
1,1,0.99814713,True,High
1,1,0.9994165,True,High
1,1,0.9956235,True,High
0,0,0.024548704,True,Low
0,0,0.035861112,True,Low
1,1,0.9895772,True,High
1,1,0.9983197,True,High
0,0,0.021916084,True,Low
0,0,0.08029403,True,Low
1,1,0.99821883,True,High
0,0,0.04501912,True,Low
0,0,0.018261567,True,Low
0,0,0.35317886,True,Medium
1,1,0.956522,True,High
1,1,0.54961646,True,Medium
1,0,0.46343893,False,Medium
1,1,0.9067125,True,High
1,1,0.9751371,True,High
0,0,0.06230912,True,Low
0,0,0.02266281,True,Low
0,0,0.005347414,True,Low
0,0,0.029864969,True,Low
1,1,0.9832856,True,High
1,1,0.99695647,True,High
1,1,0.81620276,True,High
0,0,0.021095492,True,Low
1,1,0.74743897,True,High
1,1,0.99626726,True,High
0,0,0.04044612,True,Low
0,0,0.0019299916,True,Low
1,1,0.99885464,True,High
0,0,0.037952848,True,Low
1,1,0.9974093,True,High
0,0,0.030047324,True,Low
1,1,0.9963922,True,High
0,0,0.03610284,True,Low
0,0,0.056594476,True,Low
0,0,0.082674414,True,Low
1,0,0.110329024,False,Low
1,1,0.9691612,True,High
0,0,0.116993226,True,Low
1,1,0.9994993,True,High
1,1,0.99943024,True,High
1,1,0.99456835,True,High
0,0,0.041137528,True,Low
0,0,0.019808931,True,Low
0,0,0.02094546,True,Low
0,0,0.03865855,True,Low
0,0,0.015429702,True,Low
1,1,0.95676607,True,High
1,1,0.9251348,True,High
0,0,0.033195704,True,Low
0,0,0.1511755,True,Low
1,1,0.985706,True,High
1,1,0.9900265,True,High
0,0,0.038270175,True,Low
1,1,0.9998073,True,High
0,0,0.015417631,True,Low
1,1,0.9946503,True,High
1,1,0.9998982,True,High
0,0,0.050090294,True,Low
0,0,0.012264543,True,Low
0,1,0.88397956,False,High
1,1,0.9944798,True,High
1,1,0.998978,True,High
1,1,0.9982097,True,High
0,0,0.026826393,True,Low
0,0,0.03231377,True,Low
1,1,0.95856005,True,High
0,0,0.081513114,True,Low
1,1,0.81911063,True,High
0,0,0.0035129301,True,Low
1,1,0.97772026,True,High
1,1,0.9950153,True,High
1,1,0.99433315,True,High
0,0,0.07907795,True,Low
1,1,0.91365546,True,High
1,1,0.8116873,True,High
0,0,0.04170039,True,Low
0,0,0.08001039,True,Low
0,0,0.013277972,True,Low
0,0,0.07226619,True,Low
1,1,0.9929612,True,High
0,0,0.04561626,True,Low
0,0,0.017838877,True,Low
1,1,0.9860141,True,High
1,0,0.1064321,False,Low
1,1,0.9984816,True,High
1,1,0.99908805,True,High
1,1,0.9199881,True,High
0,0,0.1494786,True,Low
1,0,0.114758,False,Low
0,0,0.027893132,True,Low
1,1,0.99994683,True,High
1,1,0.51727015,True,Medium
1,1,0.9999256,True,High
1,1,0.9971621,True,High
1,1,0.8863843,True,High
0,0,0.018422293,True,Low
0,0,0.032303557,True,Low
0,0,0.028745495,True,Low
1,1,0.998483,True,High
1,1,0.9995796,True,High
1,1,0.99872106,True,High
0,0,0.023301808,True,Low
1,1,0.99989283,True,High
1,1,0.9982843,True,High
0,0,0.010756082,True,Low
1,1,0.9882608,True,High
0,0,0.075073816,True,Low
0,0,0.05123933,True,Low
0,0,0.07876839,True,Low
0,0,0.0155455675,True,Low
0,0,0.037265614,True,Low
0,0,0.02022214,True,Low
1,0,0.38511404,False,Medium
0,0,0.06936978,True,Low
0,0,0.02626786,True,Low
1,1,0.9998099,True,High
0,0,0.01921027,True,Low
1,1,0.9997265,True,High
0,0,0.18950808,True,Low
1,1,0.99975353,True,High
0,0,0.049723882,True,Low
0,0,0.032669395,True,Low
1,1,0.9978745,True,High
0,1,0.99079907,False,High
0,0,0.025668053,True,Low
0,0,0.03572707,True,Low
1,1,0.6901333,True,Medium
0,0,0.028852455,True,Low
0,0,0.052183148,True,Low
1,1,0.9972723,True,High
0,0,0.088423915,True,Low
1,1,0.79953694,True,High
0,0,0.026677882,True,Low
1,1,0.99777055,True,High
1,1,0.93689686,True,High
1,1,0.9985359,True,High
1,1,0.9889733,True,High
1,0,0.10200986,False,Low
1,1,0.9657448,True,High
0,0,0.12044355,True,Low
1,1,0.99559647,True,High
0,0,0.055453915,True,Low
1,1,0.9755199,True,High
0,0,0.029917255,True,Low
1,1,0.86005795,True,High
0,0,0.091469124,True,Low
1,1,0.9824322,True,High
0,0,0.033137105,True,Low
1,1,0.94872665,True,High
0,0,0.018227499,True,Low
1,1,0.9775608,True,High
0,0,0.06419602,True,Low
0,0,0.04185135,True,Low
1,0,0.030301986,False,Low
1,1,0.9969285,True,High
1,1,0.9998128,True,High
1,1,0.97883135,True,High
1,1,0.98436165,True,High
0,0,0.025333153,True,Low
1,1,0.9630183,True,High
1,1,0.96177554,True,High
1,1,0.99879575,True,High
1,1,0.99874985,True,High
0,0,0.0061088516,True,Low
1,1,0.99869543,True,High
0,0,0.027406208,True,Low
1,1,0.9890131,True,High
0,0,0.05145994,True,Low
1,1,0.96348584,True,High
1,1,0.9736632,True,High
0,0,0.033128213,True,Low
0,0,0.086524464,True,Low
0,0,0.00982851,True,Low
1,1,0.85722005,True,High
0,0,0.019373942,True,Low
0,0,0.39168975,True,Medium
1,1,0.9879265,True,High
1,1,0.9997962,True,High
0,1,0.9710261,False,High
0,0,0.005716541,True,Low
0,0,0.1132569,True,Low
0,0,0.036598038,True,Low
0,1,0.68645626,False,Medium
0,1,0.595118,False,Medium
1,1,0.9999007,True,High
0,0,0.018471695,True,Low
1,1,0.79195005,True,High
0,0,0.17479256,True,Low
0,0,0.12151807,True,Low
0,0,0.026977003,True,Low
1,1,0.9671947,True,High
0,0,0.07606677,True,Low
1,1,0.99973494,True,High
1,1,0.98246014,True,High
1,1,0.9798768,True,High
0,0,0.09367482,True,Low
1,1,0.99017066,True,High
1,1,0.9968604,True,High
1,1,0.9928727,True,High
0,0,0.13718992,True,Low
0,0,0.23259911,True,Low
1,1,0.7110666,True,High
0,0,0.016638782,True,Low
1,1,0.97755,True,High
0,0,0.05285774,True,Low
1,1,0.9994123,True,High
1,1,0.6128704,True,Medium
1,1,0.9957118,True,High
1,1,0.9975605,True,High
1,1,0.9781676,True,High
1,1,0.99038434,True,High
1,1,0.9576736,True,High
0,0,0.07728493,True,Low
1,1,0.96838063,True,High
1,1,0.9920621,True,High
1,1,0.99418384,True,High
0,0,0.13526912,True,Low
0,0,0.04096768,True,Low
1,1,0.9715675,True,High
0,0,0.026780838,True,Low
1,1,0.9997725,True,High
0,0,0.009067609,True,Low
1,1,0.99663603,True,High
1,1,0.9419924,True,High
1,1,0.99955684,True,High
1,1,0.9992119,True,High
1,1,0.9922013,True,High
0,0,0.086747855,True,Low
0,0,0.05280603,True,Low
0,0,0.031976163,True,Low
0,0,0.1165795,True,Low
1,1,0.9999151,True,High
1,1,0.99131787,True,High
1,1,0.9949532,True,High
0,0,0.31415308,True,Medium
0,0,0.123143815,True,Low
1,1,0.9809063,True,High
1,1,0.99844897,True,High
1,1,0.99510866,True,High
1,1,0.999485,True,High
0,0,0.032971576,True,Low
0,0,0.04611566,True,Low
1,1,0.99851674,True,High
1,1,0.99224526,True,High
1,0,0.06487439,False,Low
1,1,0.9999597,True,High
1,1,0.9944904,True,High
1,1,0.9612961,True,High
0,0,0.006031458,True,Low
1,1,0.997692,True,High
0,0,0.06841523,True,Low
0,0,0.021883374,True,Low
0,0,0.021413302,True,Low
0,0,0.012700931,True,Low
0,0,0.03453234,True,Low
0,0,0.047570415,True,Low
0,0,0.010052568,True,Low
0,0,0.01662327,True,Low
0,0,0.049381677,True,Low
1,1,0.99732375,True,High
0,0,0.04691771,True,Low
1,1,0.9996972,True,High
1,1,0.9999218,True,High
1,1,0.9956293,True,High
0,0,0.021876741,True,Low
1,1,0.9954491,True,High
1,1,0.99943966,True,High
1,1,0.7066991,True,High
0,0,0.11066264,True,Low
1,0,0.03063951,False,Low
1,1,0.9993137,True,High
0,0,0.027925998,True,Low
0,0,0.08295609,True,Low
1,1,0.81252414,True,High
1,1,0.97757655,True,High
0,0,0.13839561,True,Low
1,1,0.99332523,True,High
1,1,0.8693519,True,High
1,1,0.9980901,True,High
0,0,0.064689495,True,Low
1,1,0.9936319,True,High
1,1,0.9998859,True,High
0,0,0.036642186,True,Low
1,0,0.16704752,False,Low
0,0,0.015665958,True,Low
1,1,0.9937012,True,High
1,1,0.9950635,True,High
0,0,0.021777209,True,Low
1,1,0.9997539,True,High
1,1,0.8829872,True,High
0,0,0.09002559,True,Low
0,0,0.038583692,True,Low
1,1,0.89283264,True,High
1,1,0.92206943,True,High
1,1,0.9854767,True,High
0,0,0.050454423,True,Low
1,1,0.9976046,True,High
1,1,0.9984403,True,High
0,0,0.2835525,True,Low
1,1,0.9999099,True,High
0,0,0.0129574025,True,Low
0,0,0.11635287,True,Low
1,1,0.67988306,True,Medium
0,0,0.33140606,True,Medium
0,0,0.020604653,True,Low
0,0,0.056242418,True,Low
0,0,0.04440484,True,Low
0,0,0.03597063,True,Low
1,1,0.7037983,True,High
0,0,0.06356048,True,Low
0,0,0.031571258,True,Low
1,1,0.99974877,True,High
0,1,0.53034407,False,Medium
0,0,0.3348298,True,Medium
0,0,0.053218618,True,Low
1,1,0.99973637,True,High
1,1,0.99853003,True,High
0,0,0.08370739,True,Low
1,1,0.99936885,True,High
1,1,0.98572576,True,High
1,1,0.9890154,True,High
1,0,0.055836752,False,Low
0,0,0.022228604,True,Low
0,0,0.029163465,True,Low
1,1,0.9999356,True,High
1,1,0.99949205,True,High
0,0,0.033414103,True,Low
1,1,0.96576315,True,High
0,0,0.035078377,True,Low
1,1,0.9996731,True,High
1,1,0.9413162,True,High
1,1,0.99947554,True,High
1,1,0.9974567,True,High
1,1,0.9984125,True,High
0,0,0.0052529527,True,Low
0,0,0.09133275,True,Low
0,0,0.07732989,True,Low
0,0,0.096365064,True,Low
0,0,0.017538317,True,Low
0,0,0.03699785,True,Low
0,0,0.016066162,True,Low
1,1,0.99659413,True,High
1,1,0.99976367,True,High
0,0,0.058269087,True,Low
1,1,0.9982644,True,High
0,0,0.020403182,True,Low
1,1,0.99033654,True,High
0,0,0.49038613,True,Medium
0,0,0.02455061,True,Low
0,0,0.06041891,True,Low
0,0,0.0601721,True,Low
1,1,0.99710494,True,High
0,0,0.03880584,True,Low
1,1,0.9994444,True,High
1,0,0.066633426,False,Low
0,0,0.030264815,True,Low
0,0,0.08163683,True,Low
1,1,0.8432312,True,High
1,1,0.7622469,True,High
0,0,0.05315012,True,Low
1,1,0.9893385,True,High
1,1,0.9818627,True,High
0,0,0.07397229,True,Low
1,1,0.8500671,True,High
1,1,0.94867396,True,High
1,1,0.9976502,True,High
0,0,0.04149438,True,Low
1,1,0.96850556,True,High
1,1,0.9331252,True,High
1,1,0.99843246,True,High
1,1,0.9960776,True,High
1,1,0.9582892,True,High
1,1,0.9969555,True,High
0,0,0.030243032,True,Low
1,1,0.98001534,True,High
1,1,0.9982673,True,High
1,1,0.99962616,True,High
1,1,0.96706766,True,High
1,1,0.99955887,True,High
0,0,0.012456174,True,Low
0,1,0.90874374,False,High
1,1,0.95951974,True,High
1,1,0.9898372,True,High
0,0,0.0452998,True,Low
0,0,0.15750581,True,Low
0,0,0.013807676,True,Low
1,1,0.9949091,True,High
1,1,0.9998442,True,High
1,1,0.99983263,True,High
1,1,0.9997911,True,High
0,0,0.022219548,True,Low
1,1,0.9979259,True,High
1,1,0.9994165,True,High
0,0,0.02367845,True,Low
1,1,0.9716896,True,High
1,1,0.99415874,True,High
1,1,0.9994429,True,High
1,1,0.99566805,True,High
1,1,0.99674964,True,High
1,0,0.41980675,False,Medium
1,1,0.9999298,True,High
0,0,0.032749508,True,Low
1,1,0.88017535,True,High
0,0,0.012114735,True,Low
1,1,0.9978684,True,High
0,0,0.041430425,True,Low
0,0,0.043769695,True,Low
0,0,0.07517271,True,Low
1,1,0.99983776,True,High
1,1,0.83001894,True,High
0,0,0.11924181,True,Low
1,1,0.998398,True,High
1,1,0.9927583,True,High
0,0,0.048407286,True,Low
0,0,0.0067940913,True,Low
1,1,0.9331991,True,High
0,0,0.038869713,True,Low
0,0,0.021362627,True,Low
1,1,0.999052,True,High
1,1,0.99955565,True,High
1,1,0.9646521,True,High
1,1,0.9956968,True,High
1,1,0.8765484,True,High
1,1,0.9955973,True,High
1,1,0.9995716,True,High
1,1,0.94003695,True,High
1,1,0.9998012,True,High
1,1,0.9965754,True,High
0,0,0.057096116,True,Low
1,1,0.99903667,True,High
0,0,0.025949009,True,Low
0,0,0.012104291,True,Low
1,1,0.9961551,True,High
1,1,0.97044003,True,High
1,1,0.7736216,True,High
1,0,0.18370761,False,Low
1,1,0.99958366,True,High
0,0,0.028691258,True,Low
0,0,0.035229698,True,Low
0,0,0.017400473,True,Low
0,0,0.032039315,True,Low
1,1,0.9546397,True,High
1,1,0.7992093,True,High
0,0,0.014757171,True,Low
1,0,0.498734,False,Medium
1,1,0.999395,True,High
1,1,0.9952112,True,High
0,0,0.020488063,True,Low
0,0,0.05860481,True,Low
1,1,0.9968144,True,High
1,1,0.5300451,True,Medium
1,1,0.83284324,True,High
1,1,0.9814864,True,High
0,0,0.16741405,True,Low
1,1,0.9998267,True,High
1,1,0.96677244,True,High
0,1,0.7642698,False,High
1,1,0.9988463,True,High
0,0,0.05781031,True,Low
1,1,0.9608289,True,High
0,0,0.02558468,True,Low
1,1,0.98484576,True,High
1,1,0.993665,True,High
0,1,0.8874003,False,High
1,1,0.99517775,True,High
1,1,0.99814093,True,High
1,0,0.037127674,False,Low
1,1,0.99597794,True,High
0,0,0.20632552,True,Low
1,1,0.9838378,True,High
1,1,0.9974022,True,High
0,0,0.035956744,True,Low
1,1,0.9551433,True,High
1,1,0.99897707,True,High
0,0,0.011356728,True,Low
0,0,0.08837727,True,Low
0,0,0.09388317,True,Low
1,1,0.8438061,True,High
0,0,0.09391762,True,Low
1,1,0.85850537,True,High
0,0,0.055344895,True,Low
0,0,0.009452527,True,Low
0,0,0.05118787,True,Low
0,0,0.016036287,True,Low
1,1,0.80733204,True,High
1,1,0.8525109,True,High
1,1,0.9895237,True,High
0,0,0.049358264,True,Low
1,1,0.9872099,True,High
1,1,0.9980901,True,High
1,1,0.942665,True,High
0,0,0.014733389,True,Low
1,1,0.9923551,True,High
0,0,0.044226587,True,Low
0,0,0.17088743,True,Low
0,0,0.0071840785,True,Low
1,1,0.999775,True,High
0,0,0.027389804,True,Low
0,0,0.035419762,True,Low
1,1,0.9815616,True,High
0,0,0.044093184,True,Low
0,0,0.015796099,True,Low
1,1,0.8957413,True,High
0,0,0.016384518,True,Low
0,0,0.028375817,True,Low
0,0,0.02242143,True,Low
1,1,0.99849963,True,High
1,1,0.97332937,True,High
1,1,0.94787246,True,High
0,0,0.055111095,True,Low
0,0,0.14475334,True,Low
0,0,0.097351335,True,Low
1,1,0.9938957,True,High
1,1,0.99974555,True,High
1,1,0.99183977,True,High
1,1,0.99123514,True,High
1,1,0.89231604,True,High
0,0,0.07633718,True,Low
1,1,0.9939697,True,High
1,1,0.99544585,True,High
1,1,0.9944043,True,High
0,1,0.94437367,False,High
1,1,0.9994267,True,High
1,1,0.99890375,True,High
1,1,0.97192794,True,High
1,1,0.99950397,True,High
0,0,0.014755376,True,Low
0,0,0.21833064,True,Low
1,1,0.9987841,True,High
0,0,0.024865996,True,Low
0,0,0.016381105,True,Low
1,1,0.9969687,True,High
1,1,0.8956502,True,High
0,0,0.03345195,True,Low
1,1,0.9975055,True,High
0,0,0.011399886,True,Low
0,0,0.0053083138,True,Low
0,0,0.025716498,True,Low
1,0,0.21204753,False,Low
1,0,0.087276004,False,Low
0,0,0.03886289,True,Low
1,0,0.02351542,False,Low
0,0,0.0018486276,True,Low
0,0,0.0045392183,True,Low
1,1,0.99671376,True,High
0,0,0.018043343,True,Low
0,0,0.121933736,True,Low
0,0,0.009470975,True,Low
0,0,0.04749998,True,Low
1,1,0.9984785,True,High
0,0,0.041585974,True,Low
0,0,0.055456217,True,Low
1,1,0.9866486,True,High
0,0,0.015416061,True,Low
1,1,0.9978257,True,High
0,0,0.06395623,True,Low
0,0,0.10307155,True,Low
1,0,0.09246034,False,Low
0,0,0.11501416,True,Low
1,1,0.9952839,True,High
1,0,0.06829291,False,Low
1,1,0.9999764,True,High
0,0,0.01947138,True,Low
0,0,0.09167987,True,Low
1,1,0.94939226,True,High
1,1,0.87501657,True,High
1,1,0.99064636,True,High
0,0,0.04961068,True,Low
1,1,0.84336287,True,High
1,1,0.9996817,True,High
0,0,0.0093996255,True,Low
0,0,0.09137877,True,Low
1,1,0.9993968,True,High
0,0,0.030739255,True,Low
1,1,0.6592733,True,Medium
1,1,0.9981592,True,High
1,1,0.98708016,True,High
1,1,0.9992623,True,High
0,0,0.06854288,True,Low
1,1,0.9668004,True,High
0,0,0.026606103,True,Low
0,0,0.04520983,True,Low
1,1,0.99440634,True,High
0,0,0.026411863,True,Low
0,0,0.05849355,True,Low
1,1,0.99732375,True,High
1,1,0.6382409,True,Medium
1,1,0.99820983,True,High
0,0,0.044105586,True,Low
0,0,0.01712465,True,Low
1,0,0.18369107,False,Low
0,0,0.015008551,True,Low
1,1,0.99939585,True,High
0,0,0.023891782,True,Low
1,1,0.9940953,True,High
0,1,0.69747424,False,Medium
0,0,0.01572419,True,Low
0,0,0.09803197,True,Low
1,1,0.9359624,True,High
1,1,0.99765503,True,High
1,1,0.6815079,True,Medium
0,0,0.018378893,True,Low
0,0,0.3142691,True,Medium
0,1,0.93017083,False,High
1,1,0.99902654,True,High
1,1,0.9985966,True,High
0,0,0.056768116,True,Low
0,0,0.007778942,True,Low
0,0,0.015885886,True,Low
1,1,0.7209755,True,High
0,0,0.35898486,True,Medium
1,1,0.99837625,True,High
0,0,0.46967828,True,Medium
1,1,0.98941106,True,High
1,1,0.99666995,True,High
1,1,0.9963082,True,High
0,0,0.055734616,True,Low
0,0,0.004048514,True,Low
0,0,0.014042649,True,Low
1,0,0.18837604,False,Low
1,0,0.20302086,False,Low
1,1,0.9957136,True,High
1,1,0.9620987,True,High
0,0,0.01888914,True,Low
0,0,0.046741188,True,Low
1,1,0.99688244,True,High
0,0,0.031171178,True,Low
0,0,0.048212346,True,Low
1,1,0.9998349,True,High
1,1,0.94412845,True,High
0,0,0.0148944575,True,Low
1,1,0.8982952,True,High
1,1,0.99982077,True,High
0,0,0.04121553,True,Low
0,0,0.029724652,True,Low
0,0,0.004434068,True,Low
1,0,0.017700406,False,Low
1,1,0.9323481,True,High
0,0,0.07315751,True,Low
0,0,0.012982387,True,Low
1,1,0.99483466,True,High
0,0,0.061771795,True,Low
1,1,0.95296806,True,High
0,0,0.012561288,True,Low
1,1,0.9823391,True,High
0,0,0.03837749,True,Low
0,0,0.047572177,True,Low
1,1,0.9973181,True,High
0,0,0.053306296,True,Low
1,0,0.14175239,False,Low
1,1,0.9953601,True,High
0,0,0.07231491,True,Low
0,1,0.8748056,False,High
0,0,0.029765438,True,Low
1,1,0.9937735,True,High
1,1,0.99971896,True,High
1,1,0.99937135,True,High
1,1,0.99982005,True,High
1,1,0.9879771,True,High
1,1,0.9838726,True,High
0,0,0.13689889,True,Low
1,1,0.99666214,True,High
1,0,0.026895132,False,Low
1,1,0.97346073,True,High
1,1,0.9495154,True,High
0,0,0.020983031,True,Low
1,1,0.9994037,True,High
0,0,0.09893734,True,Low
1,1,0.99784636,True,High
0,0,0.035927083,True,Low
1,1,0.9973863,True,High
0,0,0.039648216,True,Low
1,1,0.9990276,True,High
1,1,0.99942267,True,High
1,1,0.9999702,True,High
1,1,0.999485,True,High
1,1,0.999811,True,High
1,0,0.13116764,False,Low
1,1,0.93777674,True,High
0,0,0.033065323,True,Low
1,1,0.9969074,True,High
1,1,0.99930036,True,High
1,1,0.9998994,True,High
1,1,0.97924703,True,High
0,0,0.09481657,True,Low
0,0,0.09074361,True,Low
1,1,0.9394408,True,High
1,1,0.7714388,True,High
0,0,0.11766512,True,Low
1,1,0.99907255,True,High
0,1,0.72365034,False,High
1,1,0.99431735,True,High
1,1,0.99253404,True,High
0,0,0.04781176,True,Low
0,0,0.019956818,True,Low
0,0,0.25999105,True,Low
1,1,0.99941456,True,High
1,1,0.975426,True,High
0,0,0.030928088,True,Low
1,1,0.9716681,True,High
1,1,0.9998863,True,High
1,1,0.9994012,True,High
0,0,0.07293064,True,Low
0,0,0.08320904,True,Low
0,0,0.010219574,True,Low
1,1,0.99605703,True,High
1,1,0.9459652,True,High
0,1,0.59782976,False,Medium
1,1,0.97879446,True,High
1,1,0.9503253,True,High
0,0,0.08383607,True,Low
0,0,0.05481465,True,Low
1,1,0.9998128,True,High
1,0,0.07636605,False,Low
1,1,0.91067046,True,High
1,1,0.9911776,True,High
0,0,0.027040163,True,Low
1,1,0.99497247,True,High
1,1,0.9979013,True,High
1,1,0.99069595,True,High
1,1,0.99769455,True,High
0,1,0.5260495,False,Medium
0,0,0.043517303,True,Low
0,0,0.14329746,True,Low
1,1,0.7804044,True,High
1,1,0.99641246,True,High
0,0,0.019924253,True,Low
1,1,0.99727315,True,High
1,1,0.99985373,True,High
0,0,0.29205063,True,Low
1,1,0.98829484,True,High
0,0,0.02412363,True,Low
0,0,0.031115225,True,Low
0,0,0.013619637,True,Low
0,0,0.014914475,True,Low
1,1,0.9744522,True,High
0,0,0.030811254,True,Low
1,1,0.9960853,True,High
1,1,0.99248415,True,High
0,0,0.0243117,True,Low
1,1,0.96304774,True,High
0,0,0.030239167,True,Low
1,1,0.9998443,True,High
1,1,0.9942305,True,High
0,0,0.006031458,True,Low
0,0,0.026691848,True,Low
1,1,0.99900013,True,High
1,1,0.9756379,True,High
0,0,0.020374224,True,Low
1,1,0.99929786,True,High
0,0,0.04150313,True,Low
1,1,0.9952884,True,High
0,0,0.13611092,True,Low
1,1,0.9455561,True,High
1,1,0.99996567,True,High
0,0,0.0250741,True,Low
1,1,0.99991536,True,High
1,1,0.9911561,True,High
1,1,0.99712914,True,High
1,1,0.9997907,True,High
0,0,0.027150849,True,Low
1,0,0.043630235,False,Low
1,1,0.98117447,True,High
1,1,0.98782873,True,High
0,0,0.04692657,True,Low
1,0,0.04781647,False,Low
1,1,0.99464166,True,High
1,1,0.73774815,True,High
0,0,0.043335542,True,Low
0,0,0.00785363,True,Low
1,1,0.941311,True,High
0,0,0.015614122,True,Low
1,1,0.95302683,True,High
1,1,0.91295785,True,High
0,0,0.21476334,True,Low
1,1,0.90405977,True,High
1,1,0.9953251,True,High
0,0,0.00923961,True,Low
1,1,0.98349506,True,High
1,1,0.9874182,True,High
1,1,0.99991643,True,High
1,1,0.9536006,True,High
0,0,0.12792468,True,Low
1,0,0.33092818,False,Medium
1,1,0.9918888,True,High
0,0,0.044905223,True,Low
0,0,0.034400966,True,Low
0,0,0.09461606,True,Low
0,0,0.020182254,True,Low
1,1,0.99347806,True,High
1,1,0.99579537,True,High
0,0,0.049389035,True,Low
1,1,0.9978593,True,High
1,1,0.9974656,True,High
0,0,0.033346184,True,Low
0,0,0.1388561,True,Low
0,0,0.10824031,True,Low
0,0,0.040829018,True,Low
1,1,0.99593735,True,High
0,0,0.014646935,True,Low
0,0,0.030679347,True,Low
1,1,0.9861989,True,High
0,0,0.03801824,True,Low
0,0,0.05410344,True,Low
0,0,0.07606859,True,Low
0,0,0.023235945,True,Low
1,1,0.9760858,True,High
1,1,0.99973387,True,High
1,1,0.99214536,True,High
1,1,0.99397546,True,High
1,1,0.7894756,True,High
0,0,0.037505195,True,Low
1,1,0.99969685,True,High
0,0,0.15464124,True,Low
0,0,0.012990681,True,Low
0,0,0.039173942,True,Low
1,1,0.9328445,True,High
0,0,0.038595527,True,Low
1,1,0.9985966,True,High
1,1,0.999461,True,High
1,0,0.16086821,False,Low
0,0,0.0180195,True,Low
1,1,0.99224985,True,High
0,0,0.017629972,True,Low
0,0,0.018080972,True,Low
1,1,0.9997874,True,High
1,1,0.9628216,True,High
1,1,0.9902496,True,High
1,1,0.97527075,True,High
1,1,0.9987017,True,High
1,1,0.99852055,True,High
1,0,0.12879442,False,Low
1,1,0.9861848,True,High
1,1,0.9993389,True,High
0,0,0.026854036,True,Low
1,1,0.9920482,True,High
0,0,0.019172058,True,Low
0,0,0.015008897,True,Low
1,1,0.99633396,True,High
1,1,0.9994023,True,High
0,0,0.12452577,True,Low
0,0,0.08977608,True,Low
0,0,0.040566444,True,Low
0,0,0.035632003,True,Low
0,0,0.070450425,True,Low
0,0,0.0038065857,True,Low
1,1,0.99960417,True,High
0,0,0.05108825,True,Low
0,0,0.040462762,True,Low
1,1,0.9972722,True,High
0,1,0.52162814,False,Medium
1,1,0.9535685,True,High
0,0,0.013053125,True,Low
1,1,0.9997619,True,High
0,0,0.020153996,True,Low
1,1,0.99389654,True,High
1,1,0.9997081,True,High
0,0,0.026137235,True,Low
1,0,0.13081667,False,Low
1,1,0.9869271,True,High
0,0,0.038762677,True,Low
1,1,0.9730872,True,High
1,1,0.9999163,True,High
1,1,0.9999411,True,High
1,1,0.9988695,True,High
0,0,0.040413793,True,Low
0,0,0.14063369,True,Low
0,0,0.007676718,True,Low
0,0,0.01555077,True,Low
1,0,0.08430943,False,Low
1,1,0.99987817,True,High
1,1,0.8938659,True,High
1,1,0.96985483,True,High
1,1,0.99437016,True,High
1,1,0.99923754,True,High
1,1,0.9974956,True,High
1,1,0.98408765,True,High
1,1,0.99962425,True,High
0,0,0.003702719,True,Low
0,0,0.06245433,True,Low
1,1,0.94057727,True,High
0,0,0.1601604,True,Low
0,0,0.11258431,True,Low
1,1,0.9926246,True,High
1,1,0.99889827,True,High
1,1,0.99910176,True,High
0,0,0.19783945,True,Low
1,1,0.9562941,True,High
1,1,0.9752499,True,High
1,1,0.99729174,True,High
1,1,0.99593,True,High
1,1,0.99240863,True,High
0,0,0.061699394,True,Low
0,0,0.16543493,True,Low
1,1,0.9790028,True,High
0,0,0.015968433,True,Low
1,1,0.9979728,True,High
1,1,0.9959149,True,High
0,0,0.075108275,True,Low
1,1,0.9985104,True,High
1,1,0.96220446,True,High
1,1,0.99963605,True,High
0,0,0.16906792,True,Low
1,0,0.18004735,False,Low
1,1,0.554002,True,Medium
1,1,0.99964523,True,High
0,0,0.036465574,True,Low
0,0,0.03534555,True,Low
1,1,0.9992681,True,High
1,1,0.9961824,True,High
1,1,0.98226994,True,High
1,1,0.999246,True,High
1,1,0.90497667,True,High
1,1,0.9998604,True,High
1,1,0.97077864,True,High
0,0,0.12131834,True,Low
0,0,0.043841477,True,Low
1,1,0.9390268,True,High
1,1,0.9929183,True,High
1,1,0.99607915,True,High
0,0,0.17075123,True,Low
0,0,0.12409389,True,Low
0,0,0.031080721,True,Low
0,0,0.05706859,True,Low
1,1,0.50903034,True,Medium
1,0,0.050554242,False,Low
0,0,0.029413695,True,Low
0,0,0.07575161,True,Low
1,1,0.98663133,True,High
0,0,0.027579738,True,Low
1,1,0.99942017,True,High
0,0,0.027619716,True,Low
0,0,0.10671216,True,Low
1,1,0.932519,True,High
0,0,0.030571321,True,Low
0,0,0.017687451,True,Low
0,0,0.030523373,True,Low
0,0,0.04986222,True,Low
1,1,0.9982187,True,High
1,1,0.9989519,True,High
0,0,0.06449743,True,Low
0,1,0.51800305,False,Medium
0,0,0.082404785,True,Low
0,0,0.08015309,True,Low
0,0,0.013066916,True,Low
0,0,0.05291542,True,Low
1,1,0.9922076,True,High
0,0,0.076445125,True,Low
0,0,0.012833357,True,Low
1,1,0.9992187,True,High
0,0,0.020400582,True,Low
0,0,0.05392024,True,Low
0,0,0.019589473,True,Low
0,0,0.08168142,True,Low
0,0,0.059143916,True,Low
0,0,0.03240396,True,Low
1,1,0.999584,True,High
1,1,0.99982256,True,High
1,1,0.99611217,True,High
0,0,0.022065654,True,Low
1,1,0.9993393,True,High
0,0,0.021157673,True,Low
1,1,0.7701955,True,High
1,1,0.9994635,True,High
0,0,0.049629502,True,Low
1,1,0.9988549,True,High
1,1,0.9998853,True,High
0,1,0.8663948,False,High
0,1,0.75764835,False,High
1,1,0.98087305,True,High
1,1,0.9750181,True,High
1,1,0.978375,True,High
0,0,0.037208155,True,Low
1,1,0.9996563,True,High
0,0,0.03520473,True,Low
1,1,0.9994623,True,High
0,0,0.025746575,True,Low
0,0,0.031784892,True,Low
1,0,0.15491529,False,Low
0,0,0.042854123,True,Low
1,1,0.99978405,True,High
1,1,0.99406767,True,High
1,1,0.9982322,True,High
1,1,0.99827075,True,High
0,0,0.037127137,True,Low
1,1,0.9985089,True,High
1,1,0.97528404,True,High
1,1,0.99696547,True,High
0,0,0.070548184,True,Low
0,0,0.050944887,True,Low
0,0,0.010621884,True,Low
0,0,0.013286959,True,Low
1,1,0.991495,True,High
1,1,0.67163146,True,Medium
0,0,0.014693351,True,Low
1,1,0.99142563,True,High
1,1,0.9993292,True,High
1,1,0.9972275,True,High
0,0,0.02773848,True,Low
1,1,0.9980709,True,High
1,1,0.99781835,True,High
1,1,0.95523673,True,High
0,0,0.04264242,True,Low
1,1,0.99814355,True,High
0,0,0.046832703,True,Low
1,0,0.1454438,False,Low
0,0,0.014442028,True,Low
1,1,0.96680284,True,High
0,0,0.018786948,True,Low
1,1,0.9997441,True,High
1,1,0.91871053,True,High
1,1,0.96521676,True,High
0,0,0.046366673,True,Low
1,0,0.20399918,False,Low
0,0,0.17262211,True,Low
1,1,0.9992605,True,High
0,0,0.16144721,True,Low
1,1,0.9718669,True,High
0,0,0.45039874,True,Medium
1,1,0.8352059,True,High
1,1,0.9997515,True,High
1,1,0.98630166,True,High
1,1,0.70603293,True,High
1,1,0.9446393,True,High
1,1,0.84714544,True,High
1,1,0.99624014,True,High
0,0,0.2933771,True,Low
1,1,0.99948055,True,High
1,1,0.99979025,True,High
0,0,0.04272759,True,Low
1,1,0.9443972,True,High
1,1,0.99920386,True,High
1,1,0.9901087,True,High
1,1,0.9235924,True,High
0,0,0.028487528,True,Low
0,1,0.9715685,False,High
1,1,0.99244374,True,High
0,0,0.032214485,True,Low
1,1,0.98342705,True,High
0,0,0.118723616,True,Low
1,1,0.99850583,True,High
0,0,0.48072308,True,Medium
1,1,0.95171356,True,High
1,1,0.9953185,True,High
0,0,0.05340914,True,Low
1,0,0.12607865,False,Low
1,1,0.9695132,True,High
0,0,0.05163742,True,Low
1,1,0.99984777,True,High
1,1,0.99850583,True,High
1,1,0.99648094,True,High
0,0,0.013384843,True,Low
1,1,0.99471456,True,High
1,1,0.99892324,True,High
0,0,0.16343349,True,Low
1,1,0.99235314,True,High
1,1,0.99937385,True,High
0,0,0.09102129,True,Low
1,1,0.99707854,True,High
1,1,0.7350729,True,High
0,0,0.035892963,True,Low
1,1,0.9618461,True,High
0,0,0.012437653,True,Low
0,0,0.13768631,True,Low
0,1,0.8253388,False,High
1,1,0.99881446,True,High
0,0,0.015747875,True,Low
0,0,0.021891328,True,Low
1,1,0.9360812,True,High
1,1,0.9911608,True,High
0,0,0.0093262205,True,Low
0,0,0.05021476,True,Low
1,1,0.9998863,True,High
0,0,0.013257435,True,Low
0,1,0.79747397,False,High
1,1,0.88773084,True,High
1,1,0.999703,True,High
1,1,0.984388,True,High
0,0,0.10047974,True,Low
1,1,0.9165063,True,High
0,0,0.08458715,True,Low
1,1,0.99872607,True,High
0,0,0.05879827,True,Low
1,1,0.9992374,True,High
0,1,0.8151152,False,High
0,0,0.006555647,True,Low
1,1,0.99892527,True,High
1,1,0.9286858,True,High
1,1,0.9714992,True,High
0,0,0.01955116,True,Low
1,1,0.9985014,True,High
1,1,0.8855602,True,High
1,1,0.8770554,True,High
1,1,0.6979405,True,Medium
1,1,0.786247,True,High
0,0,0.013769673,True,Low
1,1,0.99990284,True,High
0,0,0.0042413794,True,Low
0,1,0.99023575,False,High
0,0,0.023698445,True,Low
1,1,0.9999422,True,High
1,1,0.9997836,True,High
1,1,0.99145526,True,High
1,1,0.9993895,True,High
0,0,0.032002736,True,Low
1,1,0.99586284,True,High
1,1,0.9958878,True,High
1,1,0.89939004,True,High
1,1,0.7016645,True,High
1,0,0.23367637,False,Low
0,0,0.12062535,True,Low
1,1,0.9179653,True,High
1,1,0.9884929,True,High
1,1,0.95464903,True,High
1,1,0.98393005,True,High
0,0,0.035586677,True,Low
0,0,0.046764076,True,Low
1,1,0.9982835,True,High
0,0,0.054761324,True,Low
0,0,0.010008793,True,Low
0,0,0.083968915,True,Low
0,0,0.19694887,True,Low
1,1,0.9486434,True,High
0,0,0.41209403,True,Medium
0,0,0.0988377,True,Low
1,1,0.99872524,True,High
1,1,0.99841833,True,High
0,0,0.03414484,True,Low
1,1,0.9998982,True,High
1,1,0.99845624,True,High
1,1,0.9870576,True,High
1,1,0.92465806,True,High
1,0,0.067431666,False,Low
1,1,0.75390023,True,High
0,0,0.010824477,True,Low
1,1,0.9967384,True,High
0,0,0.010959784,True,Low
1,0,0.18619159,False,Low
1,1,0.9671241,True,High
0,0,0.01280317,True,Low
1,1,0.99923754,True,High
1,0,0.12772326,False,Low
0,0,0.102876686,True,Low
1,1,0.9862531,True,High
0,1,0.90947837,False,High
1,1,0.98509324,True,High
1,1,0.8540484,True,High
0,0,0.08691834,True,Low
1,1,0.9950896,True,High
1,1,0.99906915,True,High
0,0,0.03872463,True,Low
0,1,0.6832488,False,Medium
1,1,0.99968266,True,High
1,1,0.99982846,True,High
0,0,0.19665332,True,Low
0,0,0.109557085,True,Low
1,1,0.9967399,True,High
1,1,0.9907951,True,High
1,1,0.9956691,True,High
1,1,0.98173505,True,High
1,1,0.99992955,True,High
1,1,0.99957067,True,High
1,1,0.9977081,True,High
1,1,0.9997993,True,High
0,0,0.20601685,True,Low
0,0,0.03909975,True,Low
1,1,0.9982487,True,High
0,0,0.10672061,True,Low
1,1,0.9170709,True,High
1,1,0.9993136,True,High
0,0,0.03607911,True,Low
1,1,0.9930479,True,High
0,0,0.11996767,True,Low
0,0,0.031715844,True,Low
0,0,0.028996238,True,Low
1,1,0.9982235,True,High
1,1,0.98382807,True,High
1,1,0.9433651,True,High
1,1,0.97114885,True,High
1,1,0.91662467,True,High
1,1,0.76268125,True,High
1,1,0.99899775,True,High
1,1,0.9997857,True,High
1,1,0.966113,True,High
0,0,0.012325212,True,Low
0,0,0.03407083,True,Low
1,1,0.99985516,True,High
1,1,0.9986093,True,High
0,0,0.04398263,True,Low
0,0,0.08725107,True,Low
1,1,0.9993574,True,High
1,1,0.953157,True,High
1,1,0.9979942,True,High
1,1,0.9907465,True,High
1,1,0.9235108,True,High
1,1,0.99917644,True,High
1,1,0.997883,True,High
0,0,0.053103335,True,Low
1,1,0.9992894,True,High
1,1,0.99983835,True,High
0,0,0.059247073,True,Low
1,1,0.98996943,True,High
1,1,0.9965952,True,High
0,0,0.03604313,True,Low
1,1,0.99993503,True,High
1,0,0.2808761,False,Low
1,1,0.99569523,True,High
0,0,0.0345198,True,Low
1,1,0.9976261,True,High
1,1,0.9927533,True,High
0,0,0.05031911,True,Low
0,0,0.05991258,True,Low
1,1,0.9705805,True,High
1,1,0.99983144,True,High
0,0,0.097104445,True,Low
1,1,0.99976903,True,High
1,1,0.99938715,True,High
0,0,0.052079737,True,Low
0,0,0.07925812,True,Low
1,1,0.9998839,True,High
1,1,0.9824249,True,High
0,0,0.0099551715,True,Low
0,0,0.018312262,True,Low
1,1,0.9460872,True,High
0,0,0.024837743,True,Low
0,0,0.05367739,True,Low
1,1,0.9984724,True,High
0,0,0.058407176,True,Low
1,1,0.9958704,True,High
1,1,0.96173507,True,High
0,0,0.09013137,True,Low
0,0,0.026741752,True,Low
0,0,0.13643265,True,Low
0,0,0.024693446,True,Low
1,1,0.99731475,True,High
1,1,0.54786587,True,Medium
1,1,0.9848284,True,High
0,0,0.0061123963,True,Low
0,1,0.63834435,False,Medium
0,0,0.123320736,True,Low
1,1,0.6700184,True,Medium
1,1,0.75158507,True,High
0,0,0.07319782,True,Low
1,1,0.99967515,True,High
1,1,0.90007603,True,High
1,1,0.9847031,True,High
1,1,0.9951499,True,High
0,0,0.063905135,True,Low
0,0,0.036978498,True,Low
0,0,0.13294186,True,Low
0,0,0.032669645,True,Low
0,0,0.0046634004,True,Low
0,0,0.04103597,True,Low
1,1,0.82523185,True,High
1,1,0.9969633,True,High
1,1,0.9999306,True,High
1,1,0.9847611,True,High
0,0,0.0800126,True,Low
0,0,0.050224803,True,Low
1,1,0.9997738,True,High
0,0,0.25954714,True,Low
1,1,0.9562764,True,High
1,0,0.0943226,False,Low
1,1,0.9868269,True,High
1,1,0.9998535,True,High
1,1,0.99711275,True,High
1,1,0.96988374,True,High
1,1,0.997938,True,High
0,0,0.39905694,True,Medium
0,0,0.081910945,True,Low
1,1,0.9958989,True,High
1,1,0.99617577,True,High
0,0,0.06671139,True,Low
0,0,0.021056524,True,Low
1,1,0.9996654,True,High
0,0,0.14838208,True,Low
1,1,0.8313384,True,High
1,1,0.82898897,True,High
0,0,0.44984755,True,Medium
1,1,0.7821848,True,High
1,1,0.63306016,True,Medium
1,1,0.9650422,True,High
0,0,0.05038947,True,Low
0,0,0.014137684,True,Low
1,1,0.8459885,True,High
0,1,0.9052852,False,High
0,0,0.015576144,True,Low
1,1,0.8667255,True,High
0,0,0.02168113,True,Low
0,0,0.06472386,True,Low
1,1,0.9964349,True,High
1,0,0.24986611,False,Low
1,1,0.94507855,True,High
0,0,0.029009378,True,Low
1,1,0.99931824,True,High
1,1,0.8433319,True,High
0,0,0.023387117,True,Low
0,0,0.08496534,True,Low
0,0,0.058558706,True,Low
0,0,0.021437353,True,Low
1,1,0.6663201,True,Medium
1,0,0.41633826,False,Medium
0,0,0.19262993,True,Low
1,1,0.96033686,True,High
0,0,0.043054488,True,Low
0,0,0.09771531,True,Low
1,1,0.99996114,True,High
1,1,0.9866375,True,High
0,0,0.041725703,True,Low
1,1,0.99625117,True,High
1,1,0.99770665,True,High
1,1,0.99962056,True,High
1,1,0.991376,True,High
0,0,0.06500893,True,Low
1,1,0.9979797,True,High
0,0,0.010096214,True,Low
1,1,0.981898,True,High
1,1,0.7313393,True,High
1,1,0.99874145,True,High
0,0,0.061247997,True,Low
1,1,0.99919766,True,High
0,0,0.01781858,True,Low
1,1,0.91567224,True,High
1,1,0.99561137,True,High
0,0,0.0064276704,True,Low
1,1,0.99980754,True,High
1,1,0.99439234,True,High
0,0,0.08804217,True,Low
1,1,0.9751745,True,High
1,1,0.9741648,True,High
1,1,0.9284284,True,High
1,1,0.9999367,True,High
1,1,0.97676426,True,High
1,1,0.99593735,True,High
1,1,0.98667604,True,High
0,0,0.0507723,True,Low
0,0,0.012236532,True,Low
1,1,0.96729136,True,High
1,1,0.96903044,True,High
1,1,0.9648214,True,High
1,1,0.99899465,True,High
1,1,0.9029572,True,High
1,1,0.9280633,True,High
0,0,0.010329702,True,Low
0,0,0.013662444,True,Low
0,0,0.014333823,True,Low
1,1,0.8581006,True,High
0,0,0.15646498,True,Low
1,1,0.9757824,True,High
0,0,0.20962514,True,Low
1,1,0.99288046,True,High
0,0,0.10310571,True,Low
1,1,0.9997768,True,High
1,1,0.9923482,True,High
0,0,0.17470703,True,Low
1,1,0.9988643,True,High
1,1,0.99950016,True,High
0,0,0.028716872,True,Low
1,1,0.9997824,True,High
0,0,0.044315945,True,Low
1,1,0.9993393,True,High
0,1,0.962594,False,High
0,0,0.0343587,True,Low
0,0,0.06284656,True,Low
0,0,0.025195215,True,Low
1,1,0.99088573,True,High
0,0,0.041723892,True,Low
0,0,0.031531487,True,Low
0,0,0.062298227,True,Low
0,0,0.025114544,True,Low
0,0,0.03831609,True,Low
0,0,0.15446231,True,Low
0,1,0.65658176,False,Medium
0,0,0.0094405245,True,Low
0,0,0.044386853,True,Low
0,0,0.01162617,True,Low
1,1,0.93607175,True,High
1,1,0.98828655,True,High
0,0,0.032368936,True,Low
0,0,0.01418365,True,Low
1,1,0.9999274,True,High
1,1,0.98123646,True,High
0,0,0.016766904,True,Low
1,1,0.89535064,True,High
0,0,0.038372017,True,Low
1,1,0.9979017,True,High
0,0,0.029281732,True,Low
0,0,0.026008997,True,Low
1,1,0.99554306,True,High
1,1,0.9998355,True,High
0,0,0.06160833,True,Low
1,1,0.99755836,True,High
1,1,0.99458414,True,High
0,1,0.94011587,False,High
0,0,0.10164519,True,Low
0,0,0.019813523,True,Low
0,0,0.010378475,True,Low
0,0,0.040513676,True,Low
1,1,0.9995291,True,High
0,0,0.013161355,True,Low
1,1,0.9994149,True,High
0,0,0.01821023,True,Low
0,0,0.006908482,True,Low
0,0,0.020878732,True,Low
0,0,0.03417702,True,Low
0,0,0.004451007,True,Low
1,1,0.9890942,True,High
1,1,0.9962232,True,High
1,1,0.65301925,True,Medium
1,1,0.73848903,True,High
1,1,0.93123657,True,High
1,1,0.99996424,True,High
1,1,0.87026954,True,High
1,1,0.63976467,True,Medium
1,1,0.99734026,True,High
1,1,0.79641,True,High
1,1,0.98495704,True,High
0,0,0.017288141,True,Low
1,1,0.9998124,True,High
0,0,0.018525051,True,Low
1,1,0.9758066,True,High
0,0,0.043857142,True,Low
1,1,0.9993224,True,High
0,0,0.033400983,True,Low
0,0,0.01656916,True,Low
1,1,0.99952424,True,High
1,1,0.9991172,True,High
1,1,0.99483126,True,High
0,0,0.01953501,True,Low
1,1,0.9992712,True,High
1,1,0.5577544,True,Medium
1,1,0.8723994,True,High
1,1,0.9988153,True,High
1,1,0.99888045,True,High
0,0,0.009645575,True,Low
0,0,0.013292131,True,Low
1,1,0.5593947,True,Medium
0,0,0.0270766,True,Low
1,1,0.99989283,True,High
0,0,0.039873563,True,Low
1,1,0.99480706,True,High
0,0,0.03852395,True,Low
1,1,0.8685542,True,High
1,1,0.9999318,True,High
1,1,0.9781066,True,High
0,1,0.96943015,False,High
0,0,0.016529882,True,Low
0,0,0.105521105,True,Low
0,0,0.032503616,True,Low
1,1,0.99914825,True,High
0,1,0.9036317,False,High
0,0,0.048376996,True,Low
0,0,0.029621143,True,Low
1,1,0.9966259,True,High
1,1,0.97936434,True,High
1,1,0.8523002,True,High
0,0,0.23193263,True,Low
0,0,0.094533384,True,Low
0,0,0.233849,True,Low
1,1,0.93167895,True,High
0,0,0.06085362,True,Low
1,1,0.998607,True,High
1,1,0.67540294,True,Medium
1,1,0.99974877,True,High
0,0,0.040247917,True,Low
0,0,0.020153996,True,Low
0,0,0.007267527,True,Low
1,1,0.99930847,True,High
0,0,0.02594499,True,Low
1,1,0.9998747,True,High
1,1,0.9868444,True,High
1,1,0.871831,True,High
0,0,0.041221105,True,Low
1,1,0.99732757,True,High
1,1,0.9996475,True,High
1,0,0.045649074,False,Low
0,0,0.013308957,True,Low
1,1,0.9831376,True,High
0,0,0.02565383,True,Low
1,1,0.9925096,True,High
0,0,0.097068556,True,Low
1,1,0.993926,True,High
1,1,0.99947435,True,High
0,0,0.060976256,True,Low
0,0,0.030259883,True,Low
0,0,0.014641046,True,Low
0,0,0.03717918,True,Low
0,0,0.04762412,True,Low
1,1,0.96421444,True,High
1,1,0.9999306,True,High
0,0,0.09977361,True,Low
0,0,0.490902,True,Medium
0,0,0.019239949,True,Low
0,0,0.014021638,True,Low
0,0,0.06950914,True,Low
1,1,0.99487704,True,High
0,0,0.072106384,True,Low
1,1,0.99862206,True,High
1,1,0.9924851,True,High
0,0,0.01825015,True,Low
1,1,0.977422,True,High
1,0,0.059761316,False,Low
1,1,0.99457896,True,High
0,0,0.019278191,True,Low
0,0,0.026761737,True,Low
0,0,0.045713827,True,Low
0,0,0.033922173,True,Low
1,1,0.84659153,True,High
1,1,0.9973031,True,High
1,1,0.98338324,True,High
1,1,0.9978752,True,High
0,0,0.09717061,True,Low
0,0,0.086182736,True,Low
1,1,0.8480329,True,High
0,0,0.052108485,True,Low
0,0,0.015908856,True,Low
1,1,0.9998393,True,High
1,1,0.96551114,True,High
0,0,0.10097606,True,Low
0,0,0.01097437,True,Low
0,0,0.08124834,True,Low
0,0,0.042431004,True,Low
1,1,0.98333377,True,High
1,1,0.9910946,True,High
0,0,0.013053125,True,Low
0,0,0.041115716,True,Low
0,1,0.8856348,False,High
1,1,0.9867953,True,High
0,0,0.04330105,True,Low
1,1,0.9974903,True,High
1,1,0.8022076,True,High
1,1,0.9998166,True,High
0,0,0.03306417,True,Low
0,0,0.078371465,True,Low
0,0,0.01757112,True,Low
1,1,0.8987679,True,High
1,1,0.9954195,True,High
1,1,0.999595,True,High
0,1,0.5078044,False,Medium
1,1,0.9991972,True,High
1,1,0.99979764,True,High
1,1,0.8426265,True,High
1,1,0.9757991,True,High
1,1,0.9790075,True,High
1,1,0.90508586,True,High
0,0,0.07399117,True,Low
1,1,0.9995797,True,High
0,0,0.046849694,True,Low
0,0,0.044805273,True,Low
1,1,0.999734,True,High
0,0,0.026202347,True,Low
1,1,0.9906786,True,High
1,1,0.9858607,True,High
1,0,0.08690982,False,Low
1,1,0.99283195,True,High
0,0,0.03960981,True,Low
1,1,0.9983535,True,High
1,1,0.9812275,True,High
1,1,0.6391031,True,Medium
1,1,0.96819234,True,High
0,0,0.024268152,True,Low
0,0,0.0545912,True,Low
0,0,0.071883455,True,Low
1,1,0.97789145,True,High
1,1,0.9958528,True,High
0,1,0.82581687,False,High
0,0,0.11833066,True,Low
0,0,0.018947903,True,Low
1,1,0.9812046,True,High
0,0,0.02703302,True,Low
1,1,0.99873084,True,High
0,0,0.032802097,True,Low
1,1,0.999255,True,High
1,1,0.9606761,True,High
0,0,0.04579674,True,Low
0,0,0.114825286,True,Low
0,0,0.026659299,True,Low
1,1,0.994803,True,High
1,1,0.989716,True,High
1,1,0.9932516,True,High
0,0,0.10276665,True,Low
0,0,0.10534005,True,Low
1,1,0.74548525,True,High
0,0,0.07965618,True,Low
1,1,0.99744034,True,High
0,0,0.020938741,True,Low
0,0,0.046743512,True,Low
1,1,0.9982461,True,High
0,0,0.05164547,True,Low
0,0,0.04363362,True,Low
1,1,0.9972263,True,High
1,1,0.97942644,True,High
0,0,0.04357477,True,Low
1,1,0.99362844,True,High
1,1,0.99877185,True,High
1,1,0.722313,True,High
1,1,0.94221926,True,High
1,1,0.9700094,True,High
1,1,0.9906709,True,High
1,1,0.9766865,True,High
1,1,0.99897325,True,High
0,0,0.030610463,True,Low
0,1,0.58079594,False,Medium
1,1,0.99412656,True,High
1,1,0.9999206,True,High
0,0,0.021538956,True,Low
0,0,0.013199181,True,Low
1,0,0.06853137,False,Low
0,0,0.0076808734,True,Low
1,1,0.9964457,True,High
1,1,0.71321326,True,High
0,0,0.02808594,True,Low
0,0,0.016304635,True,Low
0,0,0.122596964,True,Low
1,1,0.9999529,True,High
0,0,0.004357565,True,Low
0,1,0.5347454,False,Medium
0,0,0.012538022,True,Low
0,0,0.3256579,True,Medium
1,0,0.033358358,False,Low
1,1,0.99907136,True,High
0,0,0.023791365,True,Low
0,0,0.051613737,True,Low
0,0,0.05730267,True,Low
1,1,0.9986798,True,High
1,1,0.9261834,True,High
1,1,0.99986184,True,High
1,1,0.8684743,True,High
0,0,0.009454171,True,Low
1,1,0.8971681,True,High
0,0,0.060365073,True,Low
1,1,0.9868494,True,High
0,0,0.025653783,True,Low
1,1,0.9843406,True,High
1,1,0.99986243,True,High
1,1,0.99053055,True,High
1,1,0.9847757,True,High
1,1,0.99634606,True,High
1,1,0.9998128,True,High
1,1,0.9999151,True,High
1,1,0.5091097,True,Medium
0,1,0.92545456,False,High
0,0,0.035502125,True,Low
1,1,0.9981857,True,High
0,0,0.090334736,True,Low
1,1,0.99955064,True,High
0,0,0.0066746413,True,Low
0,0,0.04834422,True,Low
1,1,0.9939865,True,High
1,1,0.9932414,True,High
1,1,0.9973653,True,High
0,0,0.03185075,True,Low
1,1,0.99817514,True,High
0,0,0.071122386,True,Low
0,0,0.058552273,True,Low
1,1,0.9198358,True,High
0,0,0.06685755,True,Low
1,1,0.99989045,True,High
0,0,0.11244254,True,Low
0,1,0.86297953,False,High
0,0,0.05457345,True,Low
1,0,0.03241401,False,Low
0,0,0.032583717,True,Low
0,0,0.095454395,True,Low
1,1,0.94026965,True,High
1,1,0.9994273,True,High
1,1,0.9990024,True,High
1,1,0.95827836,True,High
0,0,0.06509688,True,Low
0,0,0.020721728,True,Low
1,1,0.9849914,True,High
1,1,0.9836789,True,High
1,1,0.9993955,True,High
1,1,0.999762,True,High
1,1,0.5086677,True,Medium
0,0,0.08005877,True,Low
1,1,0.9984862,True,High
1,1,0.90118885,True,High
0,0,0.21424559,True,Low
1,1,0.9971059,True,High
1,1,0.946379,True,High
1,1,0.9982527,True,High
1,1,0.9997913,True,High
0,0,0.015616987,True,Low
0,0,0.036204197,True,Low
0,0,0.006475066,True,Low
1,1,0.91772676,True,High
0,0,0.042173676,True,Low
1,1,0.9912907,True,High
1,1,0.9998259,True,High
0,0,0.0149573395,True,Low
1,1,0.99942386,True,High
0,0,0.03299977,True,Low
1,1,0.99984694,True,High
0,0,0.09496981,True,Low
1,1,0.91729814,True,High
1,1,0.999225,True,High
1,1,0.9887565,True,High
0,0,0.058165178,True,Low
0,0,0.051276118,True,Low
1,1,0.7703036,True,High
0,0,0.045975503,True,Low
1,1,0.9280823,True,High
0,0,0.16745597,True,Low
1,1,0.9711565,True,High
1,1,0.9998685,True,High
0,0,0.35133943,True,Medium
1,1,0.99832684,True,High
1,1,0.986128,True,High
1,1,0.8237564,True,High
1,1,0.82990015,True,High
1,1,0.9970573,True,High
0,0,0.07155261,True,Low
1,1,0.83683634,True,High
0,0,0.0077233566,True,Low
1,1,0.99724835,True,High
0,0,0.09162903,True,Low
0,0,0.044452146,True,Low
0,0,0.055967867,True,Low
1,1,0.97336495,True,High
1,1,0.99412763,True,High
0,0,0.10857734,True,Low
1,1,0.9708356,True,High
1,1,0.99971527,True,High
0,0,0.024334984,True,Low
1,1,0.9928611,True,High
1,1,0.96495426,True,High
0,0,0.047361698,True,Low
1,1,0.8650618,True,High
1,1,0.9747025,True,High
1,1,0.9838501,True,High
0,0,0.19886172,True,Low
1,1,0.9999627,True,High
1,1,0.90874904,True,High
0,0,0.03803606,True,Low
0,0,0.014566403,True,Low
1,1,0.97100955,True,High
0,0,0.120435454,True,Low
0,0,0.035643935,True,Low
1,1,0.78446966,True,High
1,1,0.9373517,True,High
1,1,0.9936806,True,High
1,1,0.93373334,True,High
0,0,0.003835157,True,Low
1,1,0.99184364,True,High
1,1,0.9869832,True,High
1,0,0.2441578,False,Low
1,0,0.19576186,False,Low
1,1,0.9994429,True,High
1,1,0.64429563,True,Medium
1,1,0.9912532,True,High
0,0,0.037622757,True,Low
0,0,0.035826005,True,Low
0,0,0.10077188,True,Low
1,1,0.9940556,True,High
1,1,0.99845624,True,High
0,0,0.026762592,True,Low
0,0,0.031870637,True,Low
1,1,0.98831254,True,High
1,1,0.97204024,True,High
1,1,0.99993503,True,High
0,0,0.021833908,True,Low
1,1,0.9980446,True,High
0,0,0.035697006,True,Low
1,1,0.9986027,True,High
1,1,0.9809249,True,High
0,0,0.35129863,True,Medium
0,0,0.021031003,True,Low
1,1,0.795415,True,High
1,1,0.990737,True,High
1,1,0.9267516,True,High
1,1,0.98967147,True,High
0,0,0.17002189,True,Low
0,0,0.037048277,True,Low
1,1,0.99977833,True,High
1,1,0.9866106,True,High
0,0,0.024783773,True,Low
0,1,0.61772764,False,Medium
0,0,0.049232826,True,Low
0,0,0.05335201,True,Low
0,0,0.037531797,True,Low
1,1,0.9998242,True,High
1,1,0.9840539,True,High
1,1,0.9882686,True,High
0,0,0.01104809,True,Low
0,0,0.012887595,True,Low
1,1,0.992782,True,High
1,1,0.9543977,True,High
1,1,0.99852234,True,High
1,1,0.97041434,True,High
0,0,0.101360165,True,Low
1,1,0.99404883,True,High
0,0,0.033508778,True,Low
1,1,0.9856058,True,High
0,0,0.014066159,True,Low
1,1,0.997373,True,High
0,0,0.07884912,True,Low
1,0,0.4892414,False,Medium
1,1,0.967638,True,High
1,1,0.9988165,True,High
1,1,0.92713684,True,High
0,1,0.6981188,False,Medium
1,1,0.9547528,True,High
0,0,0.047205087,True,Low
0,0,0.05707264,True,Low
1,1,0.9690443,True,High
0,0,0.0595115,True,Low
0,0,0.122664556,True,Low
0,0,0.07522799,True,Low
0,0,0.047376156,True,Low
1,1,0.99353856,True,High
0,0,0.015916277,True,Low
0,0,0.027400695,True,Low
0,0,0.24518223,True,Low
1,1,0.99558616,True,High
1,1,0.9992537,True,High
1,1,0.9987758,True,High
0,0,0.12271395,True,Low
1,0,0.057236813,False,Low
1,1,0.9926731,True,High
0,0,0.019096877,True,Low
1,1,0.9172576,True,High
1,1,0.98295885,True,High
1,1,0.9906059,True,High
1,1,0.99222493,True,High
0,0,0.061354276,True,Low
0,0,0.009693433,True,Low
1,1,0.9984378,True,High
1,1,0.9978543,True,High
1,1,0.99268603,True,High
1,1,0.96445924,True,High
1,1,0.86613137,True,High
0,0,0.029538317,True,Low
1,1,0.97931117,True,High
1,1,0.9888327,True,High
1,1,0.99969816,True,High
1,1,0.99669766,True,High
0,0,0.011819201,True,Low
1,1,0.9927758,True,High
0,0,0.3223237,True,Medium
0,0,0.06441551,True,Low
0,0,0.0076715937,True,Low
1,1,0.8510952,True,High
1,1,0.9653103,True,High
1,1,0.97916234,True,High
0,0,0.09394877,True,Low
1,1,0.99879706,True,High
1,1,0.9988865,True,High
1,0,0.12029759,False,Low
0,0,0.14713147,True,Low
0,0,0.016852196,True,Low
1,1,0.9984066,True,High
1,1,0.99850583,True,High
1,1,0.9993161,True,High
1,1,0.7324396,True,High
1,1,0.9947412,True,High
1,1,0.99996424,True,High
0,0,0.09435397,True,Low
0,0,0.059891347,True,Low
1,1,0.97376436,True,High
0,0,0.034009818,True,Low
0,0,0.013996208,True,Low
1,1,0.997829,True,High
1,1,0.82934374,True,High
0,0,0.02127746,True,Low
1,1,0.97368795,True,High
1,1,0.99996495,True,High
1,0,0.3174661,False,Medium
1,1,0.98005414,True,High
0,0,0.20080796,True,Low
1,1,0.9614237,True,High
0,0,0.037815742,True,Low
0,0,0.030137314,True,Low
0,0,0.020956026,True,Low
0,0,0.009149712,True,Low
0,0,0.26746818,True,Low
0,0,0.055774994,True,Low
0,0,0.040920965,True,Low
0,0,0.15959243,True,Low
1,1,0.97983724,True,High
1,1,0.99698824,True,High
1,1,0.9999199,True,High
0,0,0.2825053,True,Low
1,1,0.9992279,True,High
0,0,0.014902596,True,Low
1,1,0.9870205,True,High
1,1,0.9973074,True,High
0,0,0.11844005,True,Low
1,1,0.99806386,True,High
1,1,0.77980465,True,High
0,0,0.10236697,True,Low
1,1,0.99845076,True,High
0,0,0.032260444,True,Low
1,1,0.9941103,True,High
1,1,0.99950325,True,High
1,1,0.9989973,True,High
1,1,0.9902496,True,High
1,1,0.99415165,True,High
1,1,0.9988085,True,High
1,1,0.96462625,True,High
0,0,0.067282416,True,Low
1,1,0.9983197,True,High
1,0,0.057478864,False,Low
0,0,0.0633812,True,Low
1,1,0.9999411,True,High
0,0,0.00973144,True,Low
0,0,0.04646869,True,Low
1,1,0.9197072,True,High
0,0,0.007219502,True,Low
0,0,0.024078252,True,Low
1,1,0.98151004,True,High
0,1,0.9661113,False,High
0,0,0.046668537,True,Low
1,1,0.9933842,True,High
0,0,0.11978212,True,Low
0,0,0.03031008,True,Low
1,1,0.99688774,True,High
1,1,0.9990501,True,High
1,1,0.99369663,True,High
1,1,0.9997911,True,High
0,0,0.17900729,True,Low
0,0,0.015665127,True,Low
1,1,0.9673679,True,High
0,0,0.015755378,True,Low
1,1,0.9799643,True,High
0,0,0.09671194,True,Low
1,1,0.9943402,True,High
1,1,0.9981048,True,High
1,1,0.986694,True,High
1,1,0.98737365,True,High
1,1,0.99853635,True,High
1,1,0.5747214,True,Medium
1,1,0.6575428,True,Medium
1,1,0.9998965,True,High
1,1,0.9772723,True,High
0,0,0.03423924,True,Low
0,0,0.011516538,True,Low
1,1,0.9716529,True,High
1,1,0.98706484,True,High
1,1,0.9939666,True,High
1,1,0.996854,True,High
0,0,0.03323442,True,Low
1,1,0.9927128,True,High
1,1,0.999803,True,High
0,0,0.049301505,True,Low
0,0,0.05251153,True,Low
1,1,0.99102235,True,High
1,1,0.99982375,True,High
0,1,0.8741274,False,High
1,1,0.99836963,True,High
1,1,0.9674667,True,High
1,1,0.98999196,True,High
1,1,0.9955929,True,High
0,0,0.017623615,True,Low
0,0,0.0342364,True,Low
0,0,0.07761158,True,Low
0,0,0.05073591,True,Low
0,1,0.69317806,False,Medium
0,0,0.045499355,True,Low
1,1,0.99977666,True,High
0,0,0.049450446,True,Low
0,0,0.018353099,True,Low
0,0,0.03913738,True,Low
0,0,0.05095721,True,Low
0,0,0.018145561,True,Low
0,0,0.026601508,True,Low
1,1,0.9962435,True,High
0,0,0.027578427,True,Low
1,1,0.99804723,True,High
0,0,0.040229473,True,Low
1,1,0.99987066,True,High
1,1,0.99453676,True,High
1,1,0.986497,True,High
1,1,0.9216791,True,High
0,0,0.011904187,True,Low
1,1,0.9851644,True,High
1,1,0.99938285,True,High
1,1,0.9663376,True,High
0,0,0.040171664,True,Low
0,0,0.025828188,True,Low
0,1,0.91916656,False,High
1,1,0.99986124,True,High
1,1,0.95408183,True,High
0,0,0.03620409,True,Low
0,0,0.012337536,True,Low
0,1,0.57992256,False,Medium
1,1,0.9998678,True,High
1,1,0.9781943,True,High
0,0,0.34667057,True,Medium
0,0,0.025856597,True,Low
1,1,0.9954796,True,High
1,1,0.9853784,True,High
0,0,0.20779878,True,Low
0,0,0.07944636,True,Low
0,0,0.082197465,True,Low
1,1,0.99714416,True,High
1,1,0.9774115,True,High
0,0,0.012263557,True,Low
0,1,0.94086325,False,High
1,1,0.99275947,True,High
0,0,0.037734516,True,Low
0,0,0.02839734,True,Low
1,1,0.9226779,True,High
0,0,0.018292356,True,Low
1,1,0.98253447,True,High
1,1,0.9972549,True,High
0,0,0.33856004,True,Medium
1,1,0.9040946,True,High
1,1,0.9831619,True,High
1,1,0.9990441,True,High
1,1,0.9986407,True,High
0,0,0.041054793,True,Low
1,1,0.8016643,True,High
0,0,0.04737686,True,Low
0,0,0.024952654,True,Low
0,0,0.041030563,True,Low
0,0,0.18930867,True,Low
1,1,0.9963085,True,High
0,1,0.57763106,False,Medium
1,1,0.99535793,True,High
1,1,0.9996629,True,High
0,0,0.049917858,True,Low
0,0,0.030855397,True,Low
0,0,0.025669735,True,Low
0,0,0.016600432,True,Low
1,1,0.99794203,True,High
1,1,0.9990287,True,High
0,0,0.06374133,True,Low
0,0,0.0030357116,True,Low
1,1,0.9974956,True,High
0,0,0.079695396,True,Low
1,1,0.99988747,True,High
0,0,0.04863222,True,Low
1,1,0.9683507,True,High
1,1,0.9994442,True,High
1,1,0.5613868,True,Medium
1,1,0.9960335,True,High
0,0,0.0309141,True,Low
0,0,0.04502688,True,Low
0,0,0.06389073,True,Low
1,1,0.965403,True,High
1,1,0.9999025,True,High
1,1,0.76970816,True,High
1,1,0.96208656,True,High
1,1,0.7855105,True,High
0,0,0.0854045,True,Low
0,0,0.02519112,True,Low
1,1,0.96972984,True,High
1,1,0.9995716,True,High
0,0,0.026238928,True,Low
0,0,0.011003945,True,Low
1,1,0.99974877,True,High
1,0,0.45920327,False,Medium
0,0,0.0219563,True,Low
1,1,0.99361575,True,High
1,1,0.9878885,True,High
1,1,0.6646848,True,Medium
1,1,0.999775,True,High
1,1,0.9991399,True,High
0,0,0.021258773,True,Low
1,1,0.99386746,True,High
0,0,0.011374699,True,Low
0,0,0.08180342,True,Low
1,1,0.9917502,True,High
1,1,0.9962358,True,High
0,0,0.07907877,True,Low
1,1,0.91956586,True,High
0,0,0.009382697,True,Low
1,1,0.9977174,True,High
1,1,0.99742234,True,High
1,1,0.9774086,True,High
0,0,0.004117036,True,Low
0,0,0.033266865,True,Low
1,1,0.991442,True,High
1,1,0.95715064,True,High
0,0,0.053120423,True,Low
0,0,0.029119741,True,Low
1,1,0.9832335,True,High
1,1,0.99794513,True,High
0,1,0.6262885,False,Medium
1,1,0.998495,True,High
0,0,0.060937963,True,Low
0,0,0.037587665,True,Low
1,1,0.97358423,True,High
0,0,0.06326787,True,Low
0,0,0.3370922,True,Medium
1,1,0.99850583,True,High
0,0,0.06398296,True,Low
0,0,0.022124615,True,Low
1,1,0.99132454,True,High
1,1,0.9990779,True,High
0,1,0.64824736,False,Medium
0,0,0.04012778,True,Low
0,0,0.09364584,True,Low
0,0,0.28994766,True,Low
1,1,0.997905,True,High
1,1,0.99570566,True,High
0,0,0.028651953,True,Low
0,0,0.021687882,True,Low
1,0,0.025402045,False,Low
1,1,0.99929845,True,High
0,0,0.072840855,True,Low
1,1,0.9869832,True,High
1,1,0.9911159,True,High
1,1,0.9979309,True,High
1,1,0.9978563,True,High
1,1,0.9977816,True,High
1,1,0.99461716,True,High
0,0,0.024946587,True,Low
0,0,0.15268332,True,Low
0,0,0.02435148,True,Low
1,1,0.99972004,True,High
1,1,0.86253124,True,High
1,1,0.9527634,True,High
0,0,0.06136827,True,Low
1,1,0.9997993,True,High
1,1,0.99956995,True,High
0,1,0.980601,False,High
0,1,0.86192507,False,High
1,1,0.9905736,True,High
0,0,0.036766224,True,Low
0,0,0.03758042,True,Low
0,0,0.016985724,True,Low
1,1,0.99977046,True,High
0,0,0.026113104,True,Low
1,1,0.9905077,True,High
1,1,0.7811005,True,High
0,0,0.058744498,True,Low
0,0,0.026501482,True,Low
1,0,0.036746908,False,Low
0,0,0.009851963,True,Low
1,0,0.22511394,False,Low
0,1,0.7931521,False,High
1,1,0.76155627,True,High
0,0,0.06419318,True,Low
0,0,0.03489397,True,Low
0,0,0.13632716,True,Low
1,1,0.9950001,True,High
1,1,0.9952609,True,High
1,1,0.9997662,True,High
0,0,0.014346859,True,Low
1,1,0.8496887,True,High
1,1,0.9968568,True,High
0,0,0.04639466,True,Low
0,0,0.043193452,True,Low
1,1,0.950507,True,High
0,0,0.045292582,True,Low
0,0,0.1869678,True,Low
1,1,0.9987546,True,High
0,0,0.021289527,True,Low
0,0,0.35540527,True,Medium
0,0,0.30022287,True,Medium
1,1,0.9947103,True,High
0,0,0.0801262,True,Low
1,1,0.59895563,True,Medium
1,1,0.9093215,True,High
1,1,0.9997634,True,High
1,1,0.8946963,True,High
1,1,0.9948043,True,High
0,0,0.02528312,True,Low
1,1,0.97885644,True,High
0,0,0.03476126,True,Low
0,0,0.013454306,True,Low
0,0,0.025850406,True,Low
1,1,0.9831165,True,High
1,1,0.9971527,True,High
1,1,0.99973756,True,High
0,0,0.01997672,True,Low
1,1,0.99969995,True,High
0,0,0.055900604,True,Low
0,0,0.018837769,True,Low
0,0,0.041412696,True,Low
0,0,0.05306436,True,Low
0,0,0.06384809,True,Low
1,1,0.9901883,True,High
1,1,0.9999628,True,High
1,1,0.9977609,True,High
0,0,0.018980803,True,Low
0,0,0.45878166,True,Medium
1,1,0.99968755,True,High
1,1,0.9965565,True,High
0,0,0.13894603,True,Low
1,1,0.9907486,True,High
1,1,0.9958528,True,High
1,1,0.9829958,True,High
0,0,0.038433604,True,Low
1,1,0.9997856,True,High
1,1,0.99986565,True,High
0,1,0.99710685,False,High
1,1,0.9392619,True,High
0,0,0.01733468,True,Low
1,0,0.42799073,False,Medium
1,1,0.98914474,True,High
0,0,0.0069027594,True,Low
0,0,0.012715757,True,Low
1,1,0.9744167,True,High
0,0,0.07307816,True,Low
0,0,0.025410801,True,Low
1,0,0.11887623,False,Low
1,1,0.98964465,True,High
1,1,0.8306324,True,High
0,0,0.028556757,True,Low
1,1,0.9987978,True,High
1,1,0.99773717,True,High
0,0,0.05830471,True,Low
1,1,0.999388,True,High
0,0,0.21739237,True,Low
1,1,0.9972257,True,High
0,0,0.22862947,True,Low
0,0,0.022075966,True,Low
0,0,0.036311924,True,Low
1,1,0.98129994,True,High
0,0,0.048918165,True,Low
0,0,0.02226979,True,Low
0,0,0.011058515,True,Low
0,0,0.019776741,True,Low
0,0,0.040781744,True,Low
1,1,0.99920577,True,High
1,1,0.99083674,True,High
0,0,0.010781567,True,Low
1,1,0.8098591,True,High
1,1,0.99889994,True,High
0,0,0.016536813,True,Low
0,0,0.022219725,True,Low
1,0,0.06710194,False,Low
0,0,0.13104694,True,Low
1,1,0.8785732,True,High
0,0,0.07030602,True,Low
1,1,0.999418,True,High
1,1,0.99353105,True,High
0,0,0.02576787,True,Low
1,1,0.96809846,True,High
0,0,0.08662958,True,Low
1,1,0.9999559,True,High
1,1,0.9968658,True,High
0,0,0.00999662,True,Low
1,1,0.9965144,True,High
0,0,0.05635609,True,Low
0,0,0.050170276,True,Low
0,0,0.02880294,True,Low
0,1,0.6734783,False,Medium
1,1,0.83264834,True,High
1,1,0.9999715,True,High
1,1,0.9991856,True,High
1,1,0.99915564,True,High
1,1,0.9986945,True,High
0,0,0.015686147,True,Low
1,1,0.6611566,True,Medium
1,1,0.9983576,True,High
0,0,0.022593651,True,Low
1,0,0.34877333,False,Medium
1,1,0.9996182,True,High
0,0,0.034980677,True,Low
0,0,0.057054874,True,Low
1,1,0.68990743,True,Medium
1,0,0.13885042,False,Low
0,0,0.062146924,True,Low
0,0,0.11863049,True,Low
1,1,0.9913701,True,High
0,0,0.21146592,True,Low
1,1,0.99806505,True,High
1,1,0.99950266,True,High
1,1,0.51872414,True,Medium
1,1,0.7486152,True,High
0,0,0.033857767,True,Low
0,0,0.013972998,True,Low
1,1,0.9998011,True,High
0,0,0.017395752,True,Low
0,0,0.15474187,True,Low
0,0,0.021482382,True,Low
0,0,0.015862897,True,Low
1,1,0.98664945,True,High
0,0,0.0213864,True,Low
0,1,0.7538362,False,High
0,0,0.009964542,True,Low
0,0,0.040152725,True,Low
0,0,0.012541737,True,Low
0,0,0.010877551,True,Low
1,1,0.9714379,True,High
1,1,0.9884266,True,High
1,1,0.9906713,True,High
1,1,0.93215144,True,High
0,0,0.11388415,True,Low
0,0,0.06492768,True,Low
0,0,0.025467012,True,Low
1,1,0.68722093,True,Medium
1,1,0.99873346,True,High
0,0,0.016869104,True,Low
0,0,0.025651472,True,Low
1,1,0.99453497,True,High
1,1,0.9999628,True,High
0,0,0.06903295,True,Low
1,1,0.9993449,True,High
1,1,0.9997811,True,High
1,1,0.57111377,True,Medium
0,0,0.04083038,True,Low
0,0,0.14402328,True,Low
0,0,0.00823489,True,Low
1,1,0.9959437,True,High
0,0,0.029001852,True,Low
0,0,0.014450541,True,Low
0,0,0.009219683,True,Low
1,1,0.9780894,True,High
0,0,0.06434724,True,Low
0,0,0.044216257,True,Low
1,0,0.40458465,False,Medium
0,0,0.03514741,True,Low
1,1,0.9920318,True,High
0,1,0.8347093,False,High
0,0,0.03953017,True,Low
1,1,0.97588694,True,High
1,1,0.99687755,True,High
0,1,0.62879246,False,Medium
0,0,0.25118515,True,Low
1,1,0.9996306,True,High
0,0,0.027677348,True,Low
0,0,0.03988039,True,Low
0,0,0.034340817,True,Low
0,0,0.14807628,True,Low
1,1,0.9893483,True,High
1,1,0.9996101,True,High
1,1,0.9983651,True,High
0,0,0.06649647,True,Low
0,0,0.031722736,True,Low
1,1,0.9977374,True,High
0,0,0.079635,True,Low
0,0,0.059750985,True,Low
0,0,0.010031592,True,Low
0,0,0.0028778103,True,Low
1,1,0.9947137,True,High
1,0,0.422672,False,Medium
1,1,0.8638807,True,High
1,1,0.56966317,True,Medium
0,0,0.07010468,True,Low
1,1,0.96891874,True,High
1,1,0.99988484,True,High
0,0,0.18163966,True,Low
1,1,0.9960906,True,High
0,0,0.027448788,True,Low
0,1,0.653813,False,Medium
1,1,0.9741253,True,High
0,0,0.13654643,True,Low
0,0,0.04996019,True,Low
0,0,0.014532103,True,Low
0,0,0.12808968,True,Low
1,1,0.7926013,True,High
1,1,0.9973871,True,High
0,0,0.019083658,True,Low
1,1,0.9950889,True,High
1,1,0.9945314,True,High
0,0,0.058060296,True,Low
1,0,0.4749133,False,Medium
1,1,0.99783844,True,High
0,0,0.10113177,True,Low
0,1,0.8573489,False,High
0,0,0.021190563,True,Low
1,1,0.9534308,True,High
1,0,0.016457466,False,Low
1,1,0.99746716,True,High
0,0,0.042338926,True,Low
1,1,0.7533758,True,High
0,0,0.02104101,True,Low
1,1,0.63561773,True,Medium
1,1,0.8234348,True,High
0,0,0.019150356,True,Low
1,1,0.9930917,True,High
0,0,0.015131552,True,Low
1,1,0.9987626,True,High
0,0,0.020304041,True,Low
1,1,0.96299964,True,High
1,1,0.99916136,True,High
1,1,0.8634922,True,High
0,0,0.09539721,True,Low
0,0,0.018448928,True,Low
1,1,0.80717987,True,High
1,1,0.99984014,True,High
1,1,0.9954094,True,High
1,1,0.9997547,True,High
1,1,0.9911479,True,High
1,1,0.99161303,True,High
1,0,0.14406508,False,Low
1,1,0.9655132,True,High
1,1,0.9987074,True,High
0,0,0.031831436,True,Low
0,0,0.0137755005,True,Low
1,1,0.8611086,True,High
1,1,0.9968991,True,High
0,0,0.041230574,True,Low
1,0,0.113206245,False,Low
1,1,0.9998198,True,High
1,1,0.9962076,True,High
0,0,0.08964302,True,Low
0,0,0.030174006,True,Low
1,1,0.9986992,True,High
0,0,0.056402545,True,Low
1,1,0.9292864,True,High
1,1,0.98897564,True,High
1,1,0.99820983,True,High
0,0,0.003835157,True,Low
1,1,0.99971515,True,High
1,1,0.95233375,True,High
1,1,0.99182457,True,High
0,0,0.022553334,True,Low
1,1,0.83729166,True,High
1,1,0.9994267,True,High
1,1,0.9982376,True,High
0,0,0.030795781,True,Low
0,0,0.0049961316,True,Low
0,0,0.017471118,True,Low
1,1,0.9998171,True,High
0,0,0.056068804,True,Low
1,1,0.9976555,True,High
1,1,0.9969688,True,High
1,1,0.99805886,True,High
0,0,0.053221885,True,Low
0,0,0.041920334,True,Low
1,1,0.9748682,True,High
0,0,0.05384616,True,Low
0,0,0.046190843,True,Low
1,0,0.16547263,False,Low
1,1,0.99926,True,High
1,1,0.99984324,True,High
1,1,0.9995975,True,High
0,0,0.0054992614,True,Low
0,0,0.14798668,True,Low
0,0,0.04942012,True,Low
1,1,0.82547987,True,High
1,1,0.99781585,True,High
1,1,0.99753964,True,High
1,1,0.9418023,True,High
1,1,0.99929655,True,High
1,1,0.99965703,True,High
0,0,0.01987985,True,Low
0,0,0.025557648,True,Low
0,0,0.01634558,True,Low
1,1,0.99878794,True,High
1,1,0.9607285,True,High
0,1,0.7719572,False,High
0,0,0.16689552,True,Low
0,0,0.13957386,True,Low
0,0,0.13087134,True,Low
1,1,0.97650087,True,High
1,1,0.9979208,True,High
0,0,0.03765173,True,Low
0,0,0.046833027,True,Low
0,0,0.012318985,True,Low
0,0,0.046180308,True,Low
0,0,0.090392224,True,Low
0,0,0.061206732,True,Low
0,0,0.016704516,True,Low
0,0,0.012475757,True,Low
1,1,0.7499308,True,High
0,0,0.0056792255,True,Low
0,0,0.09415234,True,Low
1,0,0.16991603,False,Low
1,1,0.9979278,True,High
0,0,0.37773883,True,Medium
1,0,0.28052,False,Low
0,0,0.32324836,True,Medium
1,1,0.9935088,True,High
1,0,0.46169844,False,Medium
1,1,0.96844065,True,High
1,1,0.99936575,True,High
1,1,0.9616313,True,High
1,1,0.99735355,True,High
1,1,0.9987509,True,High
1,1,0.9997913,True,High
1,1,0.99737394,True,High
1,1,0.9971221,True,High
1,1,0.94540584,True,High
1,1,0.8827406,True,High
0,0,0.118325986,True,Low
1,0,0.27060443,False,Low
1,1,0.7418913,True,High
1,1,0.9999646,True,High
1,1,0.9856228,True,High
1,1,0.99665123,True,High
0,0,0.071936965,True,Low
1,1,0.9999093,True,High
1,1,0.9994318,True,High
0,0,0.013931093,True,Low
0,0,0.027662715,True,Low
0,0,0.06416208,True,Low
1,1,0.999724,True,High
0,0,0.43630946,True,Medium
0,0,0.034499057,True,Low
1,1,0.85282105,True,High
0,0,0.05192733,True,Low
0,0,0.034595054,True,Low
1,1,0.99775356,True,High
1,1,0.99905294,True,High
0,0,0.07679044,True,Low
1,1,0.98399585,True,High
1,1,0.99755174,True,High
1,1,0.7735076,True,High
0,0,0.02179579,True,Low
1,1,0.97906876,True,High
1,1,0.97007823,True,High
0,0,0.040640958,True,Low
0,0,0.022690395,True,Low
0,0,0.022608511,True,Low
1,1,0.99986696,True,High
1,1,0.9952549,True,High
0,1,0.558392,False,Medium
1,1,0.9979012,True,High
1,1,0.8723597,True,High
1,1,0.9956273,True,High
0,0,0.12052688,True,Low
1,1,0.9998896,True,High
1,1,0.9947772,True,High
1,1,0.9986393,True,High
1,1,0.9985537,True,High
0,0,0.06410396,True,Low
1,1,0.99791366,True,High
1,1,0.9983773,True,High
1,1,0.969649,True,High
1,1,0.91815203,True,High
0,0,0.074972786,True,Low
1,1,0.99626654,True,High
0,0,0.014781253,True,Low
0,0,0.02134574,True,Low
1,1,0.9705451,True,High
0,0,0.0052216263,True,Low
0,0,0.07595804,True,Low
0,0,0.047077212,True,Low
1,0,0.08350213,False,Low
1,1,0.9937457,True,High
1,1,0.99910885,True,High
1,1,0.9952427,True,High
1,1,0.9161868,True,High
0,0,0.009880737,True,Low
1,0,0.14649251,False,Low
0,0,0.036354642,True,Low
1,1,0.9999125,True,High
1,1,0.8523712,True,High
1,1,0.99912554,True,High
1,1,0.86842906,True,High
1,1,0.9998085,True,High
1,1,0.97253925,True,High
0,0,0.0785375,True,Low
1,1,0.99300146,True,High
1,1,0.98932624,True,High
1,1,0.9554544,True,High
1,1,0.9988524,True,High
0,0,0.03665996,True,Low
1,1,0.9994943,True,High
0,0,0.048858933,True,Low
1,1,0.99336666,True,High
0,0,0.026685294,True,Low
0,0,0.03129033,True,Low
1,1,0.9991667,True,High
1,1,0.9971859,True,High
0,0,0.05423933,True,Low
1,1,0.99782014,True,High
1,1,0.96327156,True,High
1,1,0.9956982,True,High
0,0,0.0454628,True,Low
0,0,0.048189215,True,Low
0,0,0.010437301,True,Low
1,1,0.9955824,True,High
1,1,0.999882,True,High
0,0,0.33132893,True,Medium
0,0,0.07529711,True,Low
1,0,0.10593587,False,Low
1,1,0.9992693,True,High
1,1,0.9993925,True,High
1,1,0.99993706,True,High
1,1,0.9971565,True,High
0,0,0.01828496,True,Low
0,0,0.08077896,True,Low
1,1,0.9167733,True,High
1,1,0.99957913,True,High
1,0,0.24555533,False,Low
1,1,0.99983835,True,High
0,0,0.099185996,True,Low
1,0,0.4140468,False,Medium
0,0,0.065391935,True,Low
1,1,0.9997924,True,High
0,0,0.1188674,True,Low
1,0,0.36315215,False,Medium
0,0,0.07033111,True,Low
1,1,0.92208403,True,High
0,0,0.017550092,True,Low
1,1,0.9998555,True,High
1,1,0.9991479,True,High
0,0,0.031214943,True,Low
0,0,0.015225253,True,Low
1,1,0.99988174,True,High
0,0,0.043604698,True,Low
1,1,0.9991374,True,High
0,0,0.061060198,True,Low
0,0,0.019049078,True,Low
1,1,0.775825,True,High
0,0,0.02391829,True,Low
0,0,0.06390562,True,Low
1,1,0.9822077,True,High
1,1,0.9777854,True,High
0,0,0.1269798,True,Low
0,0,0.047745716,True,Low
0,0,0.1354416,True,Low
1,1,0.9582904,True,High
1,1,0.9966266,True,High
0,0,0.45935094,True,Medium
1,1,0.6192732,True,Medium
1,1,0.994177,True,High
0,0,0.011566525,True,Low
1,1,0.9885865,True,High
1,0,0.22770597,False,Low
0,0,0.037169997,True,Low
1,1,0.99550265,True,High
1,1,0.9999372,True,High
1,1,0.99669504,True,High
0,0,0.049136247,True,Low
0,0,0.053389914,True,Low
0,0,0.05190161,True,Low
0,0,0.057171453,True,Low
0,1,0.69570667,False,Medium
0,0,0.07964912,True,Low
0,0,0.19849597,True,Low
0,0,0.020629691,True,Low
1,1,0.9862599,True,High
0,0,0.023006473,True,Low
1,0,0.4143882,False,Medium
1,1,0.98547226,True,High
0,0,0.074964225,True,Low
1,1,0.99728155,True,High
1,1,0.99829155,True,High
1,1,0.99755174,True,High
1,1,0.51253426,True,Medium
0,0,0.05035939,True,Low
1,0,0.1464923,False,Low
0,0,0.22085845,True,Low
1,1,0.98943454,True,High
1,1,0.987949,True,High
0,0,0.034556948,True,Low
1,1,0.9993042,True,High
0,1,0.8944699,False,High
1,1,0.967271,True,High
1,1,0.99948454,True,High
0,0,0.033665076,True,Low
1,1,0.99972016,True,High
0,0,0.021258773,True,Low
1,1,0.96028876,True,High
1,1,0.6086852,True,Medium
0,0,0.1457961,True,Low
0,0,0.016485617,True,Low
0,0,0.0581131,True,Low
0,0,0.00876778,True,Low
0,0,0.034813512,True,Low
1,1,0.91742915,True,High
0,0,0.02173033,True,Low
1,1,0.999884,True,High
1,0,0.04679296,False,Low
0,0,0.027683929,True,Low
0,0,0.029426705,True,Low
0,0,0.007986453,True,Low
1,1,0.98714,True,High
0,0,0.29604185,True,Low
0,0,0.026847089,True,Low
0,0,0.05788241,True,Low
0,0,0.05518642,True,Low
1,0,0.11181512,False,Low
1,1,0.9950858,True,High
1,0,0.07612471,False,Low
1,1,0.9952884,True,High
1,1,0.9900635,True,High
1,1,0.9958872,True,High
1,1,0.99968326,True,High
1,1,0.9990319,True,High
1,1,0.99658126,True,High
1,1,0.99910706,True,High
0,0,0.006656932,True,Low
0,1,0.8188045,False,High
1,1,0.996128,True,High
0,0,0.0864904,True,Low
1,1,0.99927455,True,High
1,1,0.9945792,True,High
0,0,0.01710817,True,Low
1,1,0.99980336,True,High
0,0,0.016790377,True,Low
0,0,0.18029971,True,Low
1,0,0.13237493,False,Low
0,0,0.060320966,True,Low
0,0,0.038954213,True,Low
0,0,0.05544298,True,Low
1,1,0.95740527,True,High
1,1,0.99248874,True,High
1,1,0.98838776,True,High
0,0,0.023506586,True,Low
1,1,0.7125735,True,High
0,0,0.055316295,True,Low
1,1,0.8081791,True,High
0,0,0.025124593,True,Low
1,1,0.9986933,True,High
1,1,0.98948413,True,High
1,1,0.99611604,True,High
0,0,0.067003176,True,Low
0,0,0.18220091,True,Low
0,0,0.040677376,True,Low
0,0,0.027342463,True,Low
0,0,0.021258773,True,Low
1,1,0.99279296,True,High
1,1,0.9990983,True,High
1,1,0.9973018,True,High
0,0,0.023755206,True,Low
1,1,0.99480826,True,High
1,1,0.8827696,True,High
1,1,0.9149557,True,High
1,1,0.8685373,True,High
1,1,0.96478647,True,High
0,0,0.039943185,True,Low
0,0,0.02216751,True,Low
1,1,0.99274457,True,High
1,1,0.9925182,True,High
1,1,0.9999727,True,High
0,0,0.01681051,True,Low
1,1,0.99976677,True,High
0,0,0.033855505,True,Low
0,0,0.055781424,True,Low
1,1,0.8593759,True,High
1,1,0.9979012,True,High
1,1,0.9998167,True,High
0,0,0.016332166,True,Low
0,0,0.004106566,True,Low
0,0,0.09223697,True,Low
0,0,0.0097735515,True,Low
1,1,0.99051136,True,High
0,0,0.105909206,True,Low
1,1,0.95203644,True,High
1,1,0.9641463,True,High
1,1,0.98294353,True,High
0,0,0.25664026,True,Low
0,1,0.930325,False,High
0,0,0.012964955,True,Low
1,1,0.9801501,True,High
1,1,0.8593967,True,High
1,1,0.96566206,True,High
1,1,0.9946849,True,High
0,0,0.0471878,True,Low
1,1,0.99819285,True,High
0,0,0.02493069,True,Low
1,1,0.9971834,True,High
0,0,0.22219792,True,Low
0,0,0.032604076,True,Low
1,1,0.9997255,True,High
1,1,0.99556243,True,High
0,1,0.82658273,False,High
1,1,0.9960543,True,High
0,0,0.08340074,True,Low
0,0,0.009329539,True,Low
1,1,0.9982439,True,High
1,1,0.9955302,True,High
0,0,0.10131765,True,Low
0,0,0.03929275,True,Low
1,1,0.5812029,True,Medium
1,1,0.9505799,True,High
1,1,0.9593007,True,High
0,0,0.05079524,True,Low
0,1,0.5992668,False,Medium
1,1,0.99428046,True,High
1,1,0.99705505,True,High
1,1,0.9431482,True,High
1,1,0.85286313,True,High
0,1,0.6143101,False,Medium
1,1,0.9999342,True,High
0,0,0.035096854,True,Low
1,1,0.9968881,True,High
1,1,0.99785054,True,High
0,0,0.4520786,True,Medium
0,1,0.98132783,False,High
0,0,0.08635821,True,Low
0,0,0.007431393,True,Low
0,0,0.024272844,True,Low
1,1,0.9988851,True,High
0,0,0.049421508,True,Low
0,0,0.069322735,True,Low
1,1,0.99448144,True,High
1,1,0.9995515,True,High
1,1,0.9961249,True,High
0,0,0.018664118,True,Low
1,1,0.9990545,True,High
1,1,0.9900675,True,High
0,0,0.105827115,True,Low
1,1,0.9998946,True,High
1,1,0.9794741,True,High
0,0,0.047373865,True,Low
0,0,0.04385954,True,Low
1,1,0.9997737,True,High
0,0,0.011395577,True,Low
1,1,0.9922941,True,High
1,1,0.9967964,True,High
0,0,0.014487435,True,Low
1,1,0.9610139,True,High
1,1,0.99560624,True,High
0,0,0.0741316,True,Low
1,1,0.9973182,True,High
1,1,0.9959959,True,High
0,0,0.0150911715,True,Low
1,1,0.9967114,True,High
0,0,0.022734346,True,Low
0,0,0.14088888,True,Low
0,0,0.019797903,True,Low
0,0,0.05205769,True,Low
1,1,0.99975914,True,High
0,0,0.08205502,True,Low
1,1,0.99848926,True,High
0,0,0.013298329,True,Low
0,0,0.011586812,True,Low
1,1,0.9885034,True,High
1,1,0.99127555,True,High
1,1,0.99624395,True,High
0,0,0.09674537,True,Low
1,1,0.9716489,True,High
0,0,0.18159275,True,Low
0,1,0.9189314,False,High
0,0,0.019080305,True,Low
1,1,0.9682575,True,High
0,0,0.06369712,True,Low
1,1,0.9018167,True,High
0,0,0.09153473,True,Low
0,0,0.015385836,True,Low
0,0,0.026098393,True,Low
1,1,0.99981934,True,High
0,0,0.038822588,True,Low
0,0,0.060598355,True,Low
0,0,0.040196106,True,Low
1,1,0.9679087,True,High
1,1,0.99992573,True,High
1,1,0.9945187,True,High
1,1,0.98853976,True,High
0,0,0.028245497,True,Low
0,0,0.03137903,True,Low
0,0,0.3837759,True,Medium
0,0,0.019918913,True,Low
1,1,0.99442405,True,High
1,1,0.9938352,True,High
1,1,0.9997857,True,High
0,0,0.057107396,True,Low
1,1,0.9996842,True,High
1,1,0.9912717,True,High
1,1,0.99731976,True,High
0,1,0.7328649,False,High
0,0,0.047021925,True,Low
1,1,0.9086022,True,High
1,1,0.99843913,True,High
1,1,0.9966137,True,High
0,0,0.02309133,True,Low
1,1,0.92378664,True,High
0,0,0.05854248,True,Low
1,1,0.99889046,True,High
0,0,0.094393246,True,Low
1,0,0.21276498,False,Low
1,1,0.9720519,True,High
0,0,0.1183593,True,Low
1,1,0.9999125,True,High
0,0,0.13568422,True,Low
0,0,0.014477295,True,Low
1,1,0.57831436,True,Medium
1,1,0.99984527,True,High
0,0,0.04951139,True,Low
0,0,0.067794226,True,Low
1,1,0.9987955,True,High
1,1,0.67060095,True,Medium
1,1,0.94198805,True,High
1,1,0.99918884,True,High
0,0,0.10233352,True,Low
0,0,0.02716211,True,Low
0,0,0.071446255,True,Low
0,0,0.23450254,True,Low
1,1,0.9987502,True,High
1,1,0.9998859,True,High
0,0,0.07420716,True,Low
0,0,0.207386,True,Low
0,0,0.054782737,True,Low
1,1,0.9946514,True,High
0,0,0.015221866,True,Low
0,0,0.051595595,True,Low
0,0,0.025515761,True,Low
0,0,0.11067146,True,Low
1,1,0.989021,True,High
1,0,0.011282737,False,Low
0,0,0.016554171,True,Low
0,0,0.20871848,True,Low
0,0,0.31793353,True,Medium
1,1,0.9916272,True,High
1,1,0.9959705,True,High
0,0,0.019357229,True,Low
1,1,0.9994941,True,High
1,1,0.9998259,True,High
1,1,0.84008205,True,High
1,1,0.9974613,True,High
1,1,0.99873227,True,High
0,0,0.109003335,True,Low
0,0,0.012708492,True,Low
0,1,0.5468255,False,Medium
0,0,0.25561675,True,Low
1,1,0.9989587,True,High
1,1,0.99201363,True,High
1,1,0.9993179,True,High
0,0,0.020139832,True,Low
1,1,0.9956052,True,High
1,1,0.9997197,True,High
1,1,0.9809269,True,High
1,1,0.9936289,True,High
0,0,0.030832494,True,Low
0,0,0.031460214,True,Low
0,0,0.012458726,True,Low
0,0,0.13605717,True,Low
1,1,0.95760334,True,High
0,0,0.052101053,True,Low
1,1,0.9926483,True,High
1,1,0.999549,True,High
1,1,0.9998857,True,High
0,0,0.045890354,True,Low
1,1,0.9917755,True,High
0,0,0.015103963,True,Low
1,1,0.98692375,True,High
1,1,0.96596867,True,High
1,1,0.9869745,True,High
0,0,0.0663811,True,Low
1,1,0.99473405,True,High
1,1,0.99855024,True,High
0,0,0.3765287,True,Medium
1,1,0.99940526,True,High
1,1,0.9940507,True,High
0,0,0.021628097,True,Low
0,0,0.09567116,True,Low
0,0,0.037104487,True,Low
0,0,0.016895473,True,Low
0,1,0.7439563,False,High
1,1,0.9663814,True,High
0,0,0.059147622,True,Low
1,1,0.9973036,True,High
0,0,0.014579324,True,Low
1,1,0.96219045,True,High
0,0,0.37589815,True,Medium
1,1,0.9707802,True,High
0,0,0.22702149,True,Low
1,1,0.99517065,True,High
1,1,0.9946526,True,High
0,1,0.69532996,False,Medium
1,1,0.99044985,True,High
1,1,0.9974989,True,High
1,1,0.9932633,True,High
0,0,0.08990728,True,Low
1,1,0.99036586,True,High
1,1,0.9095731,True,High
0,0,0.009685417,True,Low
1,0,0.05076489,False,Low
0,0,0.3741234,True,Medium
1,1,0.9750387,True,High
0,0,0.024257163,True,Low
1,1,0.9987452,True,High
0,0,0.0214009,True,Low
1,1,0.99832505,True,High
0,0,0.058862507,True,Low
1,1,0.9970868,True,High
0,0,0.027476184,True,Low
0,0,0.007901955,True,Low
0,0,0.06450906,True,Low
0,0,0.091318145,True,Low
1,1,0.924287,True,High
0,0,0.038476672,True,Low
1,1,0.999795,True,High
0,0,0.038603283,True,Low
0,0,0.060991295,True,Low
1,1,0.9991924,True,High
0,0,0.024496581,True,Low
1,1,0.9793427,True,High
1,1,0.9999256,True,High
0,0,0.06253876,True,Low
1,1,0.8483179,True,High
1,1,0.99871385,True,High
1,1,0.99653506,True,High
1,1,0.9984553,True,High
1,1,0.98105216,True,High
1,1,0.9978296,True,High
0,0,0.026656484,True,Low
1,1,0.9858284,True,High
1,1,0.86548066,True,High
1,1,0.9999316,True,High
1,1,0.9995036,True,High
1,1,0.989585,True,High
1,1,0.99991786,True,High
0,0,0.09985553,True,Low
0,0,0.012175853,True,Low
1,1,0.89052707,True,High
1,1,0.9998085,True,High
0,0,0.3049828,True,Medium
1,1,0.99974877,True,High
1,1,0.9350291,True,High
0,0,0.011347641,True,Low
1,1,0.999762,True,High
0,0,0.04003903,True,Low
1,1,0.9997538,True,High
1,1,0.9165817,True,High
1,1,0.9872723,True,High
0,0,0.030415501,True,Low
0,0,0.006720576,True,Low
1,1,0.9957497,True,High
0,0,0.025839815,True,Low
1,1,0.99123985,True,High
1,1,0.9825649,True,High
1,1,0.8584427,True,High
0,0,0.090355724,True,Low
1,1,0.97497886,True,High
0,0,0.025859568,True,Low
1,1,0.8291971,True,High
0,0,0.010835567,True,Low
0,0,0.12725884,True,Low
1,1,0.9991103,True,High
0,0,0.018054202,True,Low
0,0,0.012731606,True,Low
1,1,0.99956876,True,High
1,1,0.9826816,True,High
0,0,0.14805295,True,Low
1,1,0.9719008,True,High
1,1,0.9746923,True,High
0,0,0.036121543,True,Low
1,1,0.99896,True,High
1,1,0.9956013,True,High
0,0,0.18808354,True,Low
0,0,0.42002162,True,Medium
0,0,0.018874958,True,Low
0,0,0.021574236,True,Low
0,0,0.045229077,True,Low
0,0,0.12507345,True,Low
1,1,0.99991584,True,High
0,0,0.07569676,True,Low
0,0,0.027347205,True,Low
0,0,0.02411928,True,Low
1,1,0.99285215,True,High
0,0,0.007944169,True,Low
0,0,0.0261469,True,Low
0,0,0.05250604,True,Low
0,0,0.04230125,True,Low
1,1,0.74847835,True,High
1,1,0.9954796,True,High
0,0,0.02282547,True,Low
1,1,0.9998416,True,High
1,1,0.98972523,True,High
1,1,0.9979436,True,High
0,0,0.022744192,True,Low
1,1,0.99507856,True,High
1,1,0.9942942,True,High
1,1,0.99184424,True,High
1,1,0.9957651,True,High
1,0,0.071791925,False,Low
0,0,0.03973163,True,Low
0,0,0.0067398963,True,Low
0,0,0.037450187,True,Low
1,1,0.9997031,True,High
0,0,0.015785731,True,Low
1,1,0.99984217,True,High
0,0,0.029702535,True,Low
1,1,0.9965062,True,High
1,1,0.82117546,True,High
0,0,0.11171596,True,Low
1,1,0.8335735,True,High
1,1,0.999255,True,High
1,1,0.9952689,True,High
1,1,0.99802953,True,High
1,1,0.9990319,True,High
0,0,0.039841548,True,Low
1,1,0.9996425,True,High
1,1,0.979419,True,High
1,1,0.9997837,True,High
1,1,0.9968616,True,High
1,1,0.9993814,True,High
1,1,0.9969393,True,High
0,0,0.06685004,True,Low
1,1,0.98863786,True,High
1,1,0.9997466,True,High
0,0,0.0555655,True,Low
1,1,0.96946454,True,High
0,0,0.025174627,True,Low
1,0,0.46463162,False,Medium
1,1,0.99891114,True,High
0,0,0.048634026,True,Low
1,1,0.94011724,True,High
1,1,0.9291838,True,High
0,0,0.07244372,True,Low
0,0,0.007376209,True,Low
0,0,0.092445634,True,Low
1,0,0.34220868,False,Medium
1,1,0.996083,True,High
1,0,0.03947738,False,Low
1,1,0.82102364,True,High
1,1,0.78912973,True,High
1,1,0.9894013,True,High
0,0,0.018258808,True,Low
1,1,0.99644876,True,High
0,0,0.25669277,True,Low
1,1,0.9329548,True,High
1,1,0.96146256,True,High
0,0,0.012279311,True,Low
0,1,0.62322426,False,Medium
0,0,0.054120835,True,Low
1,1,0.99806315,True,High
0,0,0.03321291,True,Low
1,1,0.9151139,True,High
0,0,0.06941546,True,Low
1,1,0.81251246,True,High
1,1,0.99941456,True,High
1,0,0.070102885,False,Low
0,0,0.039702803,True,Low
1,1,0.9925492,True,High
0,0,0.26228637,True,Low
0,0,0.40666842,True,Medium
1,1,0.9997024,True,High
1,1,0.9573298,True,High
0,0,0.063763894,True,Low
1,1,0.99862444,True,High
1,1,0.9986308,True,High
0,0,0.116324835,True,Low
1,0,0.29691422,False,Low
0,0,0.049350586,True,Low
0,0,0.19083074,True,Low
1,1,0.99145633,True,High
1,1,0.921302,True,High
0,0,0.053621557,True,Low
1,1,0.9997744,True,High
1,1,0.9997745,True,High
0,0,0.023454545,True,Low
1,0,0.4862734,False,Medium
0,0,0.04468827,True,Low
0,0,0.06091213,True,Low
0,0,0.03537072,True,Low
1,1,0.9997161,True,High
1,1,0.93604124,True,High
0,0,0.06441636,True,Low
0,0,0.0167341,True,Low
0,0,0.23527393,True,Low
0,0,0.023151955,True,Low
1,1,0.9960794,True,High
1,1,0.984363,True,High
1,1,0.65558964,True,Medium
0,0,0.24372157,True,Low
0,0,0.08819087,True,Low
1,1,0.8702247,True,High
0,0,0.013483933,True,Low
1,1,0.9870358,True,High
1,1,0.99413526,True,High
1,1,0.9908442,True,High
1,1,0.9998012,True,High
1,1,0.99909234,True,High
0,0,0.05277036,True,Low
0,0,0.071620524,True,Low
1,1,0.9952148,True,High
0,0,0.01774878,True,Low
0,0,0.16032268,True,Low
1,1,0.99988484,True,High
1,1,0.6227326,True,Medium
1,1,0.9323885,True,High
1,1,0.99830663,True,High
1,1,0.99944156,True,High
0,0,0.03969235,True,Low
1,1,0.7614774,True,High
0,0,0.087813355,True,Low
0,0,0.011665759,True,Low
1,1,0.99300545,True,High
1,1,0.8956336,True,High
1,1,0.9763926,True,High
1,1,0.99107903,True,High
0,0,0.04368602,True,Low
0,0,0.25444716,True,Low
0,0,0.0254535,True,Low
0,0,0.05125908,True,Low
0,0,0.077444635,True,Low
0,0,0.06568789,True,Low
0,0,0.33589327,True,Medium
1,1,0.9567128,True,High
1,1,0.99893886,True,High
1,1,0.9878369,True,High
0,0,0.0732925,True,Low
0,0,0.024694249,True,Low
1,1,0.99854064,True,High
0,0,0.06874207,True,Low
0,0,0.10147574,True,Low
1,1,0.9833626,True,High
1,1,0.99953806,True,High
0,0,0.04511839,True,Low
0,0,0.06305638,True,Low
0,0,0.07137535,True,Low
0,0,0.008462943,True,Low
1,1,0.9621735,True,High
1,1,0.9890076,True,High
1,1,0.99817204,True,High
1,1,0.9530849,True,High
1,1,0.9945398,True,High
1,1,0.81798875,True,High
1,1,0.9983392,True,High
0,0,0.04593989,True,Low
1,1,0.9928693,True,High
1,1,0.6019635,True,Medium
0,0,0.02200018,True,Low
1,1,0.9716842,True,High
1,1,0.9266349,True,High
1,1,0.9966562,True,High
1,1,0.9946845,True,High
0,0,0.004997891,True,Low
0,0,0.03456173,True,Low
1,1,0.94451934,True,High
1,1,0.9995327,True,High
0,0,0.19037206,True,Low
1,1,0.94296986,True,High
1,1,0.9981895,True,High
1,1,0.994938,True,High
1,1,0.9543625,True,High
0,0,0.013590642,True,Low
1,1,0.9396958,True,High
1,1,0.97561634,True,High
1,0,0.020197144,False,Low
1,1,0.9991567,True,High
1,1,0.97248185,True,High
0,0,0.025873873,True,Low
0,0,0.099940166,True,Low
0,0,0.040152263,True,Low
0,0,0.11156633,True,Low
1,1,0.98897344,True,High
1,1,0.99979085,True,High
1,1,0.99597603,True,High
0,0,0.10567907,True,Low
1,1,0.9999628,True,High
1,1,0.9987637,True,High
1,1,0.99343854,True,High
1,1,0.99882406,True,High
1,1,0.9939481,True,High
0,0,0.046947226,True,Low
0,0,0.05678945,True,Low
0,1,0.9487194,False,High
1,1,0.81634265,True,High
1,1,0.98732215,True,High
1,1,0.95047045,True,High
0,0,0.01629592,True,Low
0,0,0.19073482,True,Low
0,0,0.033890422,True,Low
1,1,0.99991596,True,High
0,0,0.024411919,True,Low
1,1,0.87731445,True,High
1,1,0.9939296,True,High
1,1,0.9980756,True,High
0,0,0.016862376,True,Low
0,0,0.021777209,True,Low
0,0,0.025095692,True,Low
1,1,0.99899894,True,High
0,0,0.003733763,True,Low
0,0,0.022344256,True,Low
1,0,0.15080975,False,Low
1,1,0.9915456,True,High
1,1,0.99694425,True,High
1,1,0.9991974,True,High
1,1,0.9386966,True,High
0,0,0.28360894,True,Low
0,0,0.43692693,True,Medium
0,0,0.021648655,True,Low
1,1,0.99645174,True,High
1,1,0.9997136,True,High
1,1,0.9917236,True,High
0,1,0.5508238,False,Medium
0,0,0.024852555,True,Low
0,0,0.05698202,True,Low
1,1,0.99903667,True,High
1,1,0.9916325,True,High
1,1,0.9962203,True,High
1,1,0.9971802,True,High
1,1,0.9986738,True,High
1,1,0.99826354,True,High
1,1,0.99246347,True,High
1,1,0.99646,True,High
0,0,0.0067537,True,Low
0,0,0.033274285,True,Low
1,1,0.99720544,True,High
1,1,0.99034625,True,High
1,1,0.8089948,True,High
0,0,0.40803865,True,Medium
1,1,0.9915768,True,High
0,1,0.9930315,False,High
1,1,0.99929094,True,High
1,1,0.987194,True,High
0,0,0.032890894,True,Low
0,0,0.01716262,True,Low
0,0,0.07949268,True,Low
0,0,0.040724013,True,Low
0,0,0.044499263,True,Low
0,0,0.034908354,True,Low
1,1,0.99971336,True,High
0,0,0.22367057,True,Low
0,0,0.23266146,True,Low
0,0,0.24322036,True,Low
1,1,0.9938134,True,High
0,0,0.07670176,True,Low
0,0,0.1003188,True,Low
1,1,0.98191065,True,High
1,1,0.9962042,True,High
0,0,0.1611419,True,Low
0,0,0.03800726,True,Low
0,0,0.12365388,True,Low
0,1,0.9840755,False,High
0,0,0.003835157,True,Low
1,1,0.6920241,True,Medium
0,0,0.055510465,True,Low
1,1,0.94198805,True,High
1,1,0.9957365,True,High
0,0,0.12878133,True,Low
1,1,0.9792473,True,High
1,1,0.98578805,True,High
0,0,0.044322126,True,Low
0,0,0.038468063,True,Low
1,1,0.9981817,True,High
0,0,0.019082686,True,Low
1,0,0.06310011,False,Low
1,1,0.99977094,True,High
1,1,0.9941742,True,High
0,0,0.007360215,True,Low
1,1,0.82802707,True,High
0,0,0.006136417,True,Low
1,1,0.9993405,True,High
0,0,0.03619038,True,Low
0,0,0.064552076,True,Low
0,1,0.8549096,False,High
1,1,0.99395764,True,High
0,0,0.061012078,True,Low
1,1,0.987795,True,High
0,0,0.08056582,True,Low
0,0,0.045854572,True,Low
1,1,0.99915934,True,High
1,1,0.98931795,True,High
0,1,0.92308956,False,High
1,1,0.9579445,True,High
0,0,0.039281536,True,Low
0,0,0.026174512,True,Low
1,1,0.9972223,True,High
1,1,0.99714726,True,High
0,0,0.030856233,True,Low
1,1,0.9981311,True,High
1,1,0.9717272,True,High
0,0,0.0446963,True,Low
0,0,0.036001835,True,Low
0,0,0.30981296,True,Medium
0,0,0.026102321,True,Low
1,1,0.98090255,True,High
1,1,0.99996424,True,High
1,1,0.9850463,True,High
0,0,0.19552112,True,Low
1,1,0.99807054,True,High
0,0,0.027762191,True,Low
1,1,0.992471,True,High
0,0,0.120949075,True,Low
0,0,0.051848218,True,Low
1,1,0.9988601,True,High
1,1,0.99939764,True,High
0,0,0.06516751,True,Low
1,1,0.99344456,True,High
1,0,0.39243972,False,Medium
1,1,0.99898785,True,High
1,1,0.99471325,True,High
1,1,0.9958911,True,High
0,0,0.022437016,True,Low
0,0,0.03964241,True,Low
1,1,0.97762614,True,High
1,1,0.999754,True,High
0,0,0.009549215,True,Low
0,0,0.024610575,True,Low
0,0,0.0166445,True,Low
0,0,0.020973697,True,Low
0,0,0.014412019,True,Low
1,1,0.88746214,True,High
1,1,0.97261566,True,High
1,0,0.076471075,False,Low
0,0,0.02137566,True,Low
0,0,0.06955781,True,Low
0,0,0.02429413,True,Low
1,1,0.99459213,True,High
0,0,0.35814643,True,Medium
1,1,0.9990138,True,High
1,1,0.994651,True,High
0,0,0.10712956,True,Low
0,0,0.07740231,True,Low
1,1,0.9903904,True,High
0,0,0.0212823,True,Low
1,1,0.9897808,True,High
0,0,0.0060207793,True,Low
1,1,0.9548667,True,High
0,0,0.048362926,True,Low
0,0,0.057259873,True,Low
1,1,0.9990368,True,High
1,0,0.2587261,False,Low
1,1,0.9979347,True,High
1,1,0.9663218,True,High
1,1,0.9999137,True,High
1,1,0.9811117,True,High
0,1,0.6705463,False,Medium
1,1,0.9998348,True,High
0,0,0.027756033,True,Low
1,1,0.9973852,True,High
1,1,0.9535644,True,High
0,0,0.029335827,True,Low
0,0,0.0262309,True,Low
0,1,0.7942357,False,High
1,0,0.041634407,False,Low
0,0,0.07124318,True,Low
1,0,0.33532676,False,Medium
0,0,0.012726219,True,Low
0,0,0.0076111583,True,Low
0,0,0.024311228,True,Low
1,1,0.96829236,True,High
1,1,0.99832207,True,High
1,1,0.99258786,True,High
0,0,0.083514504,True,Low
1,1,0.9940797,True,High
1,1,0.9978976,True,High
0,0,0.021999713,True,Low
1,1,0.9942934,True,High
0,0,0.014949712,True,Low
1,1,0.96926546,True,High
0,0,0.07896845,True,Low
1,1,0.99929094,True,High
0,0,0.042820815,True,Low
1,1,0.9969014,True,High
1,1,0.9097286,True,High
1,1,0.9967906,True,High
0,0,0.02634312,True,Low
0,0,0.015694004,True,Low
1,1,0.99511456,True,High
0,0,0.12563875,True,Low
1,0,0.3965612,False,Medium
0,0,0.02456708,True,Low
1,1,0.8134682,True,High
0,0,0.025510674,True,Low
1,1,0.99246174,True,High
0,1,0.51503116,False,Medium
0,0,0.034187946,True,Low
1,1,0.9982547,True,High
0,0,0.044172913,True,Low
1,1,0.99980193,True,High
1,0,0.46067175,False,Medium
0,0,0.07916144,True,Low
0,0,0.041718785,True,Low
1,1,0.98433673,True,High
1,1,0.9996972,True,High
0,0,0.039429713,True,Low
1,1,0.9976655,True,High
1,1,0.9936358,True,High
0,0,0.48828366,True,Medium
0,0,0.16254056,True,Low
0,0,0.012667884,True,Low
1,1,0.99651474,True,High
0,0,0.0040338226,True,Low
1,1,0.9999068,True,High
1,1,0.99895716,True,High
1,1,0.99895585,True,High
0,0,0.050908692,True,Low
0,0,0.03466786,True,Low
1,1,0.9926138,True,High
0,0,0.043003555,True,Low
1,1,0.9932654,True,High
0,0,0.024712292,True,Low
1,1,0.629925,True,Medium
1,1,0.9974552,True,High
1,1,0.99203604,True,High
0,1,0.97611564,False,High
0,0,0.025466667,True,Low
0,0,0.030572882,True,Low
1,1,0.99442106,True,High
1,1,0.99546957,True,High
1,1,0.9966737,True,High
1,1,0.9838155,True,High
0,0,0.033574384,True,Low
1,1,0.5102594,True,Medium
0,0,0.015432847,True,Low
0,0,0.013883565,True,Low
1,1,0.93986696,True,High
1,1,0.9986755,True,High
0,0,0.024966562,True,Low
1,1,0.9907245,True,High
1,1,0.9956216,True,High
1,1,0.9992518,True,High
1,1,0.9927948,True,High
0,0,0.070727125,True,Low
1,1,0.99983096,True,High
0,0,0.029344143,True,Low
1,0,0.45589697,False,Medium
0,0,0.03038513,True,Low
0,0,0.063048,True,Low
1,1,0.9994516,True,High
0,0,0.031059274,True,Low
1,1,0.9830468,True,High
1,1,0.99635774,True,High
1,1,0.9986168,True,High
1,1,0.98449206,True,High
1,1,0.9453417,True,High
0,0,0.22014302,True,Low
1,1,0.99390066,True,High
1,1,0.99788254,True,High
0,0,0.077505514,True,Low
0,0,0.1543437,True,Low
0,0,0.01370927,True,Low
1,1,0.99689156,True,High
0,0,0.020539882,True,Low
0,0,0.007695057,True,Low
0,0,0.07214081,True,Low
0,0,0.025439607,True,Low
0,0,0.025956519,True,Low
0,0,0.08904467,True,Low
0,0,0.038635425,True,Low
1,1,0.99906236,True,High
1,1,0.97044724,True,High
1,1,0.99811447,True,High
1,1,0.99890554,True,High
0,0,0.17599984,True,Low
0,0,0.09888545,True,Low
0,0,0.009373974,True,Low
0,0,0.056126565,True,Low
1,1,0.99994314,True,High
1,1,0.9928941,True,High
1,1,0.9139358,True,High
0,0,0.12292812,True,Low
1,1,0.9982666,True,High
1,1,0.9998435,True,High
0,1,0.91370076,False,High
1,1,0.9995455,True,High
0,0,0.0411794,True,Low
1,1,0.9964277,True,High
1,1,0.979234,True,High
1,1,0.99898845,True,High
1,1,0.9988695,True,High
0,0,0.015690425,True,Low
0,0,0.02273243,True,Low
1,1,0.99857783,True,High
1,1,0.9972875,True,High
1,1,0.9989792,True,High
0,0,0.040608298,True,Low
1,1,0.98251307,True,High
0,0,0.15163355,True,Low
0,0,0.029194964,True,Low
1,1,0.9998995,True,High
0,0,0.09377454,True,Low
0,0,0.067251176,True,Low
1,1,0.95982635,True,High
0,0,0.011145222,True,Low
1,1,0.9988476,True,High
0,0,0.01465333,True,Low
0,0,0.03789062,True,Low
1,1,0.99650013,True,High
1,1,0.99629956,True,High
1,1,0.9937698,True,High
1,1,0.90602714,True,High
1,1,0.99908996,True,High
0,0,0.029612072,True,Low
0,0,0.03378648,True,Low
1,1,0.50934,True,Medium
0,0,0.019030308,True,Low
0,0,0.10109159,True,Low
1,1,0.9998485,True,High
0,0,0.015431962,True,Low
1,1,0.99840087,True,High
0,0,0.04363718,True,Low
1,1,0.9978854,True,High
0,0,0.10258378,True,Low
0,0,0.03858524,True,Low
0,1,0.78891987,False,High
0,0,0.017121173,True,Low
0,0,0.011744849,True,Low
1,1,0.9659978,True,High
0,0,0.07457344,True,Low
1,1,0.90947974,True,High
0,0,0.024395803,True,Low
1,1,0.989595,True,High
1,0,0.056660157,False,Low
1,1,0.9933601,True,High
0,0,0.07586075,True,Low
1,1,0.99980897,True,High
0,0,0.0025861522,True,Low
1,1,0.98834723,True,High
0,0,0.04755598,True,Low
1,1,0.9882159,True,High
0,0,0.059714764,True,Low
1,1,0.9975266,True,High
0,0,0.04740469,True,Low
1,1,0.99901843,True,High
1,1,0.9745861,True,High
1,0,0.044727076,False,Low
1,1,0.9924305,True,High
1,1,0.9980507,True,High
1,0,0.35815004,False,Medium
1,1,0.9977405,True,High
1,1,0.9045408,True,High
1,1,0.99340737,True,High
1,1,0.9998524,True,High
1,1,0.87265235,True,High
1,1,0.9958716,True,High
0,0,0.059085835,True,Low
0,0,0.004216565,True,Low
0,0,0.04475312,True,Low
0,0,0.087393045,True,Low
1,1,0.98517716,True,High
0,0,0.023756279,True,Low
1,1,0.999006,True,High
1,1,0.98468,True,High
0,0,0.11981751,True,Low
1,1,0.99336386,True,High
1,1,0.99429977,True,High
1,1,0.9972548,True,High
1,1,0.80927086,True,High
1,1,0.995704,True,High
0,0,0.08210916,True,Low
1,1,0.9962913,True,High
0,0,0.054718886,True,Low
0,0,0.06927936,True,Low
1,0,0.23206656,False,Low
1,1,0.99710816,True,High
1,1,0.999514,True,High
1,1,0.82949716,True,High
1,1,0.99945253,True,High
1,1,0.9496208,True,High
1,1,0.99955696,True,High
0,1,0.6305635,False,Medium
0,0,0.013790883,True,Low
0,0,0.003925034,True,Low
0,0,0.09812337,True,Low
1,1,0.95674324,True,High
1,1,0.99972564,True,High
1,1,0.9601109,True,High
1,1,0.9998723,True,High
0,0,0.07420319,True,Low
0,0,0.13284573,True,Low
0,0,0.024062958,True,Low
0,0,0.258974,True,Low
1,1,0.86559075,True,High
0,0,0.0556489,True,Low
1,1,0.8043399,True,High
1,1,0.80650014,True,High
1,1,0.9988695,True,High
0,1,0.8404755,False,High
0,0,0.023972377,True,Low
1,1,0.9808396,True,High
0,0,0.020792205,True,Low
1,1,0.99986994,True,High
0,0,0.27878767,True,Low
1,1,0.9681019,True,High
1,1,0.9950867,True,High
1,1,0.9997409,True,High
1,1,0.99898344,True,High
1,1,0.95465183,True,High
0,0,0.09487683,True,Low
0,0,0.020320209,True,Low
0,0,0.016602354,True,Low
1,1,0.9899166,True,High
0,0,0.0022251657,True,Low
1,1,0.99691665,True,High
1,1,0.9909779,True,High
0,0,0.068651296,True,Low
1,1,0.9818023,True,High
1,1,0.99893326,True,High
1,1,0.9480631,True,High
0,0,0.05632352,True,Low
1,1,0.9506482,True,High
0,1,0.7659059,False,High
1,1,0.9827591,True,High
0,0,0.070311874,True,Low
1,1,0.996579,True,High
0,0,0.020747492,True,Low
1,1,0.9952236,True,High
0,0,0.08228118,True,Low
1,1,0.9963176,True,High
1,1,0.9881841,True,High
0,0,0.062065206,True,Low
1,1,0.9989761,True,High
0,0,0.012927529,True,Low
1,1,0.9752838,True,High
1,1,0.99441826,True,High
1,1,0.9550202,True,High
1,1,0.9308531,True,High
1,1,0.93549645,True,High
0,1,0.7177613,False,High
0,0,0.092040725,True,Low
1,1,0.9996728,True,High
1,1,0.9989839,True,High
0,0,0.011184631,True,Low
1,1,0.5203394,True,Medium
0,0,0.44042715,True,Medium
1,1,0.9984084,True,High
1,1,0.9937803,True,High
1,1,0.96014297,True,High
0,0,0.014378437,True,Low
0,0,0.018392175,True,Low
0,0,0.06579937,True,Low
0,0,0.03826649,True,Low
0,0,0.008859347,True,Low
1,1,0.99896574,True,High
1,1,0.9908745,True,High
1,1,0.8469677,True,High
0,0,0.010793453,True,Low
0,0,0.0932986,True,Low
0,0,0.009233515,True,Low
0,0,0.025425099,True,Low
1,1,0.9954461,True,High
1,1,0.9941695,True,High
0,0,0.021190647,True,Low
1,1,0.8621841,True,High
0,0,0.007359284,True,Low
1,1,0.9839961,True,High
1,1,0.98994875,True,High
0,0,0.07686328,True,Low
1,1,0.9944171,True,High
1,1,0.99435693,True,High
1,0,0.21950115,False,Low
0,0,0.21435004,True,Low
1,1,0.9928382,True,High
1,1,0.7512724,True,High
1,0,0.3840776,False,Medium
0,0,0.015165765,True,Low
1,1,0.9937164,True,High
1,1,0.9994954,True,High
0,0,0.026634205,True,Low
1,1,0.98030305,True,High
0,0,0.25981346,True,Low
1,1,0.9423028,True,High
1,1,0.99914145,True,High
0,0,0.064011596,True,Low
1,1,0.99995565,True,High
1,1,0.9983145,True,High
1,1,0.99879575,True,High
1,1,0.959934,True,High
0,0,0.024677536,True,Low
0,0,0.004451007,True,Low
0,0,0.03395288,True,Low
1,1,0.9228752,True,High
0,0,0.037067637,True,Low
0,0,0.48757428,True,Medium
1,1,0.9979809,True,High
0,0,0.03687556,True,Low
1,1,0.9899602,True,High
1,1,0.9352672,True,High
1,1,0.9675277,True,High
1,1,0.95191014,True,High
0,0,0.016747655,True,Low
1,1,0.99991834,True,High
0,0,0.13572346,True,Low
0,0,0.046340924,True,Low
0,0,0.0379471,True,Low
1,1,0.820665,True,High
1,1,0.98401606,True,High
1,1,0.99994314,True,High
0,0,0.060917955,True,Low
1,0,0.094814606,False,Low
1,1,0.95324916,True,High
1,1,0.99471456,True,High
0,0,0.08201405,True,Low
0,0,0.034941863,True,Low
1,1,0.9998828,True,High
0,0,0.111736536,True,Low
1,1,0.9965849,True,High
0,0,0.03203826,True,Low
0,0,0.017605107,True,Low
1,1,0.9983791,True,High
0,0,0.020365933,True,Low
1,1,0.9984377,True,High
0,0,0.10715481,True,Low
1,1,0.9921085,True,High
0,0,0.015124007,True,Low
1,1,0.999775,True,High
1,1,0.58217806,True,Medium
0,0,0.050417893,True,Low
1,1,0.9979012,True,High
1,1,0.8560706,True,High
1,1,0.997162,True,High
0,0,0.038653947,True,Low
1,1,0.9994802,True,High
1,0,0.47398192,False,Medium
1,1,0.99984765,True,High
0,0,0.046470273,True,Low
1,1,0.99463874,True,High
1,1,0.9997782,True,High
1,1,0.99955326,True,High
1,1,0.935824,True,High
1,1,0.9500926,True,High
0,0,0.06777881,True,Low
0,0,0.048781432,True,Low
0,0,0.31336144,True,Medium
0,0,0.13013992,True,Low
1,1,0.9930073,True,High
0,0,0.01344777,True,Low
1,1,0.99765295,True,High
0,0,0.08184396,True,Low
0,0,0.0032682028,True,Low
1,1,0.92513347,True,High
1,1,0.986858,True,High
0,0,0.01874172,True,Low
1,1,0.8823058,True,High
0,0,0.16296901,True,Low
0,0,0.07124537,True,Low
0,0,0.25832552,True,Low
0,0,0.079445034,True,Low
0,0,0.023710588,True,Low
1,1,0.9960265,True,High
0,1,0.9654236,False,High
1,1,0.9065646,True,High
0,0,0.010626065,True,Low
0,0,0.01915347,True,Low
0,1,0.6726043,False,Medium
0,0,0.0662937,True,Low
1,1,0.9999169,True,High
0,0,0.035984065,True,Low
1,1,0.99964285,True,High
1,1,0.9982913,True,High
0,0,0.04122308,True,Low
1,0,0.2966679,False,Low
0,0,0.0429477,True,Low
1,1,0.9974853,True,High
0,0,0.07731262,True,Low
0,0,0.021908471,True,Low
1,1,0.9990814,True,High
1,1,0.9977501,True,High
0,0,0.08167738,True,Low
1,1,0.9986388,True,High
1,1,0.98861814,True,High
1,1,0.89865613,True,High
1,1,0.9998227,True,High
1,1,0.9969915,True,High
0,0,0.031801995,True,Low
1,1,0.99804246,True,High
0,0,0.17571849,True,Low
1,1,0.9886945,True,High
0,0,0.1353383,True,Low
0,0,0.016073415,True,Low
0,0,0.012797155,True,Low
1,1,0.9983651,True,High
1,1,0.79340166,True,High
1,1,0.99764687,True,High
1,1,0.91043895,True,High
1,1,0.9765707,True,High
0,0,0.37743258,True,Medium
0,0,0.08602248,True,Low
0,0,0.055512615,True,Low
0,0,0.0051391893,True,Low
0,0,0.043321718,True,Low
0,0,0.020791395,True,Low
1,1,0.9967272,True,High
1,1,0.9810689,True,High
1,1,0.97930324,True,High
1,1,0.98034805,True,High
1,0,0.34045634,False,Medium
0,0,0.2689805,True,Low
1,1,0.9953217,True,High
1,1,0.9957426,True,High
0,0,0.03456298,True,Low
0,0,0.036004625,True,Low
0,0,0.033171143,True,Low
0,0,0.05121641,True,Low
1,1,0.9960561,True,High
1,1,0.99916303,True,High
0,1,0.6246467,False,Medium
0,0,0.04161155,True,Low
1,1,0.95504105,True,High
0,0,0.027118133,True,Low
1,1,0.99674064,True,High
1,1,0.96040833,True,High
0,0,0.03886032,True,Low
1,1,0.9978575,True,High
0,0,0.050684176,True,Low
1,1,0.99712986,True,High
1,1,0.9962805,True,High
0,0,0.024117794,True,Low
1,1,0.9973074,True,High
1,1,0.968642,True,High
0,0,0.058953926,True,Low
1,1,0.9987423,True,High
1,1,0.99968326,True,High
0,0,0.025104132,True,Low
0,0,0.018402642,True,Low
1,1,0.98284733,True,High
1,1,0.9608934,True,High
0,0,0.030802825,True,Low
1,1,0.9064725,True,High
1,1,0.99443454,True,High
0,0,0.009689021,True,Low
1,1,0.99993503,True,High
0,0,0.07658892,True,Low
0,0,0.047747623,True,Low
1,0,0.28847435,False,Low
1,1,0.994555,True,High
0,0,0.0023671822,True,Low
1,1,0.9987533,True,High
1,1,0.9350406,True,High
0,0,0.07399746,True,Low
1,1,0.99919385,True,High
1,1,0.99851614,True,High
0,0,0.01131361,True,Low
1,1,0.9977192,True,High
0,0,0.021866918,True,Low
0,0,0.061226696,True,Low
1,1,0.9997837,True,High
0,0,0.12061735,True,Low
1,1,0.9908013,True,High
0,0,0.019203143,True,Low
1,1,0.9704963,True,High
1,1,0.9996513,True,High
1,1,0.9854005,True,High
0,1,0.62638235,False,Medium
1,1,0.71055216,True,High
0,0,0.020015148,True,Low
0,0,0.31799847,True,Medium
0,0,0.08767587,True,Low
0,0,0.009800909,True,Low
0,0,0.028799567,True,Low
1,0,0.31778216,False,Medium
1,0,0.10095419,False,Low
0,0,0.37051374,True,Medium
0,0,0.05771836,True,Low
0,0,0.0155358,True,Low
1,1,0.99984646,True,High
0,0,0.020153996,True,Low
1,1,0.90115386,True,High
1,1,0.99559104,True,High
0,0,0.061323326,True,Low
0,0,0.022876583,True,Low
0,0,0.051699292,True,Low
0,0,0.049878716,True,Low
1,1,0.9992453,True,High
0,0,0.056126967,True,Low
0,0,0.023969168,True,Low
0,0,0.01433897,True,Low
0,0,0.026482623,True,Low
0,0,0.009078167,True,Low
1,1,0.9890047,True,High
1,1,0.99638176,True,High
0,0,0.09853389,True,Low
1,1,0.99965453,True,High
0,0,0.094986774,True,Low
1,1,0.9975504,True,High
1,1,0.99660033,True,High
0,0,0.04646688,True,Low
0,1,0.8899928,False,High
0,0,0.016497549,True,Low
1,1,0.9978884,True,High
1,1,0.997224,True,High
1,1,0.80005586,True,High
1,0,0.20586738,False,Low
0,0,0.043677483,True,Low
0,0,0.056383535,True,Low
1,0,0.46198708,False,Medium
1,1,0.99956614,True,High
0,0,0.026685076,True,Low
1,1,0.9984749,True,High
1,1,0.99919814,True,High
1,1,0.99900657,True,High
1,1,0.99476373,True,High
0,0,0.030748961,True,Low
1,1,0.9186224,True,High
0,0,0.025610685,True,Low
0,0,0.03805214,True,Low
0,0,0.011124935,True,Low
0,0,0.12411819,True,Low
1,1,0.9980678,True,High
0,0,0.056077044,True,Low
0,0,0.06569475,True,Low
0,0,0.08120189,True,Low
1,1,0.9987368,True,High
0,0,0.005765399,True,Low
0,0,0.2590633,True,Low
0,0,0.023568565,True,Low
1,1,0.9996822,True,High
0,0,0.017391108,True,Low
1,1,0.8696761,True,High
1,1,0.99941885,True,High
0,0,0.019030767,True,Low
0,0,0.013022476,True,Low
1,1,0.9873396,True,High
0,0,0.033421233,True,Low
0,1,0.9022463,False,High
1,1,0.870124,True,High
0,0,0.043656368,True,Low
1,1,0.9917333,True,High
0,0,0.020198455,True,Low
1,1,0.9997843,True,High
1,1,0.99788123,True,High
1,1,0.9999349,True,High
1,1,0.9435893,True,High
1,1,0.998607,True,High
0,0,0.036559273,True,Low
1,1,0.82840127,True,High
1,1,0.99644583,True,High
1,1,0.99979764,True,High
1,1,0.9571681,True,High
1,1,0.9991715,True,High
1,1,0.986712,True,High
0,0,0.0051506655,True,Low
0,0,0.040606633,True,Low
0,1,0.6057547,False,Medium
1,1,0.93305475,True,High
0,0,0.056525078,True,Low
1,1,0.98948073,True,High
0,0,0.021612534,True,Low
1,1,0.9956559,True,High
0,1,0.5946617,False,Medium
1,1,0.99668175,True,High
1,1,0.5825188,True,Medium
1,1,0.9998161,True,High
1,1,0.9289432,True,High
1,1,0.98916376,True,High
1,1,0.9941572,True,High
1,1,0.9865215,True,High
1,1,0.9981249,True,High
1,1,0.9918596,True,High
0,0,0.067292415,True,Low
0,1,0.9319167,False,High
1,1,0.9995671,True,High
1,1,0.97047764,True,High
1,1,0.75467217,True,High
1,1,0.98208654,True,High
1,1,0.9413501,True,High
1,1,0.99911493,True,High
1,1,0.900362,True,High
0,0,0.0105394395,True,Low
1,1,0.9985966,True,High
0,0,0.016837437,True,Low
1,1,0.99688244,True,High
1,1,0.99795663,True,High
0,0,0.2529373,True,Low
0,0,0.03227696,True,Low
1,1,0.99897826,True,High
1,1,0.5508746,True,Medium
0,0,0.041405544,True,Low
1,1,0.99911517,True,High
1,1,0.99154705,True,High
0,0,0.044414785,True,Low
0,0,0.09682972,True,Low
0,0,0.017931899,True,Low
1,1,0.9998221,True,High
0,0,0.10001693,True,Low
1,1,0.99991083,True,High
1,1,0.9998672,True,High
1,1,0.8944569,True,High
1,1,0.9020093,True,High
0,0,0.028577484,True,Low
1,1,0.99932873,True,High
0,0,0.07179956,True,Low
0,0,0.03934199,True,Low
0,0,0.05841094,True,Low
1,1,0.9996056,True,High
1,1,0.99942136,True,High
0,0,0.021199984,True,Low
0,1,0.80314773,False,High
0,0,0.074789226,True,Low
0,0,0.013440218,True,Low
1,1,0.9946464,True,High
1,1,0.99754745,True,High
1,1,0.9994741,True,High
0,0,0.105686955,True,Low
0,0,0.18810435,True,Low
1,1,0.99545765,True,High
0,0,0.017602881,True,Low
1,1,0.9979963,True,High
0,0,0.14268945,True,Low
0,0,0.056024205,True,Low
1,1,0.99126256,True,High
1,1,0.832541,True,High
1,1,0.9993875,True,High
1,1,0.99925846,True,High
1,1,0.9976413,True,High
1,1,0.993234,True,High
1,1,0.99714166,True,High
1,1,0.9834167,True,High
0,0,0.03281521,True,Low
1,1,0.99822265,True,High
0,0,0.01025016,True,Low
1,1,0.9998012,True,High
0,0,0.04192737,True,Low
1,1,0.99958366,True,High
1,1,0.99914646,True,High
0,0,0.03048079,True,Low
0,0,0.059468172,True,Low
1,1,0.9739919,True,High
1,1,0.99975234,True,High
0,0,0.018398046,True,Low
0,0,0.011061421,True,Low
1,1,0.99955004,True,High
1,1,0.9951534,True,High
0,0,0.076930664,True,Low
0,0,0.051152214,True,Low
1,1,0.9972234,True,High
1,1,0.94611406,True,High
1,1,0.9942984,True,High
0,0,0.18542899,True,Low
0,0,0.03347445,True,Low
0,1,0.68451786,False,Medium
1,1,0.9994499,True,High
1,1,0.99955076,True,High
0,0,0.031589013,True,Low
1,1,0.9972813,True,High
1,1,0.9999094,True,High
1,1,0.9976801,True,High
1,1,0.9928578,True,High
0,0,0.39078763,True,Medium
0,0,0.013753228,True,Low
0,0,0.19521534,True,Low
0,0,0.09114251,True,Low
0,0,0.0129167335,True,Low
1,1,0.98354006,True,High
1,0,0.36645436,False,Medium
0,0,0.039613795,True,Low
1,1,0.9897368,True,High
1,1,0.9970372,True,High
1,1,0.9997075,True,High
1,1,0.9965745,True,High
0,0,0.38522002,True,Medium
0,0,0.07806493,True,Low
0,0,0.11844426,True,Low
1,0,0.3027293,False,Medium
0,0,0.09224706,True,Low
1,1,0.9414601,True,High
0,0,0.028786601,True,Low
0,0,0.05225664,True,Low
1,1,0.99358517,True,High
0,0,0.35909185,True,Medium
0,0,0.036485165,True,Low
0,0,0.008327844,True,Low
1,1,0.9883972,True,High
1,1,0.9901102,True,High
1,1,0.9942123,True,High
0,0,0.043108784,True,Low
0,0,0.02111834,True,Low
0,0,0.054111265,True,Low
0,0,0.060799032,True,Low
0,0,0.027732821,True,Low
1,1,0.9757127,True,High
1,0,0.38007447,False,Medium
0,0,0.0577658,True,Low
1,1,0.99990964,True,High
1,1,0.99812037,True,High
1,1,0.9999161,True,High
0,0,0.042406917,True,Low
1,1,0.92816556,True,High
1,1,0.98997724,True,High
1,1,0.99708444,True,High
0,0,0.06408628,True,Low
1,1,0.9108741,True,High
1,1,0.9915742,True,High
1,1,0.9284277,True,High
1,0,0.22661334,False,Low
0,0,0.029712621,True,Low
0,0,0.02417931,True,Low
0,0,0.021047454,True,Low
0,0,0.025929889,True,Low
0,0,0.038297508,True,Low
1,1,0.8782555,True,High
0,0,0.012185365,True,Low
1,1,0.99675155,True,High
0,0,0.023312667,True,Low
0,0,0.11042379,True,Low
0,0,0.026536202,True,Low
0,0,0.01704328,True,Low
0,0,0.061433833,True,Low
1,1,0.99549896,True,High
1,1,0.9957045,True,High
0,0,0.031334084,True,Low
1,1,0.80584717,True,High
1,1,0.9972669,True,High
0,0,0.025686705,True,Low
0,0,0.05190201,True,Low
0,0,0.0068407287,True,Low
1,1,0.9973562,True,High
0,0,0.02212565,True,Low
1,0,0.09830146,False,Low
0,0,0.021968167,True,Low
0,0,0.023432381,True,Low
1,1,0.9994623,True,High
0,0,0.042487603,True,Low
0,0,0.018909413,True,Low
0,0,0.022602998,True,Low
1,1,0.9997104,True,High
1,1,0.9990318,True,High
0,1,0.5170556,False,Medium
1,1,0.99897814,True,High
1,1,0.88112944,True,High
1,1,0.99269825,True,High
1,1,0.54828656,True,Medium
1,1,0.9958229,True,High
1,1,0.9660216,True,High
1,0,0.25096938,False,Low
0,0,0.016465394,True,Low
1,1,0.9976891,True,High
1,1,0.9993755,True,High
0,0,0.038604632,True,Low
1,0,0.41361716,False,Medium
1,1,0.9987608,True,High
1,1,0.7617607,True,High
0,0,0.022875367,True,Low
0,0,0.007873253,True,Low
1,1,0.9987752,True,High
1,1,0.99962175,True,High
1,1,0.83703107,True,High
1,1,0.988381,True,High
0,0,0.15315406,True,Low
0,0,0.073315434,True,Low
1,0,0.035925753,False,Low
1,1,0.9840366,True,High
0,0,0.021255812,True,Low
0,0,0.098562695,True,Low
0,0,0.09626627,True,Low
0,0,0.079707764,True,Low
1,0,0.05541604,False,Low
0,0,0.016237957,True,Low
1,1,0.9997627,True,High
0,0,0.020239282,True,Low
0,0,0.17589794,True,Low
1,0,0.041374505,False,Low
1,1,0.9892999,True,High
0,0,0.011909685,True,Low
0,0,0.10093443,True,Low
0,0,0.054598376,True,Low
0,0,0.041427698,True,Low
1,1,0.9349968,True,High
0,0,0.026152004,True,Low
1,1,0.9974558,True,High
0,0,0.03808206,True,Low
0,0,0.049227815,True,Low
1,1,0.9977863,True,High
1,1,0.94867283,True,High
0,0,0.028053911,True,Low
0,0,0.01668529,True,Low
1,1,0.8733046,True,High
0,0,0.031342767,True,Low
1,1,0.9997571,True,High
0,0,0.06120794,True,Low
0,0,0.0037491072,True,Low
1,1,0.9974942,True,High
1,1,0.96735996,True,High
1,1,0.9820478,True,High
0,0,0.017329702,True,Low
1,1,0.9984884,True,High
1,1,0.99796355,True,High
1,1,0.9775269,True,High
1,1,0.98062414,True,High
0,0,0.010381987,True,Low
1,1,0.9541515,True,High
0,0,0.011990126,True,Low
1,1,0.5409785,True,Medium
0,0,0.009633179,True,Low
1,1,0.9886262,True,High
0,0,0.3132708,True,Medium
1,1,0.9959508,True,High
1,1,0.99840254,True,High
0,0,0.03412,True,Low
0,0,0.0333874,True,Low
1,1,0.9852315,True,High
0,0,0.020401224,True,Low
1,1,0.9673712,True,High
1,1,0.99929786,True,High
0,0,0.08660986,True,Low
1,0,0.112785436,False,Low
0,0,0.016922193,True,Low
0,0,0.024711212,True,Low
1,1,0.99748456,True,High
1,1,0.9526669,True,High
1,1,0.998125,True,High
1,1,0.9979336,True,High
1,0,0.29662842,False,Low
0,0,0.05237545,True,Low
0,0,0.060717545,True,Low
1,1,0.9927059,True,High
1,1,0.9953217,True,High
0,0,0.3864553,True,Medium
0,0,0.045938395,True,Low
1,1,0.9472569,True,High
0,0,0.004137743,True,Low
1,1,0.97309566,True,High
0,0,0.050196253,True,Low
0,0,0.030368913,True,Low
1,0,0.027915174,False,Low
0,0,0.067615874,True,Low
0,0,0.05806468,True,Low
0,0,0.054227117,True,Low
0,0,0.050969422,True,Low
1,1,0.99579155,True,High
0,0,0.28098157,True,Low
0,0,0.01476357,True,Low
0,0,0.17019549,True,Low
0,1,0.55852175,False,Medium
0,0,0.02713885,True,Low
1,1,0.851032,True,High
0,0,0.012620664,True,Low
0,0,0.08407914,True,Low
1,1,0.95309204,True,High
0,0,0.35181016,True,Medium
1,1,0.9999422,True,High
0,0,0.06363134,True,Low
1,1,0.9995442,True,High
1,1,0.99835926,True,High
1,1,0.9954203,True,High
0,0,0.044526782,True,Low
1,1,0.71532494,True,High
0,0,0.024084887,True,Low
1,1,0.9823744,True,High
0,0,0.17344351,True,Low
1,1,0.9992549,True,High
1,0,0.086585864,False,Low
0,0,0.027710449,True,Low
1,1,0.9977556,True,High
1,1,0.9939108,True,High
0,0,0.02117212,True,Low
1,1,0.9965402,True,High
1,1,0.99850535,True,High
1,1,0.9992322,True,High
0,0,0.06885644,True,Low
1,1,0.9831081,True,High
0,0,0.03749899,True,Low
1,1,0.9957859,True,High
1,1,0.98482335,True,High
1,1,0.9543773,True,High
1,1,0.9992318,True,High
0,0,0.025749221,True,Low
0,0,0.08183942,True,Low
1,1,0.97692853,True,High
0,0,0.020716,True,Low
0,0,0.09199545,True,Low
0,0,0.060100105,True,Low
0,0,0.3378813,True,Medium
0,0,0.044382818,True,Low
0,0,0.009703714,True,Low
0,0,0.001374739,True,Low
1,1,0.9393982,True,High
1,1,0.94931835,True,High
1,0,0.357729,False,Medium
1,1,0.9970631,True,High
0,0,0.018792795,True,Low
1,1,0.99975735,True,High
0,0,0.121448554,True,Low
0,1,0.8397557,False,High
1,1,0.9965501,True,High
1,1,0.9889563,True,High
1,1,0.93455297,True,High
1,0,0.019526258,False,Low
0,0,0.013406869,True,Low
0,0,0.051454388,True,Low
1,1,0.9376583,True,High
1,1,0.90960735,True,High
1,1,0.9895734,True,High
0,0,0.085863106,True,Low
0,0,0.1356749,True,Low
0,0,0.013961085,True,Low
1,1,0.9983557,True,High
1,1,0.9998142,True,High
0,0,0.051824655,True,Low
1,1,0.99921405,True,High
0,0,0.06768343,True,Low
1,1,0.9999341,True,High
0,0,0.086511254,True,Low
0,0,0.08039037,True,Low
1,1,0.9974673,True,High
1,1,0.9987424,True,High
0,0,0.053546164,True,Low
1,1,0.999833,True,High
1,1,0.9997892,True,High
1,1,0.9953869,True,High
0,0,0.015866725,True,Low
1,1,0.9034738,True,High
0,0,0.021856913,True,Low
0,0,0.030311195,True,Low
1,1,0.9996238,True,High
0,0,0.08735288,True,Low
0,0,0.005803104,True,Low
0,0,0.004021573,True,Low
1,1,0.998398,True,High
1,1,0.9999182,True,High
1,1,0.8730876,True,High
1,1,0.9890717,True,High
1,1,0.9821368,True,High
1,1,0.9995783,True,High
1,1,0.89712775,True,High
0,0,0.031765006,True,Low
1,1,0.9954483,True,High
1,1,0.9436654,True,High
0,0,0.034883607,True,Low
1,1,0.9473223,True,High
0,0,0.04529888,True,Low
0,0,0.35857376,True,Medium
1,1,0.9971782,True,High
1,1,0.99962425,True,High
0,0,0.03369865,True,Low
1,1,0.9975516,True,High
1,1,0.9948997,True,High
0,0,0.039967015,True,Low
1,1,0.9993243,True,High
1,1,0.99954635,True,High
1,1,0.9993717,True,High
0,0,0.008973964,True,Low
0,0,0.13005584,True,Low
1,1,0.8341316,True,High
0,0,0.018966792,True,Low
1,1,0.9917697,True,High
0,0,0.018006358,True,Low
0,0,0.011008269,True,Low
1,1,0.97393,True,High
0,0,0.025102755,True,Low
1,1,0.9997911,True,High
0,0,0.028889067,True,Low
1,1,0.99976104,True,High
0,0,0.0077514905,True,Low
0,0,0.022814535,True,Low
1,1,0.98920375,True,High
0,0,0.014180303,True,Low
1,1,0.9904389,True,High
0,0,0.027050069,True,Low
0,0,0.08569347,True,Low
0,0,0.05461417,True,Low
1,1,0.97516406,True,High
0,0,0.38996115,True,Medium
1,1,0.9852482,True,High
1,1,0.941349,True,High
1,1,0.9990312,True,High
1,0,0.24756312,False,Low
1,1,0.9982293,True,High
1,0,0.061888706,False,Low
1,1,0.9972652,True,High
1,1,0.80845207,True,High
1,1,0.9964569,True,High
1,1,0.9478621,True,High
1,1,0.99824905,True,High
0,0,0.064165995,True,Low
1,1,0.99979967,True,High
1,1,0.82717466,True,High
0,0,0.0547701,True,Low
1,1,0.9087659,True,High
0,0,0.023325449,True,Low
1,1,0.99950266,True,High
1,1,0.9988933,True,High
1,1,0.99774534,True,High
1,1,0.97148323,True,High
0,0,0.08247267,True,Low
1,0,0.15555288,False,Low
1,1,0.92174137,True,High
1,1,0.9793241,True,High
1,1,0.99652207,True,High
1,1,0.5246267,True,Medium
1,1,0.984597,True,High
1,1,0.7486203,True,High
0,0,0.0110349115,True,Low
0,1,0.6188173,False,Medium
1,1,0.8464543,True,High
1,1,0.99972373,True,High
0,0,0.047884334,True,Low
0,0,0.19132008,True,Low
0,0,0.061464656,True,Low
0,0,0.058849603,True,Low
1,1,0.9941854,True,High
0,0,0.10570846,True,Low
1,1,0.9906122,True,High
0,0,0.07397521,True,Low
1,1,0.9840268,True,High
0,0,0.1388762,True,Low
0,0,0.013289923,True,Low
1,0,0.20537758,False,Low
1,1,0.996743,True,High
0,0,0.014389604,True,Low
0,0,0.07147505,True,Low
0,1,0.8010052,False,High
0,0,0.03227821,True,Low
0,0,0.021258773,True,Low
1,1,0.9934635,True,High
0,0,0.19667944,True,Low
0,0,0.022320608,True,Low
1,1,0.9870165,True,High
1,1,0.9837616,True,High
1,1,0.95294714,True,High
1,1,0.997239,True,High
1,1,0.9984848,True,High
1,1,0.9998839,True,High
1,1,0.97517776,True,High
0,0,0.022081856,True,Low
0,0,0.09174341,True,Low
1,1,0.99957496,True,High
0,0,0.03320302,True,Low
0,0,0.0517185,True,Low
0,0,0.06331952,True,Low
1,1,0.96956235,True,High
1,1,0.99983096,True,High
0,0,0.024570841,True,Low
1,1,0.9992637,True,High
1,1,0.9933734,True,High
1,1,0.9958418,True,High
1,1,0.9697482,True,High
1,1,0.9987167,True,High
0,0,0.04996346,True,Low
0,0,0.026274947,True,Low
0,0,0.023644423,True,Low
0,0,0.012541631,True,Low
1,1,0.84642947,True,High
0,0,0.09039918,True,Low
1,1,0.99927133,True,High
0,0,0.018074108,True,Low
1,1,0.9998047,True,High
1,1,0.97391814,True,High
1,1,0.9673683,True,High
1,1,0.9999212,True,High
0,0,0.016062988,True,Low
1,1,0.99961084,True,High
1,1,0.9993332,True,High
1,1,0.8896836,True,High
1,1,0.9987495,True,High
0,0,0.058820624,True,Low
1,1,0.9627839,True,High
0,0,0.05142327,True,Low
1,1,0.97465974,True,High
1,1,0.9844093,True,High
0,0,0.013476539,True,Low
0,0,0.027021553,True,Low
1,1,0.9999114,True,High
1,1,0.9931738,True,High
1,0,0.078875706,False,Low
0,0,0.02421417,True,Low
1,1,0.99967456,True,High
1,1,0.9862201,True,High
0,0,0.08857714,True,Low
0,0,0.095611215,True,Low
0,0,0.049166266,True,Low
1,1,0.9671691,True,High
1,1,0.9814602,True,High
1,1,0.99949765,True,High
1,1,0.9991172,True,High
1,1,0.99112225,True,High
0,0,0.030831177,True,Low
0,0,0.041435,True,Low
1,1,0.9987419,True,High
1,1,0.99149984,True,High
0,0,0.12675259,True,Low
1,0,0.077348545,False,Low
1,1,0.9952755,True,High
1,1,0.9900283,True,High
1,1,0.9996896,True,High
0,0,0.035512812,True,Low
0,0,0.09177502,True,Low
0,0,0.06577871,True,Low
0,0,0.05455065,True,Low
0,0,0.11937424,True,Low
1,1,0.9731555,True,High
0,0,0.060382087,True,Low
1,1,0.99955434,True,High
0,0,0.011137563,True,Low
1,0,0.3752682,False,Medium
1,1,0.95900196,True,High
0,0,0.013884727,True,Low
0,0,0.04619562,True,Low
1,0,0.42779544,False,Medium
0,0,0.036391195,True,Low
0,0,0.023760326,True,Low
1,1,0.9953762,True,High
1,1,0.84177816,True,High
1,1,0.9996985,True,High
1,0,0.3813209,False,Medium
1,1,0.99940443,True,High
0,1,0.6663666,False,Medium
0,0,0.21739918,True,Low
1,1,0.7304907,True,High
0,0,0.085639976,True,Low
1,1,0.99934214,True,High
0,0,0.03725906,True,Low
0,0,0.0476442,True,Low
1,1,0.99716324,True,High
1,1,0.9987452,True,High
1,1,0.99939513,True,High
1,1,0.7290038,True,High
1,0,0.29279512,False,Low
0,0,0.071866594,True,Low
0,0,0.0352143,True,Low
1,1,0.91107094,True,High
0,0,0.025639977,True,Low
1,1,0.9960729,True,High
0,0,0.023969766,True,Low
0,0,0.09783854,True,Low
0,0,0.14298852,True,Low
1,1,0.76661307,True,High
0,0,0.06874614,True,Low
0,0,0.09269337,True,Low
0,0,0.015718102,True,Low
1,1,0.99921155,True,High
1,1,0.99994004,True,High
1,1,0.9998191,True,High
0,0,0.019391969,True,Low
1,1,0.99992275,True,High
0,0,0.075881936,True,Low
0,0,0.06330883,True,Low
1,1,0.9996362,True,High
1,1,0.9878049,True,High
1,1,0.9970071,True,High
0,0,0.107279345,True,Low
0,0,0.02893001,True,Low
0,0,0.02168302,True,Low
0,0,0.061248027,True,Low
0,0,0.070075184,True,Low
0,0,0.17839094,True,Low
1,1,0.9984806,True,High
1,1,0.9998267,True,High
0,0,0.047667887,True,Low
1,1,0.9327002,True,High
0,0,0.018185822,True,Low
1,1,0.99977833,True,High
1,1,0.9993979,True,High
1,1,0.99661404,True,High
0,0,0.0020325892,True,Low
0,0,0.0065145046,True,Low
1,0,0.18245897,False,Low
1,1,0.9987016,True,High
1,1,0.97934395,True,High
0,0,0.05783117,True,Low
1,1,0.8337161,True,High
0,0,0.011613639,True,Low
0,0,0.03200329,True,Low
1,1,0.9992654,True,High
0,1,0.9466838,False,High
0,0,0.18047702,True,Low
1,0,0.34044206,False,Medium
0,0,0.02919814,True,Low
0,0,0.07613529,True,Low
0,0,0.042979013,True,Low
0,0,0.006596386,True,Low
0,0,0.001589602,True,Low
1,1,0.9928382,True,High
1,1,0.9972318,True,High
1,0,0.04855483,False,Low
0,0,0.020755472,True,Low
0,0,0.026831336,True,Low
1,1,0.9999639,True,High
1,1,0.9997002,True,High
1,1,0.9902631,True,High
1,1,0.99778265,True,High
0,0,0.05688768,True,Low
1,0,0.21090534,False,Low
0,0,0.0721122,True,Low
0,0,0.11477951,True,Low
1,1,0.9967892,True,High
1,1,0.9081911,True,High
1,1,0.99871707,True,High
1,1,0.9991399,True,High
0,0,0.030051999,True,Low
0,0,0.05568026,True,Low
1,0,0.4354906,False,Medium
1,1,0.9998486,True,High
0,0,0.01796689,True,Low
1,1,0.9265341,True,High
0,1,0.95359975,False,High
1,1,0.99939823,True,High
0,0,0.024784418,True,Low
1,1,0.9971609,True,High
0,0,0.07109815,True,Low
0,0,0.04884413,True,Low
1,0,0.08560041,False,Low
1,1,0.99978906,True,High
0,0,0.018459164,True,Low
1,1,0.99909186,True,High
0,0,0.032080527,True,Low
1,1,0.9485598,True,High
1,1,0.9911308,True,High
1,1,0.9964978,True,High
1,1,0.8630559,True,High
0,0,0.034023385,True,Low
1,1,0.9990544,True,High
1,1,0.999972,True,High
0,0,0.013279871,True,Low
0,0,0.044826858,True,Low
0,0,0.01092053,True,Low
1,1,0.9950001,True,High
0,0,0.028722962,True,Low
1,1,0.99676526,True,High
0,0,0.012250925,True,Low
0,0,0.022720981,True,Low
0,0,0.114299744,True,Low
0,0,0.006487028,True,Low
1,0,0.22914204,False,Low
1,1,0.9987884,True,High
1,1,0.92319506,True,High
1,1,0.99797875,True,High
1,1,0.9967804,True,High
0,0,0.025634464,True,Low
0,0,0.044579133,True,Low
1,1,0.9513448,True,High
1,1,0.9731372,True,High
0,0,0.05367531,True,Low
0,0,0.013100257,True,Low
1,1,0.99719054,True,High
1,1,0.9999397,True,High
0,0,0.07166029,True,Low
1,1,0.9838959,True,High
1,1,0.99828476,True,High
0,0,0.04953105,True,Low
0,0,0.037337545,True,Low
1,1,0.9943037,True,High
1,1,0.9926398,True,High
0,0,0.049204823,True,Low
1,1,0.9822641,True,High
1,1,0.99967825,True,High
1,1,0.9817726,True,High
0,0,0.039352857,True,Low
1,1,0.9979837,True,High
0,0,0.007194258,True,Low
1,1,0.64741975,True,Medium
0,0,0.08514125,True,Low
1,1,0.97548467,True,High
0,0,0.07904563,True,Low
0,0,0.03824006,True,Low
1,0,0.38511446,False,Medium
1,1,0.9736258,True,High
0,0,0.04469899,True,Low
0,0,0.035645343,True,Low
1,1,0.9868847,True,High
0,0,0.045128994,True,Low
1,1,0.9920929,True,High
0,0,0.028569616,True,Low
1,1,0.99986553,True,High
0,0,0.021866918,True,Low
0,0,0.008066302,True,Low
0,0,0.0669729,True,Low
1,1,0.99766326,True,High
0,0,0.050692465,True,Low
1,1,0.9994035,True,High
1,1,0.7976282,True,High
0,0,0.026032645,True,Low
0,0,0.10827691,True,Low
0,0,0.043948263,True,Low
1,0,0.12999728,False,Low
1,1,0.9916074,True,High
0,0,0.016424049,True,Low
0,0,0.03409707,True,Low
0,1,0.70818865,False,High
0,0,0.011361291,True,Low
0,0,0.041324265,True,Low
0,0,0.021016302,True,Low
1,1,0.67904437,True,Medium
1,1,0.999853,True,High
0,0,0.0261537,True,Low
1,1,0.994619,True,High
0,0,0.06898946,True,Low
0,0,0.039164867,True,Low
0,0,0.017186202,True,Low
1,1,0.9760118,True,High
0,0,0.010792374,True,Low
0,0,0.016058007,True,Low
1,1,0.93067586,True,High
1,1,0.98661137,True,High
1,1,0.997514,True,High
0,0,0.03669403,True,Low
1,1,0.99829644,True,High
1,1,0.96064645,True,High
1,1,0.9964018,True,High
1,1,0.99736494,True,High
1,1,0.99979967,True,High
1,1,0.98880357,True,High
1,1,0.975346,True,High
0,0,0.022363858,True,Low
1,1,0.996298,True,High
1,1,0.99991596,True,High
1,1,0.9984786,True,High
1,1,0.81003356,True,High
0,0,0.025611393,True,Low
0,0,0.24276245,True,Low
0,0,0.060816575,True,Low
0,0,0.028823623,True,Low
0,0,0.08900346,True,Low
1,1,0.9770637,True,High
1,1,0.9997998,True,High
1,0,0.43150318,False,Medium
0,0,0.039171357,True,Low
1,1,0.99282724,True,High
0,0,0.040977433,True,Low
1,1,0.9994136,True,High
1,1,0.9994572,True,High
1,1,0.9916225,True,High
1,1,0.9647209,True,High
1,1,0.93508947,True,High
1,0,0.4861888,False,Medium
0,0,0.11715525,True,Low
0,0,0.005465118,True,Low
0,1,0.8004473,False,High
1,1,0.8260418,True,High
0,0,0.1987015,True,Low
0,0,0.027764224,True,Low
1,1,0.99714524,True,High
0,0,0.026657078,True,Low
1,1,0.9922253,True,High
1,0,0.029215798,False,Low
0,0,0.012531968,True,Low
0,0,0.045594055,True,Low
1,1,0.9997811,True,High
1,1,0.854072,True,High
1,1,0.9994585,True,High
1,1,0.6490287,True,Medium
0,0,0.07416563,True,Low
1,1,0.95487237,True,High
1,1,0.8959315,True,High
1,1,0.9995807,True,High
1,1,0.7865399,True,High
0,0,0.01629769,True,Low
1,1,0.98849034,True,High
1,1,0.73238814,True,High
0,0,0.061886325,True,Low
0,0,0.12120779,True,Low
1,1,0.89085376,True,High
0,0,0.029170662,True,Low
1,1,0.8361883,True,High
1,1,0.9845791,True,High
1,1,0.9655386,True,High
0,0,0.038615827,True,Low
0,0,0.09554823,True,Low
0,0,0.06638086,True,Low
0,1,0.997926,False,High
1,1,0.9964449,True,High
1,1,0.99620324,True,High
1,1,0.99556243,True,High
0,0,0.03819303,True,Low
0,0,0.050221086,True,Low
1,1,0.9996505,True,High
0,0,0.011138298,True,Low
1,1,0.9979226,True,High
0,0,0.013261751,True,Low
1,1,0.9867914,True,High
1,1,0.8727575,True,High
0,0,0.013480738,True,Low
0,0,0.05555304,True,Low
1,1,0.6215835,True,Medium
1,1,0.9920797,True,High
1,1,0.99588996,True,High
0,0,0.048704855,True,Low
1,1,0.9977939,True,High
1,1,0.99916875,True,High
0,0,0.042764798,True,Low
1,1,0.9726782,True,High
1,1,0.9580641,True,High
1,1,0.9985232,True,High
0,1,0.9785579,False,High
1,1,0.83449847,True,High
1,1,0.9973241,True,High
1,1,0.9994165,True,High
0,0,0.058757592,True,Low
0,0,0.124562845,True,Low
1,1,0.9997172,True,High
1,1,0.9994259,True,High
1,1,0.9938969,True,High
1,1,0.9936481,True,High
1,1,0.9866008,True,High
0,0,0.03450418,True,Low
1,1,0.99982256,True,High
0,0,0.0107433135,True,Low
1,1,0.89439464,True,High
0,0,0.017313167,True,Low
0,1,0.6264273,False,Medium
0,0,0.045183662,True,Low
0,0,0.05752839,True,Low
0,0,0.116114765,True,Low
0,0,0.05826651,True,Low
1,1,0.99823976,True,High
1,1,0.9987287,True,High
1,1,0.9930229,True,High
1,1,0.91038185,True,High
0,0,0.08094268,True,Low
0,0,0.021415431,True,Low
0,0,0.030708224,True,Low
1,1,0.94766915,True,High
1,1,0.9690146,True,High
1,1,0.5407376,True,Medium
0,0,0.013053125,True,Low
0,0,0.043920953,True,Low
0,0,0.054195505,True,Low
1,1,0.99914944,True,High
1,1,0.99725646,True,High
0,0,0.050200276,True,Low
0,0,0.02634457,True,Low
0,1,0.8492123,False,High
1,1,0.99735534,True,High
1,1,0.9550226,True,High
0,0,0.070383884,True,Low
1,0,0.025982644,False,Low
0,0,0.005257839,True,Low
1,0,0.07237743,False,Low
1,1,0.99835336,True,High
0,0,0.014769871,True,Low
1,1,0.99982256,True,High
0,0,0.012081038,True,Low
0,0,0.029194774,True,Low
1,1,0.9969283,True,High
0,0,0.022944989,True,Low
0,0,0.014148209,True,Low
1,1,0.9876682,True,High
1,1,0.8455164,True,High
1,1,0.99720937,True,High
1,1,0.94685364,True,High
1,1,0.99984455,True,High
1,1,0.99791986,True,High
0,0,0.035170883,True,Low
0,0,0.04540263,True,Low
0,0,0.09475058,True,Low
0,0,0.03373922,True,Low
0,0,0.11836937,True,Low
1,1,0.99314874,True,High
1,1,0.999212,True,High
0,0,0.044290558,True,Low
1,1,0.9997954,True,High
1,1,0.97542554,True,High
1,1,0.99905664,True,High
1,1,0.9980867,True,High
0,0,0.024719972,True,Low
1,1,0.99714965,True,High
0,0,0.015114039,True,Low
0,0,0.050423,True,Low
0,0,0.1447831,True,Low
1,1,0.9980824,True,High
1,1,0.99896383,True,High
1,1,0.9967795,True,High
1,1,0.9998691,True,High
0,0,0.059793793,True,Low
1,1,0.998987,True,High
0,0,0.071091674,True,Low
1,1,0.99928063,True,High
0,0,0.02823679,True,Low
1,1,0.92768353,True,High
1,1,0.99803,True,High
0,0,0.05578101,True,Low
1,1,0.94758403,True,High
0,0,0.01862826,True,Low
1,1,0.9989911,True,High
0,0,0.03585358,True,Low
1,1,0.97247416,True,High
0,0,0.05070064,True,Low
1,1,0.99956995,True,High
1,1,0.99987817,True,High
0,0,0.0052867476,True,Low
1,1,0.61518043,True,Medium
1,1,0.99838006,True,High
1,1,0.9786179,True,High
1,1,0.99938476,True,High
1,1,0.9978466,True,High
0,0,0.03215881,True,Low
1,1,0.9970271,True,High
1,1,0.9998871,True,High
1,1,0.9990368,True,High
1,1,0.9910458,True,High
1,1,0.9998965,True,High
0,0,0.034171753,True,Low
0,0,0.036621045,True,Low
0,0,0.12196013,True,Low
0,0,0.03404234,True,Low
1,1,0.94808125,True,High
1,1,0.9992429,True,High
0,0,0.44761598,True,Medium
1,1,0.9855171,True,High
0,0,0.018403172,True,Low
1,1,0.9794471,True,High
0,0,0.038810838,True,Low
0,0,0.010291919,True,Low
0,0,0.09842575,True,Low
0,0,0.03196903,True,Low
1,1,0.99596065,True,High
1,1,0.9623666,True,High
0,0,0.23109856,True,Low
1,1,0.99614114,True,High
1,1,0.9999478,True,High
1,0,0.1397212,False,Low
1,1,0.9809269,True,High
0,0,0.06611087,True,Low
1,1,0.9581514,True,High
0,0,0.0223036,True,Low
1,1,0.99642724,True,High
1,0,0.19520137,False,Low
0,0,0.18749687,True,Low
1,1,0.9972319,True,High
1,1,0.99621105,True,High
1,1,0.777654,True,High
0,0,0.2761291,True,Low
1,1,0.98440474,True,High
1,1,0.96117836,True,High
1,1,0.9992367,True,High
1,1,0.9624293,True,High
1,1,0.9975738,True,High
0,0,0.015509901,True,Low
1,1,0.9998436,True,High
0,0,0.03241036,True,Low
1,1,0.97304815,True,High
0,0,0.083366096,True,Low
0,0,0.02226512,True,Low
0,0,0.19239587,True,Low
1,1,0.99550617,True,High
1,1,0.9963649,True,High
1,1,0.98808753,True,High
0,1,0.7705501,False,High
1,1,0.9928933,True,High
0,0,0.23923023,True,Low
0,0,0.099297315,True,Low
1,1,0.9591238,True,High
0,0,0.012829262,True,Low
0,0,0.0093586575,True,Low
1,1,0.9980234,True,High
1,1,0.999912,True,High
1,1,0.8487521,True,High
1,1,0.99763167,True,High
1,1,0.86045986,True,High
1,1,0.7463176,True,High
1,1,0.9998857,True,High
0,0,0.0072892574,True,Low
1,1,0.9980179,True,High
0,1,0.86395526,False,High
0,0,0.014536639,True,Low
0,0,0.1584267,True,Low
1,1,0.9860832,True,High
1,1,0.70065737,True,High
0,0,0.016311428,True,Low
0,0,0.017987235,True,Low
1,1,0.99971956,True,High
1,1,0.99364024,True,High
0,0,0.41630784,True,Medium
0,0,0.10837898,True,Low
0,0,0.034341805,True,Low
1,1,0.94078106,True,High
1,1,0.99719703,True,High
0,0,0.018631054,True,Low
0,0,0.013731744,True,Low
1,1,0.79963136,True,High
1,1,0.9584196,True,High
1,1,0.999582,True,High
0,0,0.45588943,True,Medium
1,1,0.98047316,True,High
0,0,0.04590484,True,Low
1,1,0.99918526,True,High
1,1,0.9902021,True,High
1,1,0.99757665,True,High
1,0,0.16075768,False,Low
1,1,0.98586255,True,High
1,1,0.9283492,True,High
0,0,0.03811823,True,Low
0,0,0.08591359,True,Low
1,1,0.98519945,True,High
1,1,0.98887384,True,High
1,1,0.99929535,True,High
1,1,0.99368876,True,High
0,0,0.011249661,True,Low
0,0,0.03381048,True,Low
0,0,0.05477694,True,Low
0,0,0.06916261,True,Low
0,0,0.020153996,True,Low
0,0,0.085483536,True,Low
1,1,0.9031005,True,High
1,1,0.99941015,True,High
1,0,0.16870144,False,Low
1,1,0.85937476,True,High
0,0,0.019429302,True,Low
1,1,0.9843342,True,High
0,0,0.04804531,True,Low
0,0,0.23794861,True,Low
1,1,0.9857781,True,High
0,0,0.04976725,True,Low
1,1,0.99829084,True,High
0,0,0.070260786,True,Low
0,0,0.02198581,True,Low
0,0,0.11447796,True,Low
0,0,0.018870363,True,Low
0,0,0.04120714,True,Low
1,1,0.98998255,True,High
1,0,0.28796974,False,Low
1,1,0.9977404,True,High
0,0,0.12889193,True,Low
0,0,0.15908347,True,Low
0,0,0.018444015,True,Low
1,1,0.9991949,True,High
1,1,0.9960418,True,High
1,1,0.9998023,True,High
0,0,0.10307269,True,Low
1,0,0.012095434,False,Low
0,0,0.26453707,True,Low
1,1,0.95254,True,High
0,0,0.051754463,True,Low
1,1,0.9968534,True,High
0,0,0.05177293,True,Low
1,1,0.9998877,True,High
0,0,0.018971438,True,Low
1,1,0.9716683,True,High
1,1,0.98837215,True,High
0,0,0.014373038,True,Low
1,1,0.9997743,True,High
1,0,0.045670092,False,Low
1,1,0.9999335,True,High
1,1,0.999923,True,High
0,0,0.028489243,True,Low
0,0,0.08883895,True,Low
0,0,0.08327621,True,Low
1,1,0.93127906,True,High
0,0,0.04911818,True,Low
1,1,0.97870845,True,High
0,0,0.10580688,True,Low
1,1,0.997692,True,High
1,1,0.99507314,True,High
0,0,0.040747527,True,Low
1,1,0.6581187,True,Medium
0,0,0.015448621,True,Low
1,1,0.8150245,True,High
1,0,0.23911567,False,Low
1,1,0.9992951,True,High
0,0,0.10993291,True,Low
0,0,0.016435638,True,Low
0,0,0.07677193,True,Low
1,1,0.96654165,True,High
0,1,0.7804147,False,High
0,0,0.042291854,True,Low
1,1,0.89732504,True,High
1,1,0.9983942,True,High
0,0,0.040667858,True,Low
0,0,0.04684685,True,Low
1,1,0.9978235,True,High
1,1,0.8080414,True,High
0,0,0.0730143,True,Low
1,1,0.9880917,True,High
1,1,0.93968886,True,High
1,1,0.999411,True,High
1,1,0.9964568,True,High
1,1,0.99989426,True,High
0,0,0.13414602,True,Low
1,0,0.27459648,False,Low
0,0,0.13809164,True,Low
1,1,0.9931051,True,High
0,0,0.042231966,True,Low
0,0,0.016076287,True,Low
1,1,0.9957416,True,High
0,0,0.037869617,True,Low
0,0,0.16463692,True,Low
1,1,0.99576414,True,High
0,0,0.021327207,True,Low
1,1,0.9974956,True,High
1,1,0.99952626,True,High
1,1,0.9678101,True,High
0,0,0.008311612,True,Low
1,1,0.71999556,True,High
1,1,0.99769175,True,High
0,0,0.20726389,True,Low
1,1,0.99990964,True,High
0,0,0.0060336078,True,Low
0,0,0.008878368,True,Low
0,0,0.15949456,True,Low
1,0,0.33389968,False,Medium
0,0,0.021316724,True,Low
1,1,0.9988695,True,High
0,0,0.04619642,True,Low
0,0,0.013750104,True,Low
0,0,0.0272748,True,Low
1,1,0.9988632,True,High
0,0,0.26401404,True,Low
1,1,0.99931073,True,High
0,0,0.04389413,True,Low
0,0,0.04891276,True,Low
1,1,0.77738863,True,High
1,1,0.9969283,True,High
1,1,0.97364646,True,High
0,0,0.18647644,True,Low
1,1,0.97355855,True,High
1,1,0.9854337,True,High
0,0,0.02033631,True,Low
1,1,0.8413929,True,High
1,1,0.9217641,True,High
1,1,0.9992374,True,High
0,0,0.106235035,True,Low
1,1,0.91028565,True,High
0,0,0.03544752,True,Low
0,0,0.020598812,True,Low
0,0,0.1753378,True,Low
0,0,0.0050299573,True,Low
0,0,0.007790851,True,Low
1,1,0.99884343,True,High
1,1,0.9950001,True,High
1,1,0.99907184,True,High
1,0,0.24441014,False,Low
0,0,0.049778536,True,Low
0,1,0.8358525,False,High
1,1,0.9976641,True,High
0,0,0.48836502,True,Medium
1,1,0.99534684,True,High
1,1,0.9815616,True,High
0,0,0.058764804,True,Low
1,0,0.19306555,False,Low
0,0,0.23153949,True,Low
0,0,0.044951763,True,Low
1,1,0.91744584,True,High
1,1,0.98911184,True,High
0,0,0.046170194,True,Low
0,0,0.09323309,True,Low
1,1,0.9942311,True,High
0,1,0.672877,False,Medium
1,1,0.98169774,True,High
0,0,0.032870356,True,Low
0,0,0.049406994,True,Low
0,0,0.010414539,True,Low
1,1,0.97505164,True,High
1,1,0.99919933,True,High
1,1,0.99911493,True,High
0,0,0.023220496,True,Low
1,1,0.9286932,True,High
0,0,0.013022642,True,Low
1,0,0.045119647,False,Low
0,0,0.058846857,True,Low
0,0,0.031865768,True,Low
1,1,0.9957975,True,High
1,1,0.9992798,True,High
0,0,0.008738496,True,Low
1,1,0.50679696,True,Medium
0,0,0.078012064,True,Low
0,0,0.10726099,True,Low
0,0,0.044299215,True,Low
1,1,0.999153,True,High
1,1,0.99361575,True,High
0,0,0.041826468,True,Low
0,0,0.13855867,True,Low
1,1,0.9909497,True,High
0,0,0.038653046,True,Low
1,1,0.9912742,True,High
0,0,0.06706393,True,Low
0,0,0.09333263,True,Low
0,0,0.3921974,True,Medium
0,0,0.023707256,True,Low
1,1,0.9991078,True,High
1,1,0.9987343,True,High
0,0,0.028808156,True,Low
1,1,0.9897086,True,High
0,0,0.044624463,True,Low
0,0,0.014171213,True,Low
0,1,0.5800894,False,Medium
0,0,0.06531682,True,Low
0,0,0.16792853,True,Low
1,1,0.9824744,True,High
1,1,0.9996505,True,High
1,1,0.95757204,True,High
0,0,0.01222858,True,Low
1,1,0.8486453,True,High
1,1,0.9999137,True,High
1,1,0.97482353,True,High
1,1,0.99590874,True,High
0,0,0.05910574,True,Low
0,0,0.023638226,True,Low
0,0,0.124568805,True,Low
0,0,0.011509023,True,Low
1,1,0.9930038,True,High
1,1,0.9997212,True,High
1,1,0.9980192,True,High
0,0,0.018425513,True,Low
1,1,0.50217646,True,Medium
0,0,0.11014243,True,Low
1,1,0.9875731,True,High
0,0,0.03324948,True,Low
1,1,0.99545825,True,High
1,1,0.9963265,True,High
1,1,0.99992645,True,High
0,0,0.1453468,True,Low
1,1,0.9884978,True,High
1,1,0.9988164,True,High
1,0,0.4372314,False,Medium
0,0,0.0112207765,True,Low
1,1,0.94917864,True,High
1,1,0.9138749,True,High
0,0,0.035933945,True,Low
0,0,0.028383406,True,Low
1,1,0.9835587,True,High
0,0,0.031175263,True,Low
0,0,0.047943506,True,Low
0,0,0.02430012,True,Low
1,1,0.99990547,True,High
0,0,0.024482735,True,Low
1,1,0.81689465,True,High
0,1,0.89060086,False,High
1,1,0.9983394,True,High
0,0,0.010733187,True,Low
0,0,0.3975937,True,Medium
1,1,0.92159873,True,High
0,0,0.030180536,True,Low
1,1,0.97193515,True,High
0,0,0.05025941,True,Low
0,0,0.034474906,True,Low
1,1,0.9921421,True,High
1,1,0.9981975,True,High
1,1,0.98359734,True,High
0,0,0.03142143,True,Low
1,1,0.9991036,True,High
1,1,0.9998092,True,High
0,0,0.034340564,True,Low
1,1,0.9981487,True,High
1,1,0.8452821,True,High
0,0,0.2040958,True,Low
0,0,0.02129228,True,Low
0,0,0.033819105,True,Low
0,0,0.0872577,True,Low
0,0,0.013083739,True,Low
1,1,0.9948389,True,High
1,1,0.658679,True,Medium
1,1,0.99693537,True,High
0,0,0.030477647,True,Low
0,0,0.051200576,True,Low
1,1,0.99832135,True,High
1,1,0.9989617,True,High
0,0,0.047882397,True,Low
0,0,0.04932128,True,Low
1,1,0.9992017,True,High
0,0,0.032079536,True,Low
0,0,0.036044996,True,Low
1,1,0.9982913,True,High
0,0,0.019508077,True,Low
1,1,0.9989442,True,High
0,0,0.01878149,True,Low
0,0,0.047817037,True,Low
1,1,0.7753443,True,High
0,0,0.01246588,True,Low
1,1,0.9983912,True,High
1,1,0.9994004,True,High
0,0,0.05001994,True,Low
0,0,0.3880435,True,Medium
0,0,0.009630218,True,Low
1,1,0.9996568,True,High
0,0,0.040653158,True,Low
1,1,0.804411,True,High
1,1,0.98933,True,High
0,0,0.052632563,True,Low
1,1,0.9988875,True,High
1,1,0.9999254,True,High
1,1,0.99493116,True,High
1,1,0.9600305,True,High
1,1,0.9919859,True,High
0,0,0.07369581,True,Low
1,1,0.9997533,True,High
1,1,0.8933893,True,High
0,1,0.5846673,False,Medium
0,0,0.10301039,True,Low
1,1,0.992668,True,High
1,1,0.9974806,True,High
1,1,0.99754435,True,High
0,0,0.025902083,True,Low
0,0,0.014652058,True,Low
1,1,0.978365,True,High
1,1,0.9928623,True,High
0,0,0.03770626,True,Low
1,1,0.9696265,True,High
1,1,0.9996698,True,High
0,0,0.013711468,True,Low
1,1,0.9921854,True,High
0,0,0.14801408,True,Low
0,0,0.11121733,True,Low
1,1,0.9998863,True,High
0,0,0.07679365,True,Low
1,1,0.99932826,True,High
1,1,0.9358653,True,High
1,1,0.98868364,True,High
1,1,0.9996076,True,High
0,0,0.05669229,True,Low
1,1,0.9924769,True,High
1,1,0.99966073,True,High
1,1,0.9991374,True,High
1,1,0.997914,True,High
1,1,0.9271809,True,High
1,1,0.8208957,True,High
0,0,0.039178815,True,Low
1,1,0.99579144,True,High
1,1,0.9978296,True,High
0,0,0.024162505,True,Low
1,1,0.9975768,True,High
0,0,0.04378186,True,Low
1,1,0.9987545,True,High
0,0,0.029137623,True,Low
1,1,0.9468968,True,High
1,1,0.9999298,True,High
0,0,0.05525504,True,Low
0,0,0.2568086,True,Low
1,1,0.9962125,True,High
1,0,0.4245626,False,Medium
0,0,0.12289763,True,Low
1,1,0.99090415,True,High
1,1,0.99163437,True,High
1,0,0.109986804,False,Low
0,0,0.010848213,True,Low
0,0,0.014193348,True,Low
1,0,0.019185448,False,Low
1,1,0.9903674,True,High
1,1,0.99907327,True,High
0,1,0.74019474,False,High
1,1,0.99935716,True,High
1,1,0.990798,True,High
0,0,0.02629752,True,Low
1,1,0.9984848,True,High
0,0,0.0042413794,True,Low
0,0,0.047731105,True,Low
1,1,0.99973375,True,High
0,0,0.023108836,True,Low
1,1,0.7756862,True,High
1,1,0.8193696,True,High
1,1,0.97101307,True,High
0,0,0.10241658,True,Low
1,1,0.9979625,True,High
0,0,0.037207805,True,Low
0,0,0.051847097,True,Low
1,0,0.39883852,False,Medium
1,1,0.99427056,True,High
1,1,0.9109516,True,High
1,1,0.9991441,True,High
0,0,0.12608595,True,Low
1,1,0.9960574,True,High
1,1,0.9996247,True,High
1,1,0.99992085,True,High
1,1,0.9999645,True,High
1,1,0.9979838,True,High
0,0,0.16099879,True,Low
1,1,0.9566492,True,High
0,0,0.03533773,True,Low
1,1,0.96097076,True,High
1,1,0.99896705,True,High
1,1,0.9990434,True,High
0,0,0.017557388,True,Low
0,0,0.05750263,True,Low
1,1,0.99846077,True,High
0,0,0.013643334,True,Low
0,0,0.027537216,True,Low
0,0,0.2314533,True,Low
1,1,0.9997342,True,High
1,1,0.99992645,True,High
1,0,0.06912437,False,Low
0,0,0.048179176,True,Low
0,0,0.032249186,True,Low
1,1,0.9994037,True,High
0,0,0.021953752,True,Low
0,0,0.06915761,True,Low
0,0,0.15920737,True,Low
1,1,0.99725515,True,High
1,1,0.9981609,True,High
0,0,0.04430303,True,Low
1,1,0.9980578,True,High
0,0,0.055352934,True,Low
1,0,0.46418312,False,Medium
0,0,0.048080303,True,Low
1,1,0.97752315,True,High
1,1,0.99133533,True,High
1,1,0.5379345,True,Medium
1,1,0.99648523,True,High
1,1,0.9971129,True,High
1,1,0.99993193,True,High
1,1,0.9964844,True,High
1,0,0.035233896,False,Low
0,0,0.04897409,True,Low
1,1,0.9982553,True,High
0,0,0.028299306,True,Low
0,0,0.11884213,True,Low
0,0,0.13245721,True,Low
1,1,0.9973711,True,High
1,1,0.98444355,True,High
1,1,0.9987789,True,High
1,1,0.9912696,True,High
1,1,0.99843305,True,High
1,0,0.3238183,False,Medium
1,1,0.9990134,True,High
0,0,0.022625932,True,Low
0,0,0.041224364,True,Low
1,1,0.9976967,True,High
1,1,0.988299,True,High
1,0,0.14993598,False,Low
1,1,0.96844894,True,High
0,0,0.041751813,True,Low
1,1,0.995739,True,High
0,0,0.09060418,True,Low
0,0,0.03031883,True,Low
0,0,0.02410755,True,Low
1,1,0.943238,True,High
0,0,0.02273003,True,Low
1,1,0.98849446,True,High
0,0,0.10511976,True,Low
1,1,0.9886729,True,High
0,0,0.02665828,True,Low
1,1,0.94364357,True,High
1,1,0.9877116,True,High
0,0,0.023657642,True,Low
1,1,0.95176786,True,High
1,1,0.98748463,True,High
1,1,0.99991536,True,High
0,1,0.5370089,False,Medium
0,0,0.033080496,True,Low
1,1,0.9906448,True,High
0,0,0.012332912,True,Low
1,1,0.9967803,True,High
1,1,0.99301744,True,High
0,0,0.14371818,True,Low
1,1,0.89653563,True,High
0,0,0.058563523,True,Low
1,1,0.9891561,True,High
0,0,0.038552828,True,Low
1,1,0.9911034,True,High
0,0,0.047097433,True,Low
0,0,0.015966656,True,Low
1,1,0.9680291,True,High
0,0,0.026336472,True,Low
0,0,0.026227588,True,Low
0,1,0.53218913,False,Medium
0,0,0.018322423,True,Low
1,1,0.9964594,True,High
1,1,0.99520844,True,High
0,0,0.16069254,True,Low
1,1,0.9998934,True,High
1,1,0.99956423,True,High
0,0,0.047849484,True,Low
1,1,0.9524902,True,High
1,1,0.99708587,True,High
1,1,0.9968928,True,High
1,1,0.9941251,True,High
1,1,0.8422119,True,High
0,0,0.46373346,True,Medium
1,1,0.9760332,True,High
1,1,0.9956791,True,High
1,1,0.90005916,True,High
0,0,0.28306264,True,Low
0,0,0.04698787,True,Low
0,0,0.02624385,True,Low
1,1,0.99722904,True,High
1,1,0.99820244,True,High
0,0,0.08463646,True,Low
1,1,0.9978035,True,High
0,0,0.031806607,True,Low
1,1,0.99717146,True,High
0,1,0.85794306,False,High
1,1,0.99855584,True,High
1,1,0.98578656,True,High
1,1,0.9969146,True,High
1,1,0.99642295,True,High
1,1,0.88750196,True,High
0,0,0.058376398,True,Low
1,1,0.97361064,True,High
0,0,0.047836307,True,Low
0,0,0.027240146,True,Low
0,0,0.048201855,True,Low
1,1,0.9999244,True,High
0,0,0.029920889,True,Low
1,1,0.9261067,True,High
0,0,0.010411748,True,Low
1,1,0.6907057,True,Medium
0,0,0.0071198377,True,Low
1,1,0.98791283,True,High
0,0,0.010982814,True,Low
0,1,0.9929386,False,High
0,0,0.021082519,True,Low
1,1,0.9449594,True,High
0,0,0.06640814,True,Low
0,0,0.034159318,True,Low
1,1,0.9988838,True,High
0,0,0.024870953,True,Low
1,1,0.9997259,True,High
0,0,0.01425035,True,Low
0,1,0.78305876,False,High
0,0,0.09260558,True,Low
1,0,0.2921455,False,Low
1,1,0.9344621,True,High
0,1,0.5273452,False,Medium
1,1,0.9979012,True,High
1,1,0.9483025,True,High
1,1,0.98752636,True,High
0,1,0.6059901,False,Medium
1,1,0.8631573,True,High
0,0,0.06549386,True,Low
1,1,0.9997545,True,High
0,0,0.109165184,True,Low
1,1,0.99529654,True,High
0,0,0.035037544,True,Low
0,0,0.02775913,True,Low
0,0,0.07352927,True,Low
1,1,0.79812664,True,High
0,0,0.017770182,True,Low
0,0,0.06296348,True,Low
1,1,0.96922415,True,High
1,0,0.059065733,False,Low
1,1,0.9998548,True,High
1,1,0.98777777,True,High
1,1,0.9717336,True,High
0,0,0.30753946,True,Medium
1,0,0.3952379,False,Medium
1,1,0.99727255,True,High
0,0,0.054723606,True,Low
0,0,0.017673306,True,Low
1,1,0.99678135,True,High
0,0,0.009061402,True,Low
0,0,0.06098635,True,Low
1,1,0.9984534,True,High
1,1,0.98868424,True,High
1,1,0.9949882,True,High
1,1,0.9900746,True,High
0,0,0.41805783,True,Medium
1,1,0.99663156,True,High
0,0,0.021927299,True,Low
0,0,0.038266484,True,Low
1,1,0.99986994,True,High
1,0,0.41252923,False,Medium
0,0,0.013693039,True,Low
0,0,0.036000594,True,Low
1,1,0.99686843,True,High
1,1,0.9982967,True,High
1,1,0.99919075,True,High
1,1,0.9999093,True,High
0,0,0.036487453,True,Low
0,0,0.004510302,True,Low
1,1,0.999062,True,High
1,1,0.70959336,True,High
1,1,0.93794304,True,High
1,1,0.9962998,True,High
1,1,0.99971694,True,High
0,0,0.047779012,True,Low
0,0,0.011217322,True,Low
1,1,0.9999125,True,High
1,1,0.9895191,True,High
0,0,0.040551137,True,Low
0,0,0.021258773,True,Low
1,1,0.8773441,True,High
1,1,0.99932003,True,High
0,0,0.04018174,True,Low
0,0,0.08051961,True,Low
0,0,0.025469486,True,Low
1,1,0.99650097,True,High
1,1,0.9640249,True,High
0,0,0.07961383,True,Low
1,0,0.07138234,False,Low
1,1,0.9514773,True,High
0,0,0.033333108,True,Low
0,0,0.060765766,True,Low
1,1,0.998971,True,High
0,0,0.099118024,True,Low
1,1,0.99582195,True,High
0,0,0.021037867,True,Low
1,0,0.182621,False,Low
1,1,0.99455714,True,High
1,0,0.47822958,False,Medium
0,0,0.025711264,True,Low
1,1,0.9023391,True,High
1,1,0.99991584,True,High
1,1,0.9999218,True,High
1,1,0.9706645,True,High
0,0,0.009553193,True,Low
1,1,0.9960051,True,High
1,1,0.8143856,True,High
1,1,0.9283113,True,High
1,1,0.993164,True,High
0,0,0.015367924,True,Low
1,1,0.5695285,True,Medium
0,0,0.11351326,True,Low
1,1,0.99831414,True,High
0,1,0.68846303,False,Medium
0,0,0.12156422,True,Low
1,1,0.86671495,True,High
1,1,0.9997123,True,High
0,0,0.017948525,True,Low
0,0,0.018411763,True,Low
1,1,0.8412259,True,High
0,0,0.15596868,True,Low
1,1,0.9775097,True,High
0,0,0.17927991,True,Low
0,0,0.014255892,True,Low
0,0,0.022947539,True,Low
1,1,0.89843935,True,High
0,0,0.058265958,True,Low
1,1,0.99496377,True,High
1,1,0.99514765,True,High
1,1,0.9898217,True,High
0,0,0.19184986,True,Low
0,0,0.023255136,True,Low
0,0,0.0117264455,True,Low
1,1,0.99979216,True,High
0,0,0.02814194,True,Low
0,0,0.04305663,True,Low
1,1,0.97815084,True,High
0,0,0.026210794,True,Low
1,1,0.75316185,True,High
1,1,0.9848595,True,High
1,0,0.46821806,False,Medium
0,0,0.09772549,True,Low
0,0,0.038373902,True,Low
1,1,0.7574005,True,High
0,0,0.054170944,True,Low
0,0,0.050609484,True,Low
1,1,0.96535695,True,High
0,0,0.017268952,True,Low
0,0,0.04434656,True,Low
1,1,0.9997465,True,High
0,0,0.025645519,True,Low
1,1,0.997145,True,High
0,0,0.023447793,True,Low
0,0,0.05246287,True,Low
1,1,0.827274,True,High
0,0,0.03204167,True,Low
0,0,0.04846226,True,Low
1,1,0.95219225,True,High
1,1,0.99865085,True,High
0,0,0.24181001,True,Low
0,0,0.016052373,True,Low
1,1,0.99926275,True,High
1,1,0.98975205,True,High
0,0,0.046069525,True,Low
1,1,0.99984765,True,High
1,1,0.9947678,True,High
0,0,0.22353432,True,Low
1,1,0.99702185,True,High
0,0,0.05350526,True,Low
0,0,0.06968625,True,Low
1,1,0.5789558,True,Medium
0,0,0.02318068,True,Low
1,1,0.8703865,True,High
0,0,0.037128497,True,Low
1,1,0.9930027,True,High
0,0,0.010905763,True,Low
0,0,0.04816619,True,Low
1,1,0.5108183,True,Medium
1,1,0.99980444,True,High
0,0,0.066611156,True,Low
1,1,0.99795073,True,High
0,0,0.038064368,True,Low
0,0,0.059912726,True,Low
0,0,0.06188926,True,Low
1,1,0.96229154,True,High
0,0,0.11504149,True,Low
0,0,0.020153996,True,Low
0,0,0.04818172,True,Low
1,1,0.99164116,True,High
0,0,0.048534542,True,Low
1,1,0.9974105,True,High
1,1,0.9421673,True,High
1,1,0.99839145,True,High
0,0,0.013866106,True,Low
0,0,0.01484762,True,Low
1,1,0.6885539,True,Medium
1,1,0.97539,True,High
0,0,0.032569442,True,Low
0,1,0.9812851,False,High
0,0,0.013286959,True,Low
0,0,0.024572825,True,Low
0,0,0.032920927,True,Low
1,1,0.97736585,True,High
1,0,0.098844096,False,Low
1,1,0.98211205,True,High
0,0,0.06195717,True,Low
1,1,0.9994209,True,High
1,1,0.9713798,True,High
0,0,0.01969143,True,Low
0,0,0.06509902,True,Low
0,0,0.05648865,True,Low
0,0,0.014298772,True,Low
1,1,0.97916186,True,High
1,1,0.9999838,True,High
0,0,0.30708477,True,Medium
1,1,0.98900187,True,High
0,0,0.05151352,True,Low
0,0,0.120054044,True,Low
0,0,0.07772694,True,Low
1,1,0.8426368,True,High
0,0,0.035143238,True,Low
1,1,0.99772495,True,High
1,1,0.9998621,True,High
1,1,0.975206,True,High
1,1,0.6023642,True,Medium
0,0,0.042126425,True,Low
0,0,0.110943004,True,Low
0,0,0.44239765,True,Medium
1,1,0.80222887,True,High
0,0,0.12855585,True,Low
1,1,0.99793774,True,High
1,1,0.75583357,True,High
0,0,0.104242064,True,Low
0,0,0.35768747,True,Medium
0,0,0.05046806,True,Low
0,0,0.01019728,True,Low
0,0,0.019782357,True,Low
1,1,0.92871636,True,High
1,1,0.9962094,True,High
1,1,0.9967182,True,High
1,1,0.89307195,True,High
0,0,0.06337806,True,Low
1,1,0.9954122,True,High
0,0,0.124614775,True,Low
0,0,0.09332936,True,Low
0,0,0.08003401,True,Low
1,1,0.9287048,True,High
0,0,0.12164152,True,Low
1,1,0.9993456,True,High
0,0,0.017274456,True,Low
1,1,0.9953218,True,High
1,1,0.96951115,True,High
0,0,0.086815275,True,Low
0,0,0.12327653,True,Low
1,1,0.9639243,True,High
1,1,0.73796874,True,High
1,1,0.9986345,True,High
0,0,0.069046445,True,Low
1,1,0.9912839,True,High
1,0,0.05486501,False,Low
0,0,0.029696034,True,Low
1,1,0.99958163,True,High
1,1,0.94692844,True,High
0,0,0.036479566,True,Low
1,1,0.99638295,True,High
1,1,0.99994314,True,High
0,0,0.28155425,True,Low
0,0,0.13661738,True,Low
0,0,0.18759087,True,Low
1,1,0.98856467,True,High
1,1,0.9998785,True,High
1,1,0.99953485,True,High
0,0,0.030361164,True,Low
1,1,0.999238,True,High
1,1,0.9997451,True,High
0,0,0.22823396,True,Low
0,0,0.01855294,True,Low
1,1,0.99974304,True,High
1,1,0.99966013,True,High
1,1,0.927022,True,High
0,0,0.057055257,True,Low
1,1,0.99410725,True,High
1,1,0.99686843,True,High
0,0,0.021247605,True,Low
0,0,0.094779804,True,Low
0,0,0.048552297,True,Low
1,0,0.11481667,False,Low
0,0,0.023533104,True,Low
0,0,0.02673395,True,Low
0,0,0.025141452,True,Low
1,1,0.999899,True,High
1,1,0.99573886,True,High
0,0,0.043730386,True,Low
0,0,0.011900014,True,Low
0,0,0.029948331,True,Low
1,1,0.96200055,True,High
1,1,0.999226,True,High
0,0,0.045498185,True,Low
1,1,0.9898218,True,High
1,1,0.99900764,True,High
0,0,0.1055192,True,Low
0,0,0.07940495,True,Low
0,0,0.059820347,True,Low
1,1,0.9714631,True,High
1,1,0.9962668,True,High
1,1,0.9948612,True,High
1,1,0.9729645,True,High
1,1,0.99987113,True,High
1,1,0.9978521,True,High
0,0,0.030250853,True,Low
0,0,0.030581845,True,Low
0,0,0.011345319,True,Low
0,0,0.022501022,True,Low
0,0,0.01603199,True,Low
1,1,0.94363886,True,High
1,0,0.08507982,False,Low
0,0,0.069689155,True,Low
0,0,0.08278126,True,Low
0,0,0.14225833,True,Low
0,0,0.014616666,True,Low
1,0,0.07553218,False,Low
0,0,0.040016882,True,Low
1,1,0.8611026,True,High
0,0,0.0289151,True,Low
1,1,0.9970716,True,High
0,0,0.050672255,True,Low
1,0,0.22279619,False,Low
1,1,0.7598312,True,High
0,0,0.010475283,True,Low
0,0,0.1444939,True,Low
1,1,0.9946898,True,High
0,0,0.022565713,True,Low
1,1,0.99942136,True,High
0,0,0.08592122,True,Low
1,1,0.6777424,True,Medium
1,1,0.82078797,True,High
1,1,0.72346306,True,High
1,1,0.99759394,True,High
0,0,0.047865193,True,Low
1,1,0.90744424,True,High
1,1,0.9994634,True,High
0,0,0.025919521,True,Low
0,0,0.033687223,True,Low
1,1,0.9635655,True,High
1,1,0.81207186,True,High
1,1,0.99579763,True,High
1,1,0.9985965,True,High
1,1,0.9955793,True,High
0,0,0.03337736,True,Low
1,1,0.9992187,True,High
0,0,0.028232405,True,Low
1,1,0.9990711,True,High
1,1,0.9949291,True,High
1,1,0.9871903,True,High
1,1,0.9752853,True,High
1,0,0.17918457,False,Low
1,1,0.8701088,True,High
1,1,0.9999298,True,High
0,0,0.1308355,True,Low
1,0,0.09306517,False,Low
0,0,0.0820332,True,Low
1,1,0.9990325,True,High
0,0,0.133359,True,Low
1,1,0.971458,True,High
1,1,0.9997732,True,High
0,0,0.026675155,True,Low
1,1,0.99991405,True,High
1,1,0.9887468,True,High
1,0,0.009073381,False,Low
1,1,0.99818414,True,High
1,1,0.99350387,True,High
0,0,0.007704902,True,Low
0,0,0.14184713,True,Low
1,1,0.9994584,True,High
0,0,0.07281358,True,Low
0,0,0.037897214,True,Low
0,0,0.061606348,True,Low
1,1,0.8046671,True,High
1,1,0.9989479,True,High
1,1,0.9748906,True,High
1,1,0.9980305,True,High
1,0,0.41541472,False,Medium
0,0,0.11506963,True,Low
1,1,0.9245797,True,High
1,1,0.98798496,True,High
0,0,0.036512975,True,Low
1,1,0.9992704,True,High
0,0,0.061895546,True,Low
1,0,0.22250807,False,Low
0,0,0.17731865,True,Low
0,0,0.022232573,True,Low
0,0,0.016778724,True,Low
0,1,0.50980735,False,Medium
0,1,0.83486366,False,High
0,0,0.020026388,True,Low
0,1,0.55927736,False,Medium
0,0,0.09772795,True,Low
1,1,0.9991573,True,High
0,0,0.013699378,True,Low
1,1,0.9992416,True,High
1,1,0.9976962,True,High
1,1,0.9876744,True,High
1,1,0.99845326,True,High
1,1,0.9967734,True,High
0,0,0.415813,True,Medium
0,0,0.014364481,True,Low
0,0,0.031085711,True,Low
1,1,0.96468806,True,High
1,1,0.9950655,True,High
1,1,0.96683717,True,High
1,1,0.9236045,True,High
1,0,0.15303668,False,Low
1,1,0.9917818,True,High
0,0,0.08005887,True,Low
1,1,0.5120177,True,Medium
1,1,0.86983734,True,High
1,0,0.16223477,False,Low
1,1,0.97006804,True,High
0,0,0.022023542,True,Low
1,1,0.997835,True,High
1,1,0.9938122,True,High
1,1,0.99986815,True,High
1,1,0.9356029,True,High
0,0,0.027360579,True,Low
0,0,0.03582566,True,Low
1,1,0.98922694,True,High
0,0,0.01864384,True,Low
0,0,0.019793622,True,Low
0,0,0.14070714,True,Low
0,0,0.3509034,True,Medium
1,1,0.99978787,True,High
1,1,0.9928939,True,High
1,1,0.8866815,True,High
1,1,0.99495417,True,High
1,1,0.9996561,True,High
0,0,0.12179384,True,Low
0,0,0.049012266,True,Low
1,1,0.98400277,True,High
0,0,0.020662285,True,Low
1,1,0.9967393,True,High
1,1,0.745014,True,High
1,1,0.9246003,True,High
1,1,0.99973804,True,High
1,1,0.9987092,True,High
0,0,0.1065448,True,Low
1,1,0.9992531,True,High
0,0,0.060172185,True,Low
0,0,0.010571182,True,Low
1,1,0.9714536,True,High
0,0,0.01918303,True,Low
0,0,0.10896953,True,Low
1,1,0.9788472,True,High
0,0,0.034705795,True,Low
0,0,0.027762404,True,Low
1,1,0.9682921,True,High
0,0,0.044110816,True,Low
1,1,0.99837,True,High
1,1,0.91425115,True,High
0,0,0.009870013,True,Low
1,1,0.9595914,True,High
0,0,0.028799813,True,Low
1,1,0.7247472,True,High
1,1,0.9668392,True,High
1,0,0.026931372,False,Low
0,0,0.4649303,True,Medium
0,0,0.040140726,True,Low
0,0,0.053989556,True,Low
1,1,0.9981346,True,High
1,1,0.8021727,True,High
1,1,0.9392906,True,High
1,1,0.98205423,True,High
1,1,0.99516946,True,High
1,1,0.9986411,True,High
0,0,0.014220648,True,Low
1,1,0.9998091,True,High
0,0,0.033277422,True,Low
0,0,0.016759383,True,Low
1,1,0.8206999,True,High
0,0,0.04112775,True,Low
0,0,0.05163064,True,Low
0,0,0.08267071,True,Low
1,1,0.89714307,True,High
1,1,0.88792354,True,High
0,0,0.07350422,True,Low
1,1,0.9189452,True,High
0,0,0.01608261,True,Low
0,0,0.01745138,True,Low
1,1,0.9465058,True,High
1,1,0.9952122,True,High
1,1,0.99819285,True,High
0,0,0.13466132,True,Low
1,1,0.9704808,True,High
0,0,0.085788004,True,Low
0,1,0.95379925,False,High
1,1,0.9905386,True,High
1,1,0.9913824,True,High
1,1,0.98645055,True,High
1,1,0.9997092,True,High
1,1,0.99822277,True,High
1,1,0.972808,True,High
0,0,0.027838016,True,Low
0,0,0.032306064,True,Low
1,1,0.8962331,True,High
0,0,0.031284064,True,Low
0,0,0.018884806,True,Low
0,0,0.0475129,True,Low
1,1,0.9826372,True,High
0,0,0.08613048,True,Low
0,0,0.010373368,True,Low
1,1,0.9849834,True,High
1,1,0.99051076,True,High
0,0,0.0381141,True,Low
1,1,0.99184763,True,High
0,0,0.030605864,True,Low
1,1,0.98478967,True,High
0,0,0.010322987,True,Low
0,0,0.017660826,True,Low
0,0,0.4695657,True,Medium
1,1,0.96615934,True,High
1,1,0.996637,True,High
0,0,0.01707756,True,Low
0,0,0.011653367,True,Low
0,0,0.20304562,True,Low
0,0,0.011794004,True,Low
1,1,0.9696238,True,High
0,0,0.021692758,True,Low
1,1,0.9997453,True,High
1,1,0.9966337,True,High
0,0,0.061204996,True,Low
1,1,0.99532783,True,High
0,0,0.017502135,True,Low
0,0,0.039632495,True,Low
1,0,0.45935044,False,Medium
1,1,0.9937499,True,High
0,0,0.072476506,True,Low
1,1,0.90914565,True,High
1,1,0.9929178,True,High
1,1,0.99944085,True,High
1,0,0.19775125,False,Low
0,0,0.050785504,True,Low
1,1,0.99611914,True,High
1,1,0.99946123,True,High
0,0,0.11290781,True,Low
1,1,0.9491338,True,High
0,0,0.015554443,True,Low
0,0,0.028504716,True,Low
0,0,0.045060556,True,Low
0,0,0.113432385,True,Low
0,0,0.036074564,True,Low
1,1,0.99974877,True,High
0,0,0.023928724,True,Low
1,1,0.978964,True,High
0,0,0.01131361,True,Low
1,1,0.89901066,True,High
1,1,0.86164504,True,High
0,0,0.019459773,True,Low
0,0,0.06837082,True,Low
0,0,0.026102964,True,Low
1,1,0.90823764,True,High
0,0,0.04064068,True,Low
0,0,0.03765484,True,Low
1,1,0.9984414,True,High
0,0,0.0055022896,True,Low
1,0,0.42795825,False,Medium
1,1,0.9980762,True,High
1,1,0.9939991,True,High
1,1,0.9989453,True,High
0,0,0.021112457,True,Low
1,1,0.99593735,True,High
1,1,0.9957136,True,High
1,1,0.9881086,True,High
1,1,0.88536066,True,High
0,1,0.8678141,False,High
1,1,0.99933296,True,High
1,1,0.9952448,True,High
0,0,0.045914553,True,Low
0,0,0.12397165,True,Low
1,1,0.8958321,True,High
0,0,0.038091354,True,Low
0,0,0.08696888,True,Low
1,1,0.99970204,True,High
0,0,0.009621804,True,Low
0,0,0.036265768,True,Low
1,1,0.99885964,True,High
0,0,0.021532394,True,Low
0,0,0.02602641,True,Low
1,1,0.9452414,True,High
0,1,0.5528923,False,Medium
1,1,0.9995241,True,High
0,0,0.017047929,True,Low
1,1,0.99995947,True,High
0,0,0.011869485,True,Low
0,0,0.05800244,True,Low
0,0,0.037366018,True,Low
0,0,0.029238561,True,Low
1,1,0.99679,True,High
0,0,0.3814191,True,Medium
0,0,0.05725426,True,Low
0,0,0.01891794,True,Low
1,1,0.999481,True,High
1,1,0.8177509,True,High
0,0,0.02759906,True,Low
1,1,0.9130489,True,High
1,1,0.99907684,True,High
1,1,0.9859363,True,High
0,0,0.07600558,True,Low
0,0,0.019762317,True,Low
1,1,0.96371377,True,High
1,1,0.9975706,True,High
1,1,0.99987626,True,High
0,0,0.013790532,True,Low
1,1,0.99459654,True,High
1,1,0.9979207,True,High
0,0,0.0066974144,True,Low
0,0,0.016936192,True,Low
1,1,0.8784667,True,High
1,1,0.99579006,True,High
1,1,0.9465927,True,High
0,0,0.028044144,True,Low
1,1,0.900199,True,High
0,0,0.026377808,True,Low
0,0,0.04055552,True,Low
0,0,0.08139267,True,Low
0,0,0.13525611,True,Low
0,0,0.03639947,True,Low
0,0,0.061738618,True,Low
1,1,0.99516606,True,High
0,0,0.069581404,True,Low
1,0,0.2125178,False,Low
0,0,0.04802575,True,Low
1,1,0.9913189,True,High
1,1,0.9145302,True,High
1,1,0.8713274,True,High
0,0,0.034585405,True,Low
0,0,0.37210345,True,Medium
1,1,0.9991492,True,High
0,0,0.06918283,True,Low
0,0,0.03177532,True,Low
1,1,0.9958461,True,High
0,0,0.025701633,True,Low
0,0,0.11969114,True,Low
1,1,0.99989974,True,High
1,1,0.78315806,True,High
0,0,0.073601454,True,Low
0,0,0.022761373,True,Low
0,0,0.02067976,True,Low
1,1,0.99949634,True,High
1,1,0.9426444,True,High
0,0,0.102628365,True,Low
0,0,0.15953551,True,Low
1,1,0.9981717,True,High
1,1,0.999767,True,High
0,0,0.011899526,True,Low
0,0,0.24554376,True,Low
1,1,0.9995666,True,High
0,0,0.39005387,True,Medium
0,0,0.0087812,True,Low
1,1,0.9523267,True,High
1,1,0.998628,True,High
1,1,0.9974049,True,High
0,0,0.27823132,True,Low
0,0,0.14708689,True,Low
1,1,0.99978966,True,High
1,1,0.9278606,True,High
1,0,0.05394524,False,Low
1,1,0.9975842,True,High
1,1,0.82494885,True,High
0,0,0.097624436,True,Low
0,0,0.026472183,True,Low
1,0,0.48074192,False,Medium
1,1,0.9844736,True,High
0,0,0.08768154,True,Low
0,0,0.05648216,True,Low
0,0,0.07892033,True,Low
1,1,0.9840389,True,High
1,1,0.9965576,True,High
1,1,0.99479747,True,High
1,1,0.9762673,True,High
1,1,0.9907575,True,High
1,1,0.9939243,True,High
0,0,0.030133719,True,Low
0,0,0.06436564,True,Low
1,1,0.98718387,True,High
1,1,0.6805106,True,Medium
1,1,0.99917406,True,High
0,0,0.041857563,True,Low
1,1,0.96834844,True,High
1,1,0.9993814,True,High
1,1,0.9920271,True,High
1,1,0.99986875,True,High
0,0,0.052497525,True,Low
0,0,0.00799191,True,Low
1,1,0.9694547,True,High
0,0,0.31688118,True,Medium
1,1,0.9855036,True,High
1,1,0.99971706,True,High
0,0,0.013454103,True,Low
0,0,0.13502525,True,Low
1,1,0.99964404,True,High
1,1,0.95065916,True,High
1,1,0.9942988,True,High
0,0,0.07150749,True,Low
1,1,0.99262834,True,High
1,1,0.9968611,True,High
1,1,0.9998012,True,High
1,1,0.9998202,True,High
0,0,0.03940509,True,Low
1,1,0.9472855,True,High
1,1,0.9937225,True,High
1,1,0.96372885,True,High
1,1,0.999851,True,High
1,1,0.9941393,True,High
1,1,0.99687034,True,High
1,1,0.999485,True,High
0,0,0.07767925,True,Low
1,0,0.0765741,False,Low
0,0,0.039057117,True,Low
1,1,0.9817297,True,High
1,1,0.9957118,True,High
1,1,0.99908996,True,High
1,1,0.99447167,True,High
0,0,0.01359698,True,Low
0,1,0.95464325,False,High
0,0,0.024118416,True,Low
0,0,0.008804087,True,Low
0,0,0.017437598,True,Low
0,0,0.01830821,True,Low
1,1,0.9994837,True,High
1,1,0.9484951,True,High
0,0,0.051372457,True,Low
0,0,0.4921254,True,Medium
1,1,0.99585056,True,High
0,0,0.22136799,True,Low
0,0,0.009113822,True,Low
1,1,0.9962973,True,High
0,0,0.034288563,True,Low
1,1,0.9988695,True,High
1,0,0.38040614,False,Medium
1,1,0.9981554,True,High
1,1,0.98643214,True,High
0,0,0.0134019945,True,Low
0,0,0.057934746,True,Low
1,1,0.9899624,True,High
1,0,0.12011299,False,Low
1,1,0.9942701,True,High
0,0,0.057151318,True,Low
0,0,0.032110225,True,Low
1,1,0.98701537,True,High
1,1,0.9980416,True,High
1,1,0.5011759,True,Medium
1,1,0.99265987,True,High
1,1,0.98702836,True,High
0,0,0.027527828,True,Low
0,0,0.016553432,True,Low
1,1,0.99298054,True,High
0,0,0.028318226,True,Low
1,1,0.9993795,True,High
1,1,0.99102235,True,High
0,0,0.1101255,True,Low
1,1,0.9402516,True,High
0,0,0.016557477,True,Low
1,1,0.99238116,True,High
0,0,0.09465443,True,Low
1,0,0.17674366,False,Low
1,1,0.9396474,True,High
0,0,0.06460433,True,Low
0,0,0.0442056,True,Low
1,1,0.9997527,True,High
1,1,0.99563295,True,High
0,0,0.010756619,True,Low
1,1,0.9674788,True,High
1,1,0.96022457,True,High
1,1,0.9887637,True,High
0,0,0.03028263,True,Low
1,1,0.8401187,True,High
1,1,0.99805367,True,High
0,0,0.039562173,True,Low
1,1,0.99538815,True,High
0,0,0.056028478,True,Low
1,1,0.9799728,True,High
1,1,0.9976526,True,High
0,0,0.0404211,True,Low
1,1,0.9981566,True,High
1,1,0.9998394,True,High
1,1,0.9935913,True,High
0,0,0.021084832,True,Low
1,1,0.8495773,True,High
0,0,0.09022507,True,Low
0,0,0.08000259,True,Low
1,1,0.99947995,True,High
0,0,0.08401708,True,Low
0,1,0.81982577,False,High
1,1,0.98678607,True,High
1,0,0.13295308,False,Low
1,1,0.98837703,True,High
1,1,0.99552983,True,High
0,0,0.0739253,True,Low
1,1,0.5579555,True,Medium
0,0,0.033921666,True,Low
0,0,0.050720572,True,Low
1,1,0.9866969,True,High
1,1,0.96461284,True,High
0,0,0.07142807,True,Low
1,1,0.9392017,True,High
0,0,0.021197204,True,Low
0,0,0.05967082,True,Low
1,1,0.99947554,True,High
1,1,0.98684686,True,High
1,1,0.9443397,True,High
0,0,0.11434384,True,Low
1,1,0.99954957,True,High
1,1,0.98853695,True,High
1,1,0.9807612,True,High
0,0,0.013496372,True,Low
0,0,0.013757438,True,Low
1,1,0.7527565,True,High
0,0,0.112699054,True,Low
1,1,0.9828923,True,High
1,1,0.57913417,True,Medium
0,0,0.012671266,True,Low
0,0,0.0078072194,True,Low
1,1,0.95879173,True,High
0,0,0.015022712,True,Low
0,0,0.028656546,True,Low
0,0,0.12587221,True,Low
1,1,0.99983084,True,High
1,1,0.9995894,True,High
1,1,0.9961534,True,High
0,0,0.042723436,True,Low
1,1,0.994866,True,High
1,1,0.9266356,True,High
1,1,0.99667585,True,High
1,1,0.91385734,True,High
0,0,0.07464691,True,Low
1,0,0.39500052,False,Medium
1,1,0.99556243,True,High
0,0,0.067919016,True,Low
0,0,0.13652128,True,Low
1,1,0.8598423,True,High
1,1,0.92873925,True,High
1,0,0.13018821,False,Low
1,1,0.9975534,True,High
1,1,0.9302938,True,High
1,0,0.4926734,False,Medium
0,0,0.11639603,True,Low
1,1,0.9988362,True,High
1,1,0.9982768,True,High
1,1,0.9996691,True,High
1,1,0.99989986,True,High
0,0,0.049891416,True,Low
1,1,0.9977197,True,High
1,1,0.95511645,True,High
1,1,0.9928356,True,High
1,1,0.9992455,True,High
1,1,0.9913441,True,High
0,0,0.01801076,True,Low
0,0,0.03258654,True,Low
1,1,0.9990435,True,High
0,0,0.004541507,True,Low
1,1,0.9962334,True,High
1,0,0.487487,False,Medium
1,1,0.9999169,True,High
1,1,0.99928266,True,High
0,0,0.10404908,True,Low
1,1,0.99965465,True,High
1,1,0.99968565,True,High
1,1,0.96965384,True,High
0,0,0.12352753,True,Low
0,1,0.5254823,False,Medium
1,1,0.99627495,True,High
1,1,0.93161374,True,High
1,0,0.31248608,False,Medium
1,1,0.99197,True,High
1,1,0.99157387,True,High
0,0,0.018396579,True,Low
1,1,0.99366486,True,High
1,1,0.9982718,True,High
0,0,0.029069405,True,Low
1,1,0.9995326,True,High
1,1,0.99266326,True,High
1,1,0.92017514,True,High
0,0,0.1982503,True,Low
1,1,0.9986021,True,High
0,0,0.13296221,True,Low
1,1,0.99977404,True,High
0,0,0.051816944,True,Low
0,0,0.03192823,True,Low
1,1,0.9999269,True,High
1,1,0.9931289,True,High
1,1,0.9854903,True,High
0,1,0.5961112,False,Medium
0,0,0.02351727,True,Low
1,1,0.96434516,True,High
1,1,0.9989491,True,High
0,0,0.03587537,True,Low
0,0,0.013784522,True,Low
0,0,0.013769776,True,Low
0,1,0.6512182,False,Medium
1,1,0.9996835,True,High
1,1,0.99996483,True,High
1,1,0.9979519,True,High
0,0,0.05522797,True,Low
1,0,0.09762307,False,Low
0,0,0.01610458,True,Low
1,1,0.99742955,True,High
1,1,0.9988686,True,High
1,1,0.85385007,True,High
1,1,0.8852756,True,High
1,1,0.9963534,True,High
0,0,0.0041787005,True,Low
0,0,0.053174283,True,Low
0,0,0.053305294,True,Low
1,1,0.9720596,True,High
0,0,0.012051894,True,Low
1,1,0.99886835,True,High
0,0,0.19429502,True,Low
0,0,0.07011444,True,Low
1,1,0.84657925,True,High
1,1,0.99034625,True,High
1,0,0.15622962,False,Low
0,0,0.015204991,True,Low
0,0,0.012742494,True,Low
1,1,0.9841127,True,High
1,1,0.96200824,True,High
1,1,0.98560065,True,High
1,1,0.9985757,True,High
1,1,0.9973117,True,High
0,0,0.062380143,True,Low
0,0,0.06513598,True,Low
1,1,0.9827891,True,High
0,0,0.09839419,True,Low
1,1,0.9995097,True,High
0,0,0.008339572,True,Low
1,1,0.72735804,True,High
0,1,0.5007287,False,Medium
0,0,0.054165997,True,Low
0,0,0.032944538,True,Low
1,1,0.9931484,True,High
1,1,0.998662,True,High
0,0,0.077677675,True,Low
1,1,0.99087954,True,High
0,0,0.08907299,True,Low
1,1,0.9988386,True,High
0,0,0.018460209,True,Low
0,0,0.012863984,True,Low
1,1,0.9997075,True,High
0,0,0.15680568,True,Low
0,0,0.022349758,True,Low
1,1,0.9997453,True,High
0,0,0.024364969,True,Low
1,1,0.9996094,True,High
0,1,0.7780878,False,High
0,0,0.020481767,True,Low
0,0,0.06745866,True,Low
1,1,0.99741423,True,High
0,0,0.07212827,True,Low
0,0,0.048922125,True,Low
1,1,0.7407958,True,High
1,1,0.99140066,True,High
1,1,0.99977785,True,High
1,1,0.99833256,True,High
0,0,0.030814003,True,Low
1,0,0.3933245,False,Medium
1,1,0.97465056,True,High
1,1,0.92695,True,High
1,1,0.99962366,True,High
1,1,0.99963045,True,High
1,0,0.071626276,False,Low
1,1,0.99319094,True,High
1,1,0.9984092,True,High
1,1,0.9968104,True,High
1,1,0.96619916,True,High
1,1,0.99262035,True,High
0,0,0.047849808,True,Low
1,1,0.89292854,True,High
0,0,0.26606485,True,Low
0,1,0.6724034,False,Medium
0,0,0.009837118,True,Low
1,1,0.9431709,True,High
1,1,0.99740124,True,High
0,0,0.08310243,True,Low
1,1,0.8514365,True,High
0,0,0.09830791,True,Low
1,1,0.99971217,True,High
1,1,0.9940236,True,High
1,1,0.99977463,True,High
1,1,0.98832405,True,High
1,1,0.9994802,True,High
0,0,0.031991526,True,Low
1,1,0.9151627,True,High
0,0,0.044392504,True,Low
0,0,0.010339506,True,Low
1,1,0.9982445,True,High
0,0,0.10689894,True,Low
1,1,0.99977857,True,High
0,0,0.028428959,True,Low
0,0,0.035744447,True,Low
1,1,0.99964833,True,High
1,1,0.9952153,True,High
1,1,0.9999466,True,High
1,1,0.9922057,True,High
1,1,0.9946602,True,High
1,1,0.9998611,True,High
1,1,0.9994789,True,High
0,0,0.013979707,True,Low
1,1,0.99604493,True,High
0,0,0.039783362,True,Low
1,1,0.993555,True,High
0,1,0.614403,False,Medium
0,0,0.017650688,True,Low
0,0,0.03895003,True,Low
0,0,0.029184315,True,Low
1,1,0.99604946,True,High
1,1,0.99726284,True,High
0,0,0.020012802,True,Low
0,0,0.09278505,True,Low
1,1,0.99955314,True,High
1,1,0.99887604,True,High
0,0,0.12690821,True,Low
0,0,0.079533584,True,Low
1,1,0.9481077,True,High
1,1,0.98885554,True,High
0,0,0.07034574,True,Low
1,1,0.99865556,True,High
1,1,0.996311,True,High
1,1,0.6531138,True,Medium
1,1,0.96994376,True,High
0,0,0.043028582,True,Low
1,1,0.99766135,True,High
1,1,0.8924454,True,High
1,1,0.98440474,True,High
0,0,0.0056817434,True,Low
1,1,0.8926908,True,High
0,0,0.05802342,True,Low
1,1,0.93326753,True,High
0,0,0.06620705,True,Low
0,0,0.061539445,True,Low
0,0,0.05155844,True,Low
0,0,0.013744666,True,Low
0,0,0.04897028,True,Low
1,1,0.99807054,True,High
0,0,0.10355492,True,Low
0,0,0.058301985,True,Low
1,1,0.9992341,True,High
0,0,0.03521245,True,Low
1,1,0.99184966,True,High
1,1,0.99660504,True,High
1,1,0.99981934,True,High
0,0,0.09667527,True,Low
1,1,0.9954796,True,High
0,0,0.07097155,True,Low
1,1,0.99971586,True,High
1,1,0.99827206,True,High
0,0,0.020453708,True,Low
0,1,0.9441287,False,High
1,1,0.9957919,True,High
1,1,0.97334474,True,High
1,1,0.9870235,True,High
0,1,0.8430195,False,High
0,0,0.057655215,True,Low
0,0,0.047611725,True,Low
1,1,0.99415004,True,High
0,0,0.06555449,True,Low
1,1,0.99888164,True,High
0,0,0.024215985,True,Low
0,0,0.0459767,True,Low
0,0,0.026086105,True,Low
0,0,0.07401771,True,Low
1,1,0.9982066,True,High
0,0,0.027007222,True,Low
1,1,0.99963236,True,High
1,1,0.99443454,True,High
0,0,0.016192356,True,Low
1,1,0.98383385,True,High
1,1,0.99649507,True,High
0,0,0.018443847,True,Low
0,0,0.05226851,True,Low
1,1,0.97835577,True,High
1,1,0.97508776,True,High
1,0,0.46484017,False,Medium
1,1,0.9998393,True,High
1,1,0.9960103,True,High
0,1,0.95416117,False,High
0,0,0.039415646,True,Low
1,1,0.998401,True,High
0,0,0.016563272,True,Low
0,0,0.014307956,True,Low
1,1,0.9998267,True,High
